region,state,district,year,rainfall_mm,groundwater_level_m,water_extraction_mcm,water_recharge_mcm,population,water_demand_mld,water_supply_mld,scarcity_index
East,West Bengal,District_7,2023,1039.08,37.14,233.61,251.13,3112042,180.48,176.04,0.0245
West,Gujarat,District_63,2007,861.29,18.02,101.43,79.36,3225548,692.15,659.72,0.0468
Central,Madhya Pradesh,District_27,2021,737.35,10.8,148.23,136.25,1322371,58.38,49.03,0.1576
Central,Chhattisgarh,District_23,2018,752.95,21.19,73.53,25.63,1515942,185.09,156.2,0.1552
East,Jharkhand,District_9,2000,918.91,30.44,73.47,54.87,2601644,315.03,344.04,-0.0918
East,Bihar,District_56,2007,501.07,47.23,223.35,222.52,1480689,85.26,63.94,0.2471
North,Haryana,District_7,2017,613.97,25.77,69.97,27.23,2572489,409.68,416.3,-0.0161
West,Rajasthan,District_140,2013,854.71,26.96,218.55,233.76,2110505,378.89,338.42,0.1065
South,Karnataka,District_115,2018,961.22,46.25,85.66,99.98,1326736,282.61,249.27,0.1176
West,Gujarat,District_2,2005,1146.89,37.87,216.51,199.57,1782640,161.45,150.75,0.0659
East,Jharkhand,District_88,2008,990.74,5.58,346.2,314.42,2048643,190.17,219.12,-0.1514
Central,Madhya Pradesh,District_56,2010,792.18,11.54,266.29,233.08,2124818,113.31,116.43,-0.0273
East,West Bengal,District_24,2012,477.72,5.05,150.18,154.17,504570,73.89,83.28,-0.1255
East,West Bengal,District_92,2011,1207.9,28.94,171.05,123.31,1221914,216.21,204.11,0.0557
North,Himachal Pradesh,District_68,2001,889.97,27.09,183.99,211.95,2031716,155.04,117.86,0.2383
East,Assam,District_138,2003,1338.1,24.82,223.35,197.71,2847868,241.71,240.93,0.0032
South,Kerala,District_21,2017,679.01,5.7,144.03,161.13,58585,8.93,16.75,-0.7885
South,Andhra Pradesh,District_93,2018,1108.24,7.06,192.4,204.92,2138091,429.03,418.58,0.0243
West,Rajasthan,District_18,2001,703.43,12.94,183.86,148.42,1642880,155.84,173.5,-0.1125
South,Karnataka,District_75,2002,808.25,27.64,200.6,175.21,3026243,254.03,271.41,-0.0681
South,Karnataka,District_26,2012,984.37,21.38,78.82,88.51,3375011,287.96,280.67,0.0252
West,Gujarat,District_117,2020,491.62,16.44,142.6,169.65,828168,178.71,177.88,0.0046
South,Telangana,District_42,2011,877.58,32.45,257.4,244.93,2237809,486.54,498.38,-0.0243
South,Telangana,District_54,2021,832.41,34.26,280.87,291.86,2923926,539.65,534.38,0.0098
West,Gujarat,District_19,2019,887.29,41.19,291.52,309.46,1674066,123.17,150.11,-0.217
South,Tamil Nadu,District_137,2023,960.74,30.36,256.49,285.17,1622618,301.34,305.19,-0.0127
South,Karnataka,District_42,2014,1019.84,42.21,255.95,227.13,389705,80.45,44.65,0.4395
South,Kerala,District_70,2020,208.48,14.38,251.4,216.02,2219664,295.2,305.64,-0.0352
Central,Chhattisgarh,District_57,2021,1180.14,11.06,140.87,114.84,2703130,524.78,524.44,0.0006
East,Odisha,District_15,2007,942.68,44.61,306.77,261.92,806971,162.8,147.32,0.0945
West,Maharashtra,District_81,2012,948.95,35.21,249.07,261.13,1153848,49.91,42.87,0.1383
West,Gujarat,District_17,2006,559.28,10.58,166.28,136.74,1032026,163.44,150.82,0.0768
North,Uttarakhand,District_81,2006,831.29,14.73,130.76,82.92,2246660,286.7,248.75,0.1319
North,Punjab,District_102,2020,688.95,22.85,161.52,139.91,1433175,280.26,292.99,-0.0453
East,Assam,District_37,2008,1679.5,38.89,72.65,23.08,951093,201.35,162.74,0.1908
Central,Madhya Pradesh,District_64,2023,891.27,19.77,64.48,20.22,1946760,271.57,258.65,0.0474
Central,Chhattisgarh,District_138,2008,634.13,14.89,200.73,200.92,703105,146.6,124.4,0.1504
North,Uttarakhand,District_110,2018,732.87,29.36,88.18,68.98,3433965,359.04,369.98,-0.0304
South,Kerala,District_93,2007,612.86,42.74,99.62,72.91,382654,35.53,4.83,0.8405
Central,Madhya Pradesh,District_131,2015,568.75,40.89,311.45,268.39,2592913,106.14,89.04,0.1595
East,Bihar,District_13,2003,744.34,44.56,68.01,51.7,681326,109.67,115.06,-0.0487
Central,Madhya Pradesh,District_41,2021,864.23,9.44,344.73,307.62,242897,11.05,38.25,-2.2573
East,Jharkhand,District_17,2012,767.86,8.1,211.45,179.85,18051,3.86,-0.44,0.884
South,Kerala,District_120,2016,1204.91,42.42,116.37,113.46,1275386,197.35,172.89,0.1233
West,Gujarat,District_142,2000,904.24,17.5,290.6,298.94,2140403,372.28,383.46,-0.03
East,West Bengal,District_138,2008,1023.78,10.85,83.45,79.19,115235,13.09,30.09,-1.2066
East,Odisha,District_29,2009,767.02,28.36,267.23,244.42,2750988,426.1,417.34,0.0205
East,Jharkhand,District_41,2014,717.07,33.54,186.35,157.94,2852579,404.74,422.84,-0.0446
North,Uttar Pradesh,District_68,2016,804.97,6.41,87.31,92.39,93781,15.63,10.07,0.3345
South,Tamil Nadu,District_130,2003,671.72,6.7,202.57,194.69,1519544,187.88,169.15,0.0992
South,Andhra Pradesh,District_130,2019,809.17,2.73,330.7,320.61,1367695,216.87,234.65,-0.0816
West,Rajasthan,District_40,2011,1046.89,5.39,246.3,274.18,2855735,597.54,584.38,0.022
South,Tamil Nadu,District_139,2016,1344.08,24,218.23,172.91,1563098,293.36,274.5,0.0641
North,Uttar Pradesh,District_83,2015,553.41,11.92,139.45,152.28,1329093,57.52,80.44,-0.3916
North,Uttar Pradesh,District_29,2011,763.8,17.31,305.01,333.15,80953,7.04,-0.17,0.8962
South,Andhra Pradesh,District_62,2001,958.13,35.26,161.02,116.09,546831,94.23,63.96,0.3178
South,Karnataka,District_146,2002,667.88,38.03,293.98,244.74,2198151,138.45,149.7,-0.0807
East,Bihar,District_125,2002,743.15,29.87,311.46,296.51,1370531,160.65,134.34,0.1628
Central,Chhattisgarh,District_33,2004,785.78,45.32,206.52,170.41,3080173,288.23,310.73,-0.0778
North,Punjab,District_141,2005,973.25,4.57,337.98,300.21,1788832,174.37,133.11,0.2352
West,Gujarat,District_136,2019,927.16,32.33,190.05,196.59,2332336,325.75,339.79,-0.043
East,Jharkhand,District_55,2017,1066.64,47.42,286.58,307.5,1153356,148.78,174.46,-0.1715
West,Rajasthan,District_80,2012,314.8,44.61,161.77,182.4,1791203,293.48,260.71,0.1113
South,Telangana,District_113,2016,1395.72,43.61,303.16,299.07,2151233,239.64,202.75,0.1533
East,Assam,District_31,2007,912.42,13.19,228.58,189.53,2064365,384.6,343.56,0.1064
South,Karnataka,District_17,2010,570.68,49.33,278.48,278.38,2132022,270.13,271.78,-0.0061
North,Uttar Pradesh,District_142,2007,614.58,17.85,185.99,195.7,805141,40.37,61.45,-0.5098
North,Uttarakhand,District_57,2000,1132.95,7.64,248.27,218.59,1565284,129.53,129.51,0.0001
East,Bihar,District_16,2007,662.86,27.36,186.54,152.37,1568068,336.47,363.24,-0.0793
East,Bihar,District_9,2010,887.33,44.77,213.03,163.6,2396028,204.95,182.8,0.1076
East,Bihar,District_132,2007,703.49,49.8,262.11,261.37,3333230,160.6,169.52,-0.0552
West,Gujarat,District_125,2006,629.21,47.62,318.18,311.72,81203,8.15,25.43,-1.887
Central,Chhattisgarh,District_34,2023,561.45,13.01,137.12,138.29,806267,175.38,153.02,0.1268
North,Uttarakhand,District_148,2015,1344.96,27.73,149.76,114.66,705907,62.67,82.68,-0.3143
South,Karnataka,District_122,2013,1371.71,46.12,84,43.86,3479442,167.5,195.52,-0.1663
West,Rajasthan,District_25,2003,415.51,20.07,295.06,246.08,127816,13.78,-12.44,1.7739
East,Jharkhand,District_91,2013,1222.99,29.32,78.42,105.47,285846,25.5,51.27,-0.9725
East,Jharkhand,District_120,2023,795,43.51,295.74,245.76,2347517,479.76,465.88,0.0289
West,Maharashtra,District_26,2001,1158.76,20.14,129.91,143.51,2015896,426.82,411.36,0.0361
South,Kerala,District_87,2003,1127.6,12.97,254.79,235.34,3196915,282.48,310.82,-0.1
South,Karnataka,District_50,2006,0,41.91,149.26,113.94,875395,123.4,87.65,0.2874
Central,Chhattisgarh,District_115,2004,824.89,21.37,98.86,126.56,1107814,200.78,182.83,0.089
East,Jharkhand,District_47,2008,956.87,31.19,244.63,230.24,795722,161.33,165.21,-0.0239
East,Assam,District_64,2002,913.88,26.67,287.26,285.54,85390,11.46,-10.86,1.7911
East,Assam,District_141,2003,845.49,42.42,282.99,307.69,2335929,354.47,358.41,-0.0111
West,Maharashtra,District_139,2000,1297.51,12.04,228.1,230.77,676614,42.76,63.16,-0.4661
East,Bihar,District_61,2005,591.65,18.59,320.07,312.15,2444020,525.86,510.71,0.0287
East,Jharkhand,District_125,2015,1036.55,12.74,298.32,300.71,1100244,50.31,39.15,0.2174
West,Rajasthan,District_103,2001,299.16,44.92,97.34,100.93,1276466,60.09,30.14,0.4903
South,Tamil Nadu,District_98,2000,1043.62,32.14,83.71,43.82,1444551,73.66,82.9,-0.1237
South,Kerala,District_68,2014,1071.97,10.86,120.71,121.07,650605,53.68,26.68,0.4938
South,Andhra Pradesh,District_109,2022,1112.1,27.5,268.95,293.96,1209682,103.35,79.85,0.2252
Central,Chhattisgarh,District_125,2004,908.01,27.54,91.08,85.29,1693050,188.76,210.89,-0.1166
West,Rajasthan,District_76,2006,1171.21,37.4,112.86,97.75,2207614,123.75,113.6,0.0814
West,Maharashtra,District_149,2023,703.29,24.75,162.98,141.07,401193,22.32,12.04,0.4409
Central,Chhattisgarh,District_16,2023,565.89,30.17,276.18,271.64,2708714,293.03,297.72,-0.016
East,Odisha,District_15,2001,963.28,13.73,204.49,208.06,436240,36.08,58.44,-0.6032
North,Uttarakhand,District_123,2016,1135.13,9.34,131.33,148.47,202210,11.29,-19.15,2.4773
North,Haryana,District_41,2001,948.71,46.03,61.54,13.53,2224373,157.4,137.25,0.1272
North,Haryana,District_21,2005,1154.2,46.61,221.46,205.73,2945098,562.35,576.97,-0.026
East,Bihar,District_18,2021,1079.36,27.43,265.1,233.67,1630397,235.79,254.22,-0.0778
South,Karnataka,District_104,2003,671.86,25.09,214.45,240.31,2878793,350.55,339.4,0.0317
North,Uttarakhand,District_64,2018,507.94,34.86,85.48,104.38,3269600,578.2,563.53,0.0253
North,Himachal Pradesh,District_11,2019,964.31,24.64,179.43,181.52,622812,118.03,75.65,0.356
East,Bihar,District_108,2021,1003.92,47.04,112.56,137.24,1107501,53.89,25.27,0.5213
North,Uttarakhand,District_145,2016,730.88,41.74,277.65,243.68,888172,65.33,77.65,-0.1858
East,Odisha,District_67,2006,1107.86,17.18,230.61,205.97,3351007,398.92,400.65,-0.0043
East,Odisha,District_62,2008,968.17,24.21,147.4,117.59,3310374,476.52,479.87,-0.007
South,Kerala,District_34,2021,1092.31,5.2,126.42,112.99,1642781,164.13,139.33,0.1501
South,Andhra Pradesh,District_118,2010,244.91,35.3,108.35,68.06,1331128,181.06,144.02,0.2035
East,Bihar,District_3,2014,763.53,16.96,132.06,102.55,1429397,109.8,86.25,0.2126
North,Himachal Pradesh,District_145,2003,1013.07,25.71,278.84,300.61,1511972,90.59,57.1,0.3656
East,Bihar,District_138,2006,824.44,40.27,103.48,115.14,2475491,442.96,472.05,-0.0655
North,Haryana,District_68,2004,625.95,30.73,224,196.7,1718194,175.64,192.02,-0.0927
South,Telangana,District_18,2007,947.77,21.24,193.98,148.2,148515,30.32,49.88,-0.6248
South,Telangana,District_73,2005,1133.96,6.84,134.24,106.16,828738,172.2,159.81,0.0715
East,Assam,District_140,2022,1034.68,35.95,104.24,88.13,1173521,61.5,85.7,-0.3872
South,Andhra Pradesh,District_136,2000,962.69,7,303.73,260.87,3195288,192.94,149.08,0.2262
Central,Chhattisgarh,District_77,2021,1610.83,21.15,75.88,79.07,526411,95.7,80.42,0.158
East,West Bengal,District_35,2008,1046.71,7.48,180.21,141.12,481725,49.3,53.28,-0.0791
East,West Bengal,District_28,2023,805.98,12.78,191.21,209.94,2616623,376.73,394.31,-0.0466
Central,Chhattisgarh,District_40,2008,1367.33,3.63,150.33,117.89,1060482,163.11,192.13,-0.1768
South,Andhra Pradesh,District_54,2022,615.19,48.13,103.11,99.94,1684595,229.63,245.8,-0.0701
East,Odisha,District_53,2021,1044.67,16.38,149.88,148.1,148554,11.55,-25.8,2.9752
West,Gujarat,District_130,2015,739.37,3.75,196.9,181.71,1213097,112.73,89.18,0.2071
West,Gujarat,District_14,2002,746.88,27.33,214.99,206.51,315709,56.12,78.4,-0.39
East,Jharkhand,District_71,2001,741.04,38.16,138.97,97.17,922425,104.76,132.86,-0.2657
North,Uttar Pradesh,District_86,2004,837.97,9.5,267.63,244.92,3145176,438.15,449.11,-0.025
West,Gujarat,District_42,2023,907.16,30.56,158.39,142.83,3200714,504.09,516.23,-0.024
East,Assam,District_142,2022,504.96,6.77,130.52,102.74,993039,183.94,141.74,0.2282
East,Jharkhand,District_144,2000,425.89,6.17,243.64,214.77,2041580,91.41,107.81,-0.1774
East,West Bengal,District_20,2022,647.85,29.99,182.21,140.8,275910,42.06,46.87,-0.1117
Central,Madhya Pradesh,District_140,2001,771.62,3.64,300.89,303.27,1720215,239.74,237.03,0.0113
South,Telangana,District_150,2017,1204.79,16.13,335.05,303.96,2011055,121.8,109.36,0.1013
Central,Madhya Pradesh,District_111,2004,894.43,10.74,200.59,189.59,2059424,283.16,265.65,0.0616
West,Maharashtra,District_79,2011,993.42,14.38,100.41,63.62,131739,8.41,-29.14,3.9913
West,Maharashtra,District_92,2006,1208.85,41.48,213.6,178.4,203456,18.17,6.61,0.6031
South,Karnataka,District_27,2011,1222.4,33.27,300.63,314.11,1104385,72.01,82.23,-0.14
Central,Chhattisgarh,District_105,2019,1155.19,14.04,243.6,234.06,239137,48.93,47.52,0.0282
Central,Madhya Pradesh,District_61,2005,643.37,20.39,210.49,236.73,1164947,247.61,263.79,-0.065
South,Tamil Nadu,District_106,2000,941.22,5.28,302.75,297.78,2053435,347.91,355.63,-0.0221
South,Tamil Nadu,District_86,2013,837.69,29.19,198.05,174.96,1330573,85.56,79.27,0.0726
South,Karnataka,District_69,2005,983.37,9.78,304.04,266.33,694418,102.38,107.31,-0.0477
East,West Bengal,District_98,2001,418.53,39,90.91,114.9,2805416,320.67,297.8,0.0711
North,Punjab,District_57,2006,635.49,5.64,82.55,112.36,2852981,116.82,139.09,-0.189
East,Assam,District_90,2009,1544.82,17.1,294.15,247.19,195553,32.13,23.03,0.2746
South,Karnataka,District_58,2000,1093.65,38.43,269.99,249.01,479071,40.69,33.99,0.1609
West,Rajasthan,District_103,2010,1260.12,12.62,346.42,300.9,1579718,75.75,61.63,0.184
West,Gujarat,District_18,2008,353.3,7.79,272,286.59,219615,47.17,6.35,0.8474
South,Telangana,District_131,2012,821.74,24.76,309.99,272.43,3197993,428.65,410.31,0.0427
Central,Chhattisgarh,District_85,2000,543.26,28.91,199.51,158.71,149055,17.8,17.46,0.0179
East,West Bengal,District_67,2005,1295.93,29.48,293.15,280.08,2258541,219.93,202.98,0.0767
North,Uttarakhand,District_68,2001,974.77,13.18,67.08,27.47,3286069,131.58,147.67,-0.1214
East,West Bengal,District_112,2011,1149.1,20.43,330.45,354.85,3005893,309.99,282.45,0.0886
East,Odisha,District_112,2019,757.24,32.12,313.37,264.64,3001249,169.59,174.36,-0.028
North,Haryana,District_30,2012,204.31,27.08,272.36,302.09,2222148,230.73,239.19,-0.0365
North,Uttarakhand,District_49,2008,618.84,4.02,65.18,16.17,181472,10.83,11.46,-0.053
West,Maharashtra,District_112,2000,685.02,7.97,337.36,303.52,846460,47.48,46.16,0.0272
North,Haryana,District_138,2021,1546.72,10.02,347.44,358.91,1513771,288.84,301.55,-0.0438
West,Rajasthan,District_94,2013,714.11,41.87,94.9,121.14,1310160,104.4,120.42,-0.152
East,Bihar,District_85,2019,721.53,4.78,341.04,300.34,91898,13.56,4.18,0.6442
East,Odisha,District_32,2023,1232.92,14.49,209.42,200.13,1054504,71.39,40.2,0.4308
South,Andhra Pradesh,District_130,2009,702.54,27.77,231.95,215.55,2877689,352.05,352.71,-0.0019
East,Jharkhand,District_84,2012,702.99,15.1,198.24,224.69,2725241,531.92,501.21,0.0576
South,Andhra Pradesh,District_142,2004,1084.39,6.18,178.45,178.64,1740690,296.29,289.1,0.0242
West,Rajasthan,District_108,2021,1462.86,5.89,123.85,99.19,1150564,222.31,215.17,0.032
South,Kerala,District_45,2019,1607.54,41.58,160.86,136.62,1313266,256.89,231.84,0.0971
North,Uttarakhand,District_78,2012,751.36,27.02,311.77,322.14,505042,99.05,75.92,0.2312
Central,Chhattisgarh,District_1,2009,1040.68,34.65,239.4,209.18,1741470,346.02,303.92,0.1213
South,Andhra Pradesh,District_54,2013,1140.08,24.34,314.93,344.52,2639159,264.76,239,0.0969
North,Uttarakhand,District_83,2014,1003.23,41.94,207.17,236.65,503972,76.12,32.53,0.5652
East,Assam,District_114,2021,789.87,32.33,135.34,114.62,1389572,250.64,272.62,-0.0873
West,Rajasthan,District_131,2015,969.83,48.22,159.14,138.53,1679221,294.98,265.82,0.0985
South,Tamil Nadu,District_22,2009,1341.69,10.34,283.55,237.76,1569623,262.87,287.82,-0.0946
North,Haryana,District_86,2002,393.21,31.8,73.27,33.54,1178950,252.76,226.54,0.1033
South,Karnataka,District_80,2007,1170.2,8.24,279.9,307.93,2760226,518.57,520.68,-0.0041
West,Rajasthan,District_38,2000,741.05,2.05,106.09,98.61,1733224,101.21,67.15,0.3333
West,Maharashtra,District_63,2015,1104.74,27.3,299.52,305.65,459191,25.18,4.14,0.8037
North,Himachal Pradesh,District_19,2014,541.51,47.64,103.81,99.22,1116844,227.52,193.22,0.1501
East,Jharkhand,District_148,2006,1144.29,48.3,280.43,275.04,1855634,210.95,173.89,0.1748
South,Kerala,District_127,2012,700.96,3.49,248.98,249.5,446374,55.74,45,0.1893
South,Karnataka,District_38,2020,712.65,9.64,119.07,141.78,1465503,261.98,228.62,0.1268
North,Uttar Pradesh,District_28,2013,1079.96,8.3,69.43,25.76,1902106,139.58,134.92,0.0331
South,Karnataka,District_46,2022,1272.16,2.06,233.51,214.93,2032107,238.68,253.64,-0.0624
North,Haryana,District_119,2001,692.57,29.93,138.01,104.2,3415074,741.7,760.48,-0.0253
Central,Chhattisgarh,District_64,2003,896,24.3,257.33,255.69,403590,59.73,67.86,-0.1338
East,Assam,District_35,2014,1120.02,39.43,71.49,63.05,1896175,125.65,147.94,-0.176
North,Haryana,District_144,2019,1019.13,29.4,65.33,56.74,1684211,280.33,268.35,0.0426
East,Odisha,District_114,2019,654.63,18.83,69.63,93.34,1900077,186.16,142.85,0.2314
North,Haryana,District_110,2017,910.54,11.64,261.03,225.31,736001,51.63,73.79,-0.421
East,Assam,District_41,2023,1291.82,3.52,331.5,357.34,1220663,114.49,74.35,0.3476
North,Punjab,District_116,2008,1158.9,47.47,241.34,208.66,1612690,205.12,185.56,0.0949
South,Karnataka,District_71,2016,1503.65,39.62,199.46,226.2,634369,75.46,51.1,0.3186
North,Punjab,District_62,2008,1228.23,30.48,248.59,240.24,2195338,174.44,131.25,0.2462
East,Assam,District_20,2022,611.16,39.91,251.03,241.17,2918633,127.7,108.71,0.1476
South,Andhra Pradesh,District_61,2008,751.8,17.95,217.32,207.86,2041395,154.98,133.96,0.1347
East,Odisha,District_82,2017,827.93,43.68,270.88,241.46,2972715,455.35,430.2,0.0551
East,Bihar,District_36,2004,432.8,38.85,206.41,192.94,1406538,202.77,199.87,0.0142
South,Karnataka,District_99,2022,870.49,43.92,321.2,317.47,1993281,435.7,444.41,-0.0199
Central,Madhya Pradesh,District_55,2002,1398.63,19.24,171.32,164.05,275116,47.31,67.44,-0.4167
East,Jharkhand,District_105,2010,1038.33,10.62,128.89,81.18,1358862,155.38,180.19,-0.1587
Central,Chhattisgarh,District_120,2013,972.99,22.98,88.24,85.84,637605,84.59,87.65,-0.0357
West,Maharashtra,District_53,2013,576.44,20.77,341.13,350.48,2105212,87.63,73.5,0.1594
South,Kerala,District_150,2022,989.38,30.74,175.03,186.07,1299382,107.18,131.67,-0.2264
North,Uttar Pradesh,District_148,2012,921.51,18.18,300.38,295.91,2881451,420.17,379.03,0.0977
North,Punjab,District_2,2011,540.76,14.12,164.18,163.83,313090,54.02,34.24,0.3596
South,Andhra Pradesh,District_100,2013,1240.06,40.67,229.75,190.29,3292419,451.66,479.1,-0.0606
Central,Chhattisgarh,District_140,2019,874.93,49.36,95.66,107.17,1222068,189.67,202.81,-0.069
South,Karnataka,District_125,2007,953.46,35.03,175.24,166.85,1822610,74.53,33.14,0.548
West,Gujarat,District_112,2015,649.52,32.68,311.7,305.32,1070146,136.97,116.96,0.1451
North,Uttar Pradesh,District_100,2010,1210.29,11.69,255.3,207.7,662296,113.62,131.9,-0.1596
South,Kerala,District_43,2014,608.83,13.26,339.37,348.95,2160472,412.35,371.5,0.0988
Central,Madhya Pradesh,District_137,2000,891.35,31.66,311.98,296.33,503011,30.36,0.7,0.9458
South,Kerala,District_145,2021,1460.95,46.1,234.18,188.91,2879781,319.36,300.51,0.0588
North,Uttar Pradesh,District_22,2020,984.74,49.97,73.98,25.81,2840896,621.59,595.16,0.0425
East,Jharkhand,District_35,2014,688.8,6.34,143.72,164.99,534777,60.29,65.77,-0.0893
South,Tamil Nadu,District_13,2008,1193.14,38.59,291.37,286.52,1953762,210.27,218,-0.0366
South,Kerala,District_84,2006,1059.59,33.16,155.23,134.81,1976977,220.06,197.9,0.1002
East,Assam,District_84,2010,622.41,13.4,168.24,180.06,649122,96.47,76.36,0.2064
South,Kerala,District_72,2013,297.05,31.74,194.41,194.03,240049,50.71,17.18,0.6485
West,Gujarat,District_21,2015,443.41,24.88,174.37,160.41,3373509,571.01,529.34,0.0728
North,Uttar Pradesh,District_139,2001,947.87,2.88,116.78,146.17,74182,3.92,-37.68,8.4568
South,Telangana,District_58,2020,567.72,11.46,198.96,213.4,1372133,174.89,185.63,-0.0611
East,Bihar,District_11,2000,1328.61,15.67,149.11,114.87,439226,63.5,86.78,-0.3609
South,Karnataka,District_52,2000,699.28,48.88,298.72,286.92,769950,125.19,141.59,-0.1299
North,Himachal Pradesh,District_40,2007,1336.43,27.21,265.62,287.07,2841684,244.9,202.68,0.1717
Central,Madhya Pradesh,District_122,2021,1291.28,28.41,72.59,51.94,1009170,40.84,22.99,0.4266
East,West Bengal,District_145,2006,878.96,26.73,232.13,198.63,536998,80.54,79.71,0.0101
East,Assam,District_66,2011,551.72,39.47,139.69,103.88,2275134,364.38,387.22,-0.0625
South,Tamil Nadu,District_30,2005,705.99,31.95,191.01,174.08,210246,17.31,-17.88,1.9219
South,Andhra Pradesh,District_28,2018,1591.05,10.57,150.56,162.14,579678,80.23,92.83,-0.1552
North,Uttar Pradesh,District_80,2018,370.19,20.76,232.4,222.66,2080153,186,171.22,0.079
South,Kerala,District_102,2022,727.01,23.4,270.11,298.84,1173423,74.06,96.25,-0.2957
West,Rajasthan,District_20,2018,1431.02,36.77,227.73,235.8,1379973,121,102.6,0.1508
South,Karnataka,District_27,2022,443.18,19.61,159.63,140.26,131492,17.55,42.47,-1.3442
South,Andhra Pradesh,District_31,2018,1342.67,40.42,127.78,114.58,857981,125.87,104.86,0.1656
West,Maharashtra,District_89,2017,830.98,11.14,75.18,74.9,2761981,387.78,362.99,0.0638
East,Jharkhand,District_95,2002,469.35,24.33,77.44,62.46,2566331,546.88,529.26,0.0322
North,Haryana,District_88,2000,710.72,21.65,182.58,146.84,1132195,116.12,96.25,0.1696
East,Jharkhand,District_126,2003,1046.38,40.18,328.88,340.11,2299146,155.04,110.61,0.2848
East,Jharkhand,District_93,2020,920.44,42.42,211.08,191.19,1119849,203.61,168.76,0.1703
East,Assam,District_40,2013,1118.42,31.21,206.98,224.24,2630804,122.36,129.62,-0.0589
South,Tamil Nadu,District_134,2020,679.92,6.21,331.72,317.41,404954,45.13,41.59,0.0767
West,Gujarat,District_138,2015,527.25,30.83,209.55,166,1598246,349.36,315.5,0.0966
East,Assam,District_112,2023,922.91,20.27,314.61,275.17,1137437,74.42,88.52,-0.187
North,Uttarakhand,District_69,2010,872.31,41.3,153.53,181.7,2037234,336.33,340.37,-0.012
South,Karnataka,District_23,2008,914.15,41.48,98.43,59.47,3166629,206.01,168.64,0.1805
East,Assam,District_63,2014,947.74,41.81,152.08,105.86,38429,2.55,4.98,-0.686
North,Uttarakhand,District_98,2010,1042.17,22.76,150.43,139.94,266537,23.99,-9.87,1.355
North,Uttar Pradesh,District_127,2010,915.12,2.02,65.13,46.93,2336046,157.37,182.77,-0.1604
South,Tamil Nadu,District_125,2006,840.24,4.79,348.51,373.89,3018447,282.3,280.02,0.008
South,Telangana,District_67,2010,1317.4,10.19,81.64,49.03,3188869,185.55,163.64,0.1175
West,Gujarat,District_71,2017,904.39,49.84,296.05,276.83,2547147,181.55,162.37,0.1051
North,Uttar Pradesh,District_133,2006,695.96,42.7,270.05,236.68,2169174,262.39,277.79,-0.0585
East,Bihar,District_62,2023,572.37,41.72,272.75,241.2,1256597,106.49,126.45,-0.1857
East,Jharkhand,District_126,2017,395.45,22.09,289.2,272.63,1349742,87.3,77.15,0.1149
South,Karnataka,District_122,2020,621.65,28.3,191.77,154.22,1846094,123.44,143.9,-0.1644
North,Punjab,District_115,2000,891.34,43.5,130.61,108.47,612218,65.91,66.33,-0.0062
East,Bihar,District_76,2007,1311.93,44.82,337.05,304.09,1940544,317.99,315.17,0.0088
South,Kerala,District_63,2009,841.39,14.22,303.85,330.78,1710675,308.97,277.08,0.1029
North,Uttarakhand,District_95,2015,219.12,23.61,125.82,84.67,1837550,244.97,263.71,-0.0762
Central,Chhattisgarh,District_136,2011,872.75,37.4,208.54,184.13,2837988,132.94,106.98,0.1939
East,Jharkhand,District_141,2010,1206.06,7.06,70.32,59.63,3074513,378.63,334.26,0.1169
South,Telangana,District_117,2008,1061.1,48.6,333.27,300.56,1514698,108.06,130.68,-0.2074
South,Andhra Pradesh,District_65,2007,1232,14.72,66.07,89.5,386931,78.08,49.4,0.3627
East,West Bengal,District_50,2010,1101.31,12.94,343.04,319.65,2858586,176.8,160.68,0.0907
East,West Bengal,District_138,2022,1079.67,27.45,72.17,24.69,1018171,94.39,50.89,0.456
South,Tamil Nadu,District_50,2006,1242.9,30.89,228.9,199.06,1073079,162,180.25,-0.112
North,Punjab,District_71,2023,667.87,20.05,219.53,218.43,2582793,541.75,553.7,-0.022
North,Uttarakhand,District_135,2019,956.48,7.83,117.27,76.31,1316367,287.8,267.44,0.0705
South,Andhra Pradesh,District_26,2006,1108.93,14.4,217.76,196.88,1562261,192,158.85,0.1718
South,Andhra Pradesh,District_59,2011,799.15,36.97,285.17,262.68,2896738,282.75,256.26,0.0934
South,Tamil Nadu,District_78,2000,982.47,36.94,91.3,66.48,332875,62.31,76.3,-0.2209
Central,Chhattisgarh,District_33,2008,419.1,26.28,303.8,275.18,1067330,188.36,162.6,0.136
West,Maharashtra,District_14,2017,659.53,9.28,87.19,71.02,810928,143.54,161.53,-0.1245
South,Andhra Pradesh,District_33,2020,968.31,24.15,62.71,72.97,2555034,558.34,580.9,-0.0403
North,Punjab,District_27,2000,1260.64,11.79,220.97,192.33,3240830,488.38,466.79,0.0441
North,Uttarakhand,District_73,2015,781.61,20.01,216.22,204.29,1696641,300.27,327.62,-0.0908
North,Punjab,District_113,2010,680.23,47.99,166.7,170.55,1950090,373.55,368.27,0.0141
South,Tamil Nadu,District_14,2008,1081.52,26.1,96.17,95.34,3395355,577.12,540.65,0.0631
North,Punjab,District_30,2002,424.32,21.81,261.73,291.47,1942205,136.03,152.43,-0.1197
South,Kerala,District_126,2002,1308.01,20.61,176.67,136.73,1492852,232.32,257.45,-0.1077
North,Uttarakhand,District_14,2004,1331.79,28.91,235.01,210.89,1309929,194.38,222.66,-0.1447
Central,Madhya Pradesh,District_145,2009,1461.71,17.46,244.58,262.66,458031,45.88,17.01,0.6158
East,Bihar,District_64,2003,1165.39,26.83,187.66,205.86,305998,52.75,65.06,-0.229
Central,Chhattisgarh,District_107,2019,1090.97,19.83,78.14,44.03,1306210,224.73,232.28,-0.0334
North,Himachal Pradesh,District_58,2016,1027.59,25.82,111.69,86.82,656147,71.58,58.69,0.1776
South,Kerala,District_116,2014,597.12,30.21,113.5,114.52,2278089,158.9,136.38,0.1408
South,Andhra Pradesh,District_110,2009,1372.36,35.49,329.59,296.98,2042410,177.02,174.8,0.0125
North,Uttarakhand,District_16,2019,1368.7,43.89,304.16,319.27,2635308,322.76,316.53,0.0192
East,West Bengal,District_54,2020,892.3,22.97,271.56,240.32,3043149,245.1,265.24,-0.0819
West,Rajasthan,District_68,2021,1396.23,21.14,327.56,319.8,3052908,160.01,185.73,-0.1597
East,Bihar,District_41,2007,626.61,13.85,322.81,332.85,2013671,215.09,212.93,0.01
South,Tamil Nadu,District_142,2002,650.11,42.55,137.76,155.25,2379643,109.58,134.88,-0.2288
South,Tamil Nadu,District_1,2013,221.21,18.67,320.95,349.21,3037583,421.31,441.71,-0.0483
East,Assam,District_121,2009,1147.53,44.34,174.1,137.87,2607631,226.42,201.6,0.1091
West,Maharashtra,District_60,2009,589.09,29.14,194.54,146.78,568343,121.7,137.97,-0.1326
South,Andhra Pradesh,District_117,2002,1058.78,3.06,268.8,265.36,144350,23.54,12.66,0.4435
South,Karnataka,District_68,2020,1183.38,40,219.16,200.13,2424965,297.04,290.69,0.0213
North,Uttarakhand,District_51,2013,260.44,9.96,334.25,296.25,345817,19.91,-14.74,1.6574
East,West Bengal,District_140,2007,1357.14,15.95,288.22,309.27,2182354,267.69,293.8,-0.0971
Central,Madhya Pradesh,District_69,2004,826.94,39.74,118.4,127.71,2780331,383.89,357.01,0.0698
East,Bihar,District_16,2005,1000.13,9.76,134.09,88.36,2643263,574.38,546.48,0.0485
South,Andhra Pradesh,District_146,2009,665.55,3.3,78.91,71.79,189023,17.17,17.87,-0.0383
East,Assam,District_32,2014,754.85,23.68,175.24,197.77,2774364,592.62,607.34,-0.0248
South,Andhra Pradesh,District_104,2008,1238.15,27.12,143.27,109.84,1925947,172.87,179.45,-0.0378
North,Haryana,District_139,2015,580.31,45.05,210.86,205.05,886877,162.11,168.35,-0.0383
East,Assam,District_21,2019,1049.96,43.14,322.78,330.63,543423,71.33,56.48,0.2054
West,Maharashtra,District_111,2023,873.65,37.17,297.91,302.86,3200629,482.51,506.25,-0.0491
East,Odisha,District_65,2000,809.8,44.36,293.05,282.63,1431207,311.88,305.48,0.0205
East,Bihar,District_59,2021,1002.91,17.5,349.15,300.77,547726,34.71,13.19,0.6025
North,Uttarakhand,District_6,2021,727.46,6.47,68.52,32.68,3316017,180.04,155.17,0.1373
West,Gujarat,District_148,2001,994.78,41.32,216.83,190.01,3282960,409.75,378.12,0.077
South,Tamil Nadu,District_121,2016,817.29,24.04,163.76,154.22,548634,108.83,99.42,0.0857
East,Assam,District_72,2005,772.03,6.18,268.53,264.92,386233,39.64,35.86,0.0929
North,Uttarakhand,District_112,2020,815.47,37.94,248.83,229.16,3298216,631.48,626.13,0.0085
North,Punjab,District_24,2015,910.63,8.06,256.09,260.08,3366463,136.97,115.85,0.1531
South,Telangana,District_105,2010,937.95,10.02,250.03,200.69,1755534,158.47,140.26,0.1142
East,Odisha,District_27,2005,935.39,16.65,121.67,149.01,1026316,116.48,89.54,0.2293
East,Odisha,District_106,2022,1442.9,45.37,127.5,92.91,2163091,345.44,355.92,-0.0302
North,Punjab,District_74,2021,976.36,28.9,92.19,86.42,1721533,139.12,140.5,-0.0098
South,Kerala,District_141,2001,1082.11,8.18,179.7,145.51,2396306,278.11,304.96,-0.0962
East,Assam,District_23,2010,992.95,15.44,308.92,315.54,2651722,500.35,477.9,0.0448
West,Gujarat,District_83,2003,953.34,42.29,344.72,325.01,2553568,242.22,210.01,0.1324
South,Kerala,District_132,2000,1084.63,7.4,264.07,250.81,2679912,223.88,252.95,-0.1293
Central,Chhattisgarh,District_119,2013,791.79,24.5,147.37,129.5,1573242,127.03,102.26,0.1935
West,Maharashtra,District_49,2016,716.42,44.11,314.41,317.97,2429165,487.33,503.43,-0.033
South,Telangana,District_128,2020,941.65,5.79,129.46,95.89,2122037,248.81,258.73,-0.0397
East,Assam,District_14,2006,998.95,33.62,133.17,145.55,416067,25.25,48.21,-0.8747
West,Gujarat,District_141,2004,1290.08,45.66,254.07,217.73,327023,69.34,97.46,-0.3997
South,Andhra Pradesh,District_113,2022,754.98,45.71,194.69,213.68,3288523,393.99,378.46,0.0393
North,Punjab,District_32,2000,967.49,32.3,231.59,205.38,568091,91.89,112.02,-0.2166
North,Himachal Pradesh,District_62,2022,1103.65,48.6,136.18,144.45,1049586,182.47,174.5,0.0434
South,Tamil Nadu,District_80,2017,711.22,32.44,80.57,90.22,2269736,107.04,91.73,0.1417
North,Uttar Pradesh,District_142,2013,845.32,24.54,190.63,182.8,1945082,146.46,130.65,0.1072
East,Bihar,District_58,2003,985.31,15.47,120.03,108.7,2690685,521.31,547.59,-0.0503
East,Assam,District_31,2020,983.42,15.68,194.23,189.14,3177815,420.36,428.35,-0.019
Central,Madhya Pradesh,District_128,2022,980.85,46.72,175.13,198.17,2407919,326.73,290.74,0.1098
South,Andhra Pradesh,District_131,2022,777.97,34.42,73.01,66.96,3089174,276.33,276.74,-0.0015
West,Gujarat,District_107,2015,919.4,22.25,179.2,136.59,725644,62.75,42.15,0.3231
North,Punjab,District_63,2014,1194.55,47.79,269.2,230.17,662341,32.59,43.27,-0.3179
Central,Chhattisgarh,District_38,2012,625.89,4.86,235.1,210.17,1002073,160.08,130.06,0.1864
West,Rajasthan,District_131,2023,712.33,30.62,219.38,177.35,452625,44.26,18.03,0.5797
Central,Madhya Pradesh,District_18,2008,974.87,21.81,247.37,225.65,1491402,219.03,248.27,-0.1329
East,Jharkhand,District_88,2016,1098.3,31.4,313.37,285.45,1910066,331.16,321.41,0.0294
West,Gujarat,District_1,2009,965.3,41.79,347.47,311.87,2361920,273.9,281.77,-0.0286
South,Andhra Pradesh,District_149,2021,1649.87,4.1,95.67,80.98,1706870,211.63,180.38,0.147
North,Punjab,District_39,2014,764.02,5.23,172.34,134.2,2495547,402.12,411.46,-0.0232
Central,Chhattisgarh,District_124,2011,1180.16,23.43,291.53,255.74,618291,89.2,62.25,0.2988
East,Odisha,District_142,2017,712.23,6.75,318,347.01,2111952,94.9,95.43,-0.0055
South,Kerala,District_117,2010,1291.18,9.95,247.26,273.68,822744,84.13,102.55,-0.2163
West,Rajasthan,District_62,2018,1764.4,3.22,247.29,226.34,3280962,359.13,329.75,0.0816
South,Kerala,District_60,2013,657.66,42.66,214.01,176.68,630863,137.43,133.38,0.0293
West,Maharashtra,District_82,2023,958.34,35.04,100.76,91.91,843791,182.21,172.32,0.054
North,Punjab,District_98,2012,405.16,17.03,102.65,93.62,723521,146.16,167.45,-0.1447
Central,Madhya Pradesh,District_127,2001,493.73,47.88,151.05,109.98,1749339,383.24,372.33,0.0284
Central,Madhya Pradesh,District_129,2018,956.53,9.28,68.97,21.31,450477,61.92,80.36,-0.2931
East,Odisha,District_26,2014,682.18,28.58,217.09,186.14,2773010,529.48,532.76,-0.0062
East,West Bengal,District_135,2014,1051.99,10.5,207.16,182.97,2859180,611.74,599.91,0.0193
North,Uttar Pradesh,District_37,2013,1137.65,18.67,228.34,247.2,2954362,198.22,166.96,0.1569
Central,Madhya Pradesh,District_20,2015,1076.7,37.26,147.14,151.08,2287919,347.12,362.02,-0.0428
West,Gujarat,District_87,2019,716.86,20.97,71.44,63.4,254779,51.78,71.86,-0.3803
South,Kerala,District_21,2010,1366.04,18.97,192.96,219.92,3205517,584.34,604.98,-0.0353
Central,Chhattisgarh,District_98,2010,1337.33,40.12,139.97,99.81,2947235,632.27,591.09,0.065
North,Punjab,District_139,2001,645.38,38.22,202.66,208.46,905083,82.76,97.52,-0.1762
North,Himachal Pradesh,District_18,2007,908.09,38.57,172.1,161.19,607632,63.93,39.5,0.3762
South,Andhra Pradesh,District_59,2023,870.15,23.29,234.61,217.3,1214151,266.27,291.81,-0.0956
East,Bihar,District_112,2003,1167.44,2.15,245.66,251.78,650719,33.34,-2.92,1.0558
East,West Bengal,District_114,2005,1066.2,32.08,328.65,357.12,1221751,253.23,280.94,-0.109
South,Andhra Pradesh,District_8,2001,76.69,43.86,212.9,192.29,1376871,258.25,263.25,-0.0193
East,Odisha,District_15,2009,959.26,40.08,347.26,361.21,2196913,415.49,423.39,-0.019
South,Telangana,District_96,2013,1383.25,2.69,273.98,237.25,1053336,55.22,84.8,-0.526
Central,Madhya Pradesh,District_63,2016,950.56,35.6,90.28,88.35,2133433,115.16,114.59,0.0049
East,Jharkhand,District_145,2021,940.67,21.54,79.14,81.24,2791834,429.32,416.04,0.0309
South,Tamil Nadu,District_44,2005,699.54,42.42,130.25,121.99,2872281,152.58,152.37,0.0014
East,Bihar,District_98,2019,994.12,16.17,127.39,134.91,3229215,299.2,317.77,-0.0619
South,Karnataka,District_128,2018,1222.08,28.35,123.59,150.9,3282986,342.77,324.18,0.0541
Central,Madhya Pradesh,District_60,2014,978.36,7.9,317.71,307.46,577621,70.3,38.7,0.4433
West,Gujarat,District_118,2008,1474.61,27.26,194.32,205.55,1989324,367.45,356.02,0.031
North,Uttar Pradesh,District_120,2009,1129.09,26.97,101.43,69.41,351907,45.54,54.22,-0.1865
Central,Chhattisgarh,District_41,2002,993.87,4.61,277.11,281.7,593526,43.94,15.21,0.6393
East,Assam,District_89,2018,634.7,36.32,232.11,190.45,1126127,215.18,244.89,-0.1374
South,Andhra Pradesh,District_109,2022,1131.03,17.18,89.55,90.73,2296608,440.23,446.73,-0.0147
West,Gujarat,District_117,2009,657.2,39.87,318.64,313.94,3294024,355.48,315.26,0.1128
West,Rajasthan,District_99,2015,690.22,4.03,223.74,179.33,2156912,359.54,389.22,-0.0823
East,West Bengal,District_61,2012,995.68,10.01,266.78,243.47,990776,89.29,109.57,-0.2246
North,Uttarakhand,District_92,2018,1011.36,14.91,197.87,177.12,1916860,93.3,96.3,-0.0318
South,Andhra Pradesh,District_76,2000,944.17,47.93,205.12,200.5,2885574,173.07,155.48,0.101
South,Kerala,District_71,2000,819.81,28.5,180.58,153.01,306464,48.52,43.1,0.1095
North,Uttarakhand,District_13,2019,991.68,44.25,122.56,98.34,1433412,66.61,67,-0.0058
North,Punjab,District_74,2007,938.72,24.47,227.96,251.13,179074,19.02,44.66,-1.281
North,Himachal Pradesh,District_91,2007,804.82,7.35,209.6,218.19,2245324,367.89,379.75,-0.0321
West,Rajasthan,District_65,2021,949.42,3.51,273.5,277.08,3418531,502.95,532.2,-0.0581
Central,Madhya Pradesh,District_25,2020,923.05,24.28,339.41,327.89,3384189,599.73,595.61,0.0069
West,Maharashtra,District_80,2014,657.56,8.31,308.57,292.54,930113,166.14,135.61,0.1827
West,Maharashtra,District_149,2011,698.61,7.77,137.02,165.61,1474700,149.72,124.29,0.1687
Central,Madhya Pradesh,District_24,2009,1076.04,29.39,224.75,201.71,2293348,493.88,460.35,0.0678
East,Odisha,District_107,2005,556.59,3.13,320.58,287.93,456048,42.14,56.61,-0.3354
West,Rajasthan,District_34,2017,987.38,30.96,197.29,222.51,3209795,161.81,119.98,0.2569
South,Telangana,District_136,2016,941.98,47.25,287.7,238.4,2321481,362.21,350.12,0.0333
West,Gujarat,District_43,2008,712.17,36.83,239.72,198.04,2225840,402.07,388.7,0.0332
North,Punjab,District_76,2023,1076.32,9.05,295.23,274.35,2035334,141.45,123.24,0.1278
East,Odisha,District_30,2014,1248.09,27.86,77.58,52.38,2778545,184.81,214.23,-0.1583
East,Bihar,District_37,2007,648.33,32.28,189.83,209.08,697405,94.39,106.24,-0.1243
South,Kerala,District_143,2011,1466.61,5.66,139.66,105.11,2937705,406.68,423.16,-0.0404
East,Bihar,District_102,2000,901.9,24.01,222.65,183.54,878659,177.12,156.55,0.1155
West,Gujarat,District_138,2003,234.81,33.64,91.58,70.66,827283,181.23,157.85,0.1283
East,Assam,District_95,2021,1067.51,49.09,225.17,234.4,2044144,420.05,436.84,-0.0399
West,Gujarat,District_150,2012,669.72,35.52,174.61,128.38,1113657,196.36,214.23,-0.0906
South,Telangana,District_28,2021,1268.75,24.89,268.32,278.53,989250,158.27,176.07,-0.1117
South,Karnataka,District_121,2000,1315.55,25.95,63.51,92.79,2523388,272.17,260.77,0.0417
North,Himachal Pradesh,District_144,2010,999.57,40.63,73.36,38.71,675327,130.1,105.44,0.1881
North,Himachal Pradesh,District_57,2020,856.93,3.4,199.46,176.46,1469089,297.12,315.59,-0.0619
East,Bihar,District_119,2022,655.58,49.52,336.91,327.33,122096,21.61,23.73,-0.0938
South,Andhra Pradesh,District_105,2003,1297.49,46.08,335.77,319.6,2917733,443.4,398.97,0.1
Central,Madhya Pradesh,District_12,2001,731.88,20.54,226.41,223.17,2557528,212.97,228.6,-0.0731
South,Andhra Pradesh,District_127,2003,472.64,3.87,70.45,86.43,2417657,392.43,405.56,-0.0334
East,West Bengal,District_61,2017,909.12,22.71,268.56,253.49,3210540,427.02,400.11,0.0629
Central,Madhya Pradesh,District_100,2014,648.34,44.92,334.47,293.07,2173996,385.58,353.84,0.0821
South,Telangana,District_139,2013,527.51,44.67,217.91,231.55,1845791,135.67,140.81,-0.0376
North,Uttarakhand,District_40,2013,797.46,5.42,80.01,34.75,377916,46.41,69.28,-0.4824
East,West Bengal,District_126,2019,1024.29,41.68,73.82,45.68,2028148,362.64,343.54,0.0525
East,Jharkhand,District_72,2001,402,22.41,70.9,90.67,3329344,133.18,131.94,0.0093
South,Telangana,District_56,2014,989.5,27.08,75.84,28,2331678,178.71,207.95,-0.1627
East,Assam,District_61,2011,1178.59,4.49,115.42,120.62,1215114,193.63,167.98,0.1318
East,West Bengal,District_95,2017,854.49,42.72,182.56,188.33,443733,83.09,94.13,-0.1313
South,Telangana,District_16,2012,727.35,18.17,349.87,347.41,3287207,577.77,578.29,-0.0009
West,Gujarat,District_49,2003,794.67,30.35,251.69,275.42,2384310,418.9,447.35,-0.0678
East,Assam,District_24,2021,937.31,14.9,242.25,233.7,1656232,245.59,253.34,-0.0315
West,Rajasthan,District_6,2001,410.22,36.29,280.11,301.91,799192,133.89,150.98,-0.1267
East,Odisha,District_63,2004,886.39,9.63,112.26,134.4,3381085,695.76,673.66,0.0317
North,Uttarakhand,District_53,2002,1025.61,36.99,309.89,317.96,1863058,91.93,111.26,-0.2081
Central,Chhattisgarh,District_54,2018,1079.71,9.55,94.47,63.3,688647,97.22,56.19,0.4178
West,Rajasthan,District_60,2010,588.12,25.82,170.35,187.31,327863,35.97,-2.03,1.0277
Central,Madhya Pradesh,District_1,2008,971.7,31.56,304.55,326.75,1676655,279.79,248.51,0.1114
Central,Madhya Pradesh,District_34,2017,809.49,28.23,340.44,366.31,1048668,177.56,142.86,0.1943
West,Gujarat,District_45,2003,1037.77,28.53,175,194.46,278625,51.71,30.92,0.3944
North,Uttar Pradesh,District_34,2000,752.71,32,151.8,116.49,2329552,427.25,438.46,-0.0262
South,Telangana,District_61,2018,1211.24,41.98,322.77,351.79,838759,58.13,74.11,-0.2703
East,Odisha,District_5,2005,1441.72,2.95,173.3,187.98,2259747,343.1,348.05,-0.0144
West,Gujarat,District_14,2004,723.81,5.28,287.29,294.43,657927,65.81,44.99,0.3116
East,Jharkhand,District_135,2003,1329.44,5.46,119.57,119.05,2610104,405.9,385.54,0.05
East,Bihar,District_122,2014,568.07,22.08,277.77,299.66,2201268,216.93,176.33,0.1863
South,Telangana,District_132,2018,1045.87,45.91,63.33,57.32,2341729,169.27,126.47,0.2514
East,West Bengal,District_116,2016,835.49,37.42,264.32,260.5,758088,84.58,94.76,-0.1189
South,Karnataka,District_12,2023,641.21,11.86,200.08,208.6,1528083,212.3,190.56,0.1019
North,Haryana,District_78,2014,979.99,10.26,328.4,352.93,2966720,167.83,152.91,0.0884
North,Uttar Pradesh,District_16,2015,601.32,31.94,248.07,256.67,2000313,333.42,335.42,-0.006
South,Kerala,District_110,2021,436.58,34.26,229.23,217.17,2166482,319.73,284.77,0.109
East,West Bengal,District_126,2022,1498.24,47.44,90.71,108.33,1734374,135.9,95.47,0.2953
East,Assam,District_19,2002,495.54,4.42,241.97,241.12,3108510,265.96,262.19,0.0141
East,Odisha,District_38,2002,1300.5,47.96,175.72,138.54,290049,50.21,64.11,-0.2715
Central,Madhya Pradesh,District_71,2019,893,37.66,154.84,113.64,1376236,281.6,279.05,0.009
North,Uttarakhand,District_141,2022,1489.59,14.42,185.98,158.1,1153585,253.01,265.82,-0.0504
East,Odisha,District_98,2019,1450.3,35.64,119.17,96.85,58764,11.63,-13.77,2.0111
North,Haryana,District_76,2014,1051.14,2.66,132.03,144.88,1297116,69.9,31.56,0.5408
North,Haryana,District_111,2003,627.53,12.34,233.16,215.57,573685,121.2,88.31,0.2691
East,West Bengal,District_142,2023,374.32,40.64,298.67,254.05,1340644,243.49,243.68,-0.0008
West,Rajasthan,District_111,2014,430.47,49.41,144.53,112.87,3183976,655.06,641.23,0.0211
South,Karnataka,District_106,2010,925.91,27.84,137.97,138.49,1942716,310.76,281.71,0.0932
East,Assam,District_103,2013,1499.59,13.92,264.58,260.38,713787,97.29,116.46,-0.195
East,West Bengal,District_81,2013,689.83,39.63,181.62,171.62,2420514,357.73,372.65,-0.0416
East,Odisha,District_66,2011,433.91,24.54,68.21,81.41,3299096,585.92,585.19,0.0012
Central,Madhya Pradesh,District_122,2002,1355.32,33.45,135.47,152.71,1330823,176.94,147.95,0.1629
East,Bihar,District_22,2002,1126.49,23.42,293.69,323.06,3162915,268.82,260.2,0.032
East,Jharkhand,District_25,2023,1053.01,27.71,163.5,165.19,1864395,367.42,335.32,0.0872
South,Telangana,District_34,2017,1072.4,39.75,243.34,243.46,76753,16.07,-19.65,2.0925
West,Maharashtra,District_144,2017,741.75,6.92,173.89,159.62,885946,91.08,81.96,0.099
East,Odisha,District_32,2013,979.61,18.55,193.93,190.77,2401814,360.03,378,-0.0498
South,Telangana,District_109,2023,960.99,34.33,111.98,86.47,470150,60.22,58,0.0363
West,Maharashtra,District_74,2019,1073.48,27.53,288.94,295.19,1535373,84.51,113.07,-0.3341
South,Andhra Pradesh,District_91,2003,1015,9.96,318.35,329.03,3260705,502.92,489.25,0.0271
North,Uttarakhand,District_130,2006,828.64,16.93,108.41,118.91,112406,9.23,22.77,-1.3223
Central,Madhya Pradesh,District_124,2007,805.49,48.07,238.73,224.18,3176262,558.06,522.7,0.0632
East,West Bengal,District_90,2017,662.86,38.17,119.06,122.86,3394340,667.65,650.29,0.026
South,Telangana,District_30,2008,1381.56,27.56,93.46,75.01,85463,17.77,14.84,0.1562
North,Uttarakhand,District_58,2013,902.85,7.49,281.79,257.48,2273233,298.71,297.27,0.0048
Central,Chhattisgarh,District_143,2000,1011.39,2.87,289.9,314.38,2687380,304.91,268.49,0.1191
North,Himachal Pradesh,District_69,2000,1103.28,44.32,272.08,246.3,2957775,563.46,531.86,0.056
South,Tamil Nadu,District_70,2022,636.62,42.48,200.68,203.99,2345344,318.23,309.93,0.026
South,Andhra Pradesh,District_87,2011,798.71,25.25,63.88,61.1,1360592,251.22,213.58,0.1492
North,Uttar Pradesh,District_47,2004,1240.29,11.77,79.42,39.23,3163491,230.02,204.29,0.1114
North,Uttarakhand,District_103,2002,943.29,49.12,190.64,179.57,457899,100.51,88.58,0.1175
Central,Madhya Pradesh,District_8,2002,1230.41,17.42,123.83,125.79,2003415,299.54,276.54,0.0765
North,Haryana,District_56,2012,493.22,4.18,161.48,117.14,1390645,110.11,90.49,0.1766
East,Jharkhand,District_117,2010,508.8,25.23,61.54,27.18,1512404,88.72,115.07,-0.2937
South,Tamil Nadu,District_95,2009,435.06,28.31,211.11,213.09,3088503,411.52,430.99,-0.0472
East,Odisha,District_146,2019,1409.5,34.22,239.94,210.56,1623795,121.94,85.16,0.2992
East,Bihar,District_14,2004,999.68,38.42,233.18,210.84,1973691,381.84,371.22,0.0277
South,Tamil Nadu,District_13,2021,961.04,38.4,149,145.8,1882829,206.2,192.07,0.0682
East,Bihar,District_70,2014,1009.09,43.35,311.91,283.96,2747426,202.83,227.06,-0.1189
East,Jharkhand,District_125,2019,555.99,35.42,171.01,135.27,1436969,305.4,303.07,0.0076
East,Assam,District_107,2008,1356.59,32.56,276.99,288.98,1750645,154.95,170.63,-0.1005
West,Rajasthan,District_132,2003,1577.54,35.34,123.43,105.8,2765025,440.07,408.95,0.0706
South,Telangana,District_111,2003,1099.54,11.01,85.63,59.72,801635,53.8,67.5,-0.2502
South,Andhra Pradesh,District_125,2016,1112.67,24.27,136.56,133.34,3316983,278,266.2,0.0423
South,Andhra Pradesh,District_12,2007,926.7,17.51,320.4,279.35,424319,73.2,70.47,0.0368
South,Kerala,District_15,2000,826.23,34.01,87.35,57.51,932472,134.1,159.05,-0.1847
West,Rajasthan,District_78,2006,1225.19,40.72,308.83,259.02,1241402,177.28,184.48,-0.0404
Central,Madhya Pradesh,District_66,2009,672.85,17.27,338.74,297.4,2360876,427.49,415.03,0.0291
East,Odisha,District_31,2000,1202.89,13.14,64.17,33.02,3005193,502.19,509.02,-0.0136
North,Punjab,District_111,2005,532.58,8.37,208.37,237.95,2551655,292.59,292.41,0.0006
Central,Madhya Pradesh,District_98,2017,713.56,32.64,272.57,248.48,3194068,351.54,364.38,-0.0364
South,Karnataka,District_129,2017,852.64,30.65,329.17,284.84,480590,72.73,55.25,0.2371
South,Telangana,District_19,2012,195.2,25.72,309.7,302.81,2070845,303.93,329.93,-0.0853
West,Maharashtra,District_112,2000,519.82,23.83,255.69,231.49,340329,20.36,-19.02,1.8439
East,Assam,District_20,2010,754.57,32.92,342.53,366.95,15917,1.08,-16.61,8.4902
North,Uttarakhand,District_110,2018,942.96,30.77,112.01,85.6,418157,60.36,56.39,0.0647
South,Kerala,District_107,2009,849.84,23.83,258.85,216.04,1562419,199.88,199.74,0.0007
East,West Bengal,District_104,2000,544.96,9.38,226.06,233.9,1771963,95.93,70.39,0.2635
East,Odisha,District_44,2019,954.38,35.73,79.29,90.83,2734440,408.07,371.99,0.0882
East,Assam,District_93,2002,665.87,44.38,251.12,264.22,2987716,644.49,623.23,0.0329
East,Jharkhand,District_28,2007,1239.59,44.46,96.31,110.27,1761724,355.03,338.34,0.0469
East,Jharkhand,District_103,2016,759.04,48.72,194.85,157.06,46085,4.62,29.6,-4.4401
East,Bihar,District_102,2009,842.36,5.41,121.13,132.78,1549227,77.37,36.69,0.5191
East,Odisha,District_57,2010,690.96,5.59,187.15,174.76,2177301,152.16,173.58,-0.1398
South,Tamil Nadu,District_20,2016,1052.12,12.55,65.95,29.82,1566899,162.89,142.34,0.1254
East,West Bengal,District_136,2016,558.98,5,121.05,86.33,1894262,340.63,364.9,-0.071
West,Rajasthan,District_90,2011,1138.3,9.49,198.76,166.32,2265989,217.77,247.54,-0.1361
Central,Madhya Pradesh,District_61,2003,1320.16,10.36,313.87,308.53,3448438,383.56,359.92,0.0615
Central,Madhya Pradesh,District_66,2006,658.09,11.15,160.65,146.87,2428515,436.81,402.15,0.0792
South,Tamil Nadu,District_40,2020,512.63,17.07,216.03,178.82,845288,150.23,109.7,0.268
East,Bihar,District_46,2020,904.63,24.6,250.26,235.49,2229949,425.66,428.55,-0.0068
North,Punjab,District_119,2018,801.42,43.27,177.97,181.71,572242,101.42,121.97,-0.2006
North,Uttarakhand,District_115,2021,973.35,29.81,201.99,180.41,1451803,311.62,271.69,0.1277
North,Uttarakhand,District_83,2020,548.57,37.6,141.03,160.5,922383,67.66,76.76,-0.1326
East,Odisha,District_39,2014,729.79,41.63,142.86,98.69,873823,122.84,125,-0.0175
East,Bihar,District_121,2014,749.05,39.71,133.31,88.2,1864087,103.76,92,0.1122
South,Andhra Pradesh,District_71,2018,1012.44,10.41,255.1,267.46,1879445,251.12,241.97,0.0363
West,Maharashtra,District_91,2016,1031.13,30.27,277.99,258.11,2901569,530.02,512.97,0.0321
East,Bihar,District_80,2014,721.55,24,161.85,184.35,3360465,277.83,236.69,0.1475
East,Assam,District_10,2001,1028.35,47.34,236.88,192.92,2834182,576.81,571.7,0.0088
South,Telangana,District_74,2002,1345.49,9.42,201.31,196.91,1007144,167.93,127.79,0.2376
East,Bihar,District_130,2012,842.38,20.04,265.36,257.3,2469698,112.33,127,-0.1294
East,Assam,District_149,2017,939.55,31.53,324.08,313.29,1299574,80.85,63.88,0.2074
West,Maharashtra,District_116,2018,303.44,15.37,307.36,263.09,1323014,91.19,119.31,-0.3051
West,Rajasthan,District_83,2019,465.12,4.38,270.13,291.21,2860575,259.14,276.12,-0.0653
North,Punjab,District_129,2004,815.58,20.23,292.42,291.05,3320610,472.6,453.74,0.0398
West,Maharashtra,District_116,2003,978.01,43.11,302.17,257.98,2812909,146.02,174.58,-0.1943
East,Odisha,District_22,2016,500.35,41.69,212.17,180.15,232314,26.8,34.86,-0.29
South,Tamil Nadu,District_11,2007,554.78,3.99,244.76,226.97,286365,46.43,52.61,-0.1304
East,Assam,District_113,2016,619.11,42.71,334.68,293.89,3389659,349.39,310.92,0.1098
North,Haryana,District_41,2011,743.15,34.55,217.48,219.73,435539,95.04,101.65,-0.0688
South,Telangana,District_73,2012,333.71,18.32,82.89,77.47,1330712,74.54,30.17,0.5874
East,Jharkhand,District_87,2021,992.05,47.07,191.32,205.44,2435872,202.66,179.4,0.1142
North,Himachal Pradesh,District_14,2020,907.78,15.1,159.01,153.11,645270,84.06,95.56,-0.1352
East,Odisha,District_17,2010,1481.18,38.06,278.62,262.39,285146,26.51,47.9,-0.7776
East,West Bengal,District_143,2021,795.76,47.19,287.42,280.43,3042048,485.01,484.17,0.0017
South,Kerala,District_73,2008,1161.01,44.99,323.66,328.55,2704206,160.28,157.27,0.0186
North,Himachal Pradesh,District_39,2010,833.76,37.03,332.66,314.36,998667,61.5,36.38,0.4019
East,Bihar,District_150,2021,390.23,25.66,146.98,129.3,1089477,167.56,153.79,0.0817
Central,Madhya Pradesh,District_90,2009,975.62,20.73,162.99,189.37,595971,102.47,83.07,0.1875
South,Kerala,District_34,2019,1434.64,45.12,175.86,179.72,310920,17.07,28.02,-0.6063
East,Bihar,District_80,2017,1126.77,39.44,88.63,112.58,931004,57.13,13.59,0.749
South,Kerala,District_85,2004,1324.59,3.56,251.03,238.44,3132899,617.68,588.47,0.0472
North,Haryana,District_24,2020,1068.59,37.91,222.76,233.06,3005811,652.39,662.91,-0.0161
East,Jharkhand,District_131,2011,881.53,18.68,74.6,100.38,2613475,350.85,364.48,-0.0387
North,Uttar Pradesh,District_93,2009,1026.18,49.49,226.59,245.56,1243265,130.12,98.35,0.2423
South,Tamil Nadu,District_55,2010,873.78,18.84,165.14,130.69,249000,34.94,53.24,-0.5091
North,Punjab,District_50,2007,1271.22,42.06,163.92,120.89,1125178,89.82,91.24,-0.0157
Central,Madhya Pradesh,District_40,2002,1035.65,20.46,193.15,198.88,679635,41.7,1.67,0.9375
South,Andhra Pradesh,District_26,2016,1029.27,34.83,214.16,241.54,59036,5.67,16.94,-1.688
Central,Chhattisgarh,District_135,2001,1232.56,17.94,329.15,291.56,1517086,174.74,196.01,-0.1211
East,Odisha,District_34,2019,1329.96,31.41,332.16,309.22,2725864,427.1,439.73,-0.0295
South,Kerala,District_40,2005,1014.65,4.25,152.7,147.64,1963010,418.53,415.22,0.0079
South,Tamil Nadu,District_43,2023,947.23,38,214.18,201.16,3260988,171.59,171.95,-0.0021
East,Assam,District_12,2013,794.43,41.71,72.16,68.62,1023923,136.48,113.22,0.1692
South,Telangana,District_61,2014,802.11,6.59,152.13,104.64,2695990,572.79,586.26,-0.0235
North,Himachal Pradesh,District_73,2023,963.07,32.23,176.93,146.74,204073,9.74,-18.83,2.6593
East,Assam,District_60,2017,1093.96,21.11,188.73,147.24,1074165,147.43,114.08,0.2247
South,Karnataka,District_80,2015,349.22,45.92,132.84,95.3,2687039,372.28,381.7,-0.0252
West,Rajasthan,District_95,2021,587.19,45.28,122.41,81.66,2223578,420.54,397.08,0.0557
North,Uttarakhand,District_113,2014,601.65,13.23,121.16,82.58,505999,93.6,52.59,0.4335
South,Andhra Pradesh,District_98,2016,1234.09,21.21,287.16,295.88,435602,78.6,33.78,0.5631
North,Haryana,District_108,2005,850.1,22.69,148.3,162.46,1142113,173.71,187.01,-0.0761
West,Rajasthan,District_36,2008,518.01,16.75,218.47,215.1,312883,19.87,7.46,0.5946
West,Maharashtra,District_124,2011,1289.35,36.76,260.22,262.97,1201430,51.65,32.02,0.3729
Central,Chhattisgarh,District_27,2022,824.35,30.92,107.28,118.57,1175714,222.71,181.59,0.1838
North,Haryana,District_32,2009,598.01,15.43,140.54,167.66,695913,34.18,61.22,-0.7688
East,Bihar,District_42,2008,649.42,29.55,173.94,201.65,1065457,224.19,195.57,0.1271
East,Assam,District_132,2004,592.26,35.49,165.59,150.3,1724813,237.95,247.3,-0.0392
East,Jharkhand,District_24,2007,672.62,36.05,138.73,96.39,3015174,399.13,414.54,-0.0385
East,Assam,District_90,2000,848.57,9.84,124.32,128.91,2589115,484.46,444.68,0.0819
East,Jharkhand,District_14,2012,666.27,6.58,190.52,193.52,2468579,226.42,235.43,-0.0397
North,Haryana,District_96,2007,1239.63,43.79,280.14,251.93,84518,9.38,-0.36,0.9386
South,Kerala,District_21,2011,549.51,9.75,225.88,191.44,1712818,349.32,338.26,0.0316
South,Karnataka,District_8,2010,665.92,21.57,96.41,112.71,908877,42.03,42.63,-0.0141
East,West Bengal,District_86,2004,1256.83,35.46,116.1,94.78,283508,28.94,33.64,-0.1571
Central,Madhya Pradesh,District_10,2009,693.7,7.33,247.95,207.94,2082790,393.01,372.52,0.052
North,Punjab,District_36,2022,797.32,41.57,175.13,192.62,2790677,380.45,404.29,-0.0625
North,Punjab,District_115,2019,884.61,26.22,94.01,110.49,1056566,167.67,154.34,0.0791
North,Uttar Pradesh,District_21,2000,769.57,43.57,143.94,136.52,1085913,128.34,124.86,0.0269
West,Gujarat,District_56,2004,1331.13,26.03,247.01,275.13,2639618,238.12,258.43,-0.0849
Central,Chhattisgarh,District_136,2013,1209.65,6.78,234.93,223.04,2825763,133.45,96.7,0.2733
East,West Bengal,District_74,2007,1085.77,14.15,311.01,332.79,3115618,673.74,653.21,0.0304
South,Andhra Pradesh,District_32,2001,697.21,42.65,154.06,129.94,2127368,446.55,419.11,0.0613
South,Karnataka,District_108,2020,618.24,2.88,194.58,149.13,2494840,380.61,354.58,0.0682
North,Himachal Pradesh,District_118,2002,803.69,12.5,77.38,96.91,2283693,141.5,118.9,0.1586
East,West Bengal,District_128,2019,1002.81,21.75,96.65,124.42,2858145,156.31,166.91,-0.0674
Central,Chhattisgarh,District_5,2020,554.31,3.34,243.1,238.99,1276179,217.42,210.47,0.0318
North,Haryana,District_148,2007,1226.73,21.1,293.73,276.37,1917716,85.23,88.02,-0.0324
Central,Madhya Pradesh,District_75,2013,1042.67,28.24,303.55,323.35,1740089,356.91,356.41,0.0014
North,Uttar Pradesh,District_91,2007,1023.57,16.08,212.39,186.56,68687,12.54,-8.19,1.5306
North,Uttarakhand,District_107,2005,694.72,34.62,334.32,340.65,597111,105.18,129.05,-0.2249
East,Bihar,District_135,2011,837.52,8.13,188.29,214.89,255011,25.05,5.17,0.7631
East,Bihar,District_135,2017,1052.21,28.72,159.39,178.63,2887875,595.96,591.41,0.0076
North,Haryana,District_130,2017,336.65,44.92,247.02,253.96,249318,49.97,78.94,-0.5685
North,Uttar Pradesh,District_100,2015,896.81,17.49,220.76,238.91,1311573,180.02,146.18,0.1869
West,Maharashtra,District_100,2011,922.29,26.69,84.67,70.76,428461,68.52,24.36,0.6352
West,Gujarat,District_5,2011,1055.14,12.83,173.07,164.67,1390147,79.79,96.52,-0.2071
East,Bihar,District_89,2007,891.18,27.53,313.35,263.7,2949317,364.2,370.2,-0.0164
East,West Bengal,District_149,2023,976.93,24.87,152.31,143.19,794091,129.27,135.63,-0.0488
East,Odisha,District_35,2001,994.79,8.16,227.76,202.29,1802500,155.4,125.09,0.1938
South,Telangana,District_140,2010,637.38,22.45,348.46,371.06,334658,24.63,52.7,-1.0954
South,Tamil Nadu,District_119,2022,771.33,31.62,306.49,320.79,2376331,330.76,321.49,0.0279
North,Punjab,District_47,2004,413.33,15.55,146.44,154.21,133920,7.43,33.15,-3.0511
East,Bihar,District_118,2001,954.92,28.13,127.78,106.76,3157042,656.22,646.98,0.0141
South,Andhra Pradesh,District_52,2001,646.86,15.05,175.76,157.87,2617352,393.79,356.45,0.0946
West,Rajasthan,District_11,2010,996.62,37.05,165.8,144.52,1566676,343.7,321.17,0.0654
South,Andhra Pradesh,District_132,2012,1260.22,38.98,157.82,112.49,1806396,79.06,85.38,-0.0789
Central,Chhattisgarh,District_122,2008,612.62,34.43,174.82,144.32,367621,35.04,37.28,-0.0624
West,Maharashtra,District_49,2009,1244.4,28.42,289.1,293.67,2719106,583.19,584.85,-0.0028
South,Telangana,District_13,2020,849.21,26.28,106.96,84.31,2931624,173.38,194.82,-0.1229
East,Odisha,District_70,2003,761.58,47.17,313.07,306.9,1963888,225.2,226.15,-0.0042
South,Telangana,District_112,2012,701.47,33.12,77.82,42.72,333953,57.27,77.12,-0.3406
East,Assam,District_99,2010,1446.91,11.49,112.35,121.35,2944020,176.69,141.58,0.1976
South,Tamil Nadu,District_128,2022,665.19,34.43,71.05,51.45,327579,45.67,31.03,0.3137
North,Punjab,District_95,2016,759,43.85,227.32,229.69,1206890,112.46,102.72,0.0859
West,Gujarat,District_22,2023,1146.6,9.12,109.9,69.6,3172346,213.37,210.91,0.0115
East,Jharkhand,District_21,2013,1374.19,30.59,83.38,38.21,1092209,136.07,128.39,0.0561
North,Himachal Pradesh,District_47,2017,725.4,39.99,325.58,326.8,1439473,129.37,88.8,0.3112
South,Andhra Pradesh,District_83,2003,617.57,7.97,313.79,266.11,1714564,190.22,174.97,0.0798
East,Bihar,District_84,2021,860.19,22.29,348.73,377.9,2308673,292.35,261.62,0.1047
South,Andhra Pradesh,District_79,2014,1294.03,47.63,66.4,17.8,850988,36.02,49.01,-0.3511
North,Himachal Pradesh,District_110,2005,359.21,31.3,66.99,87.68,629673,93.13,55.45,0.4003
East,Assam,District_90,2014,1143.67,20.39,122.74,117.33,2210386,166.75,163.66,0.0184
West,Maharashtra,District_91,2019,720.69,26.17,79.75,92.3,3484694,535.47,506.64,0.0537
East,Jharkhand,District_71,2020,671.16,30.73,180.1,133.47,436773,30.41,29.28,0.0361
West,Maharashtra,District_20,2021,895.82,3.01,297.69,261.7,2732892,484.99,475.74,0.019
South,Kerala,District_94,2016,806.24,12.89,253.29,276.88,1850932,78.15,97.43,-0.2436
South,Tamil Nadu,District_8,2004,659.47,30.7,171.68,133.3,1161204,147.46,148.76,-0.0087
North,Himachal Pradesh,District_113,2001,1127.79,42.28,102.14,91.69,2239724,99.99,88.5,0.1138
Central,Madhya Pradesh,District_18,2007,956.07,11.69,134.85,155.77,2380766,137.23,163.93,-0.1931
South,Telangana,District_93,2012,902.32,10.89,216.97,195.32,2863768,284.86,270.67,0.0496
North,Uttarakhand,District_9,2019,321.83,46.97,345.37,311.65,45063,7.32,24.87,-2.108
Central,Madhya Pradesh,District_116,2011,354.22,4.84,260.31,232.01,435888,28.62,29.96,-0.0452
South,Telangana,District_114,2002,678.98,2.2,254.43,233.08,2731826,485.92,484.9,0.0021
North,Uttarakhand,District_36,2016,928.58,33.34,228.09,256.31,1126288,65.01,23.25,0.6326
South,Telangana,District_102,2010,1328.45,17.14,174.01,185.06,1243312,61.14,44.83,0.2625
West,Gujarat,District_64,2003,1086.18,11.97,230.43,251.44,2417110,436.76,433.98,0.0063
North,Uttar Pradesh,District_48,2015,1310.61,42.5,154.23,129.24,2928293,554.95,568.1,-0.0237
North,Haryana,District_100,2017,1255.72,21.17,178.81,130.55,993582,42.73,58.12,-0.352
East,West Bengal,District_68,2008,730.69,37.11,167.91,156.16,2551115,499.91,525.44,-0.051
East,Assam,District_55,2019,1131.2,35.22,100.6,97.33,3179751,513.97,497.57,0.0318
South,Andhra Pradesh,District_126,2006,713.15,32.37,282.99,233.46,1459679,100.09,58.9,0.4075
East,West Bengal,District_35,2002,929.06,44.22,323.04,273.72,1336024,138.66,145.95,-0.0522
East,Assam,District_45,2022,1157.52,30.27,332.21,334.22,2754662,190.24,184.86,0.0281
East,Assam,District_23,2021,1196.2,28.57,225.38,238.57,375306,70.91,81.82,-0.1517
East,Odisha,District_89,2022,733.34,35.57,155.86,126.28,1276368,233.99,208.86,0.1069
East,Bihar,District_141,2017,890.16,31.29,201.57,220.92,2552572,521.11,546.54,-0.0487
South,Andhra Pradesh,District_77,2005,640.06,17.31,180.5,137.86,1693332,291.64,319.85,-0.0964
South,Tamil Nadu,District_93,2016,1058.97,30.07,333.03,349.07,1539960,86.94,70.01,0.1925
South,Karnataka,District_32,2006,286.82,27.03,320.01,334.3,459844,59.33,80.2,-0.346
Central,Madhya Pradesh,District_61,2015,1234.49,30.23,151.66,131.51,3355182,393.7,367.46,0.0665
North,Uttar Pradesh,District_93,2017,940.42,10.68,137.95,152.06,3293262,359.8,357.1,0.0075
North,Uttarakhand,District_95,2014,1131.46,30.51,231,255.61,2102784,114.99,138.4,-0.2019
Central,Chhattisgarh,District_34,2019,919.95,12.27,142.15,140.13,1486816,221.34,222.29,-0.0042
East,Bihar,District_17,2009,537.82,43.45,149.55,156.07,1615720,70.49,88.95,-0.2583
South,Kerala,District_123,2016,869.94,29.1,252.28,227.95,443556,19.25,-5.94,1.2438
East,Jharkhand,District_105,2018,1179.84,12,98.55,77.47,1764182,143.95,106.64,0.2574
East,Bihar,District_33,2010,669.3,8.63,309.14,299.14,395171,41.17,2.79,0.9101
East,Bihar,District_116,2014,698.65,3.93,208.54,184.1,261331,20.32,-22.93,2.0285
North,Haryana,District_89,2004,1056.72,16.56,286.75,255.48,1086192,73.14,78.5,-0.0723
Central,Chhattisgarh,District_47,2004,952.51,4.61,112.91,65.7,1945873,279.25,293.74,-0.0517
East,Jharkhand,District_129,2001,346.1,22.52,247.11,217.5,3362410,375.55,405.04,-0.0783
East,West Bengal,District_133,2004,913.14,27.12,327.24,292.27,83968,8.95,-17.39,2.6466
South,Andhra Pradesh,District_43,2005,477.71,5,200.99,222.27,2132191,116.91,101.92,0.1272
East,Odisha,District_58,2011,576.05,25.31,218.32,174.22,966302,187.75,160.41,0.1449
North,Haryana,District_73,2002,1024.54,47.36,257.94,261.41,2503144,401.72,414.37,-0.0314
West,Gujarat,District_51,2020,668.82,13.69,148.75,173.66,1601250,312.33,332.03,-0.0629
Central,Chhattisgarh,District_71,2004,863.91,33.79,278.03,243.07,1892779,174.32,145.58,0.1639
South,Andhra Pradesh,District_137,2002,995.38,40.56,346.1,328.28,1530509,130.73,95.25,0.2693
North,Haryana,District_44,2018,842.96,42.76,171.19,187.72,2182626,353.14,335.44,0.05
North,Uttarakhand,District_40,2005,1405.82,21.29,227.57,232.94,2753384,338.56,306.41,0.0947
North,Himachal Pradesh,District_87,2018,1049.34,7.06,303.27,279.59,3172244,653.46,672.82,-0.0296
West,Maharashtra,District_8,2002,1135.05,16.6,100.38,81.42,2750605,548.88,575.34,-0.0481
West,Maharashtra,District_148,2008,920.36,32.31,138.46,148.56,2815174,550.16,570.24,-0.0364
West,Rajasthan,District_147,2013,952.44,48.92,228.96,179.32,1655307,228.38,185.19,0.1883
North,Himachal Pradesh,District_8,2015,497.95,18.52,210.96,205.7,151668,6.97,27.83,-2.6155
Central,Chhattisgarh,District_75,2020,531.57,21.96,78.31,76.57,1618969,86.14,66.4,0.2265
South,Andhra Pradesh,District_124,2007,465.04,22.27,287.67,302.01,3036105,475.98,474.56,0.003
South,Kerala,District_77,2014,1388.84,23.99,134.43,104.26,785644,124.87,98.9,0.2064
East,Bihar,District_16,2005,1140.41,14.46,60.48,60.36,1943356,149.18,147.78,0.0093
East,Assam,District_107,2015,768.94,12.54,60.07,16.87,570839,51.75,20.08,0.6004
East,Assam,District_53,2010,1132.23,44.06,269.61,281.06,2096280,128.81,120.38,0.0649
North,Himachal Pradesh,District_37,2010,1152.16,18.74,168.7,148.99,549633,32.93,60.26,-0.8056
East,Odisha,District_89,2012,870.18,40.52,158.96,153.43,3374014,629.97,594.16,0.0568
Central,Madhya Pradesh,District_95,2016,772.94,39.11,254.76,282.22,3395065,417.36,373.2,0.1056
Central,Chhattisgarh,District_28,2010,990.18,38.22,132.1,119.02,895432,174.03,196.73,-0.1297
South,Karnataka,District_120,2003,896.89,35.91,160.22,189.66,704995,149.27,170.13,-0.1388
West,Gujarat,District_116,2007,525.03,22.55,77.81,89.9,749172,148.08,110.19,0.2542
Central,Madhya Pradesh,District_25,2001,944.73,25.66,155.75,177.2,1208502,122.15,98.99,0.1881
South,Andhra Pradesh,District_99,2019,1154.51,45.96,268.2,275.51,488656,25.75,-12.46,1.4283
East,Jharkhand,District_64,2005,1028.63,11.13,298.16,284.59,3056188,216.8,211.06,0.0264
East,Odisha,District_148,2023,721.68,23.12,200.03,213.04,1406579,251.07,210.96,0.1591
East,Odisha,District_49,2005,1017.5,45.64,297.69,256.64,19011,2.83,-4.94,2.0288
North,Punjab,District_132,2014,805.2,30.43,263.27,277.73,1799292,340.73,321.62,0.0559
North,Punjab,District_79,2015,1342.38,21.74,252.38,272.92,575185,32.06,33.76,-0.0514
North,Uttar Pradesh,District_24,2012,759.02,15.15,337.14,290.85,3298737,568.2,545.73,0.0395
North,Haryana,District_118,2007,873.51,42.94,93.59,67.11,3274521,581.01,602.86,-0.0375
West,Rajasthan,District_150,2011,887.43,39.21,159.35,139.14,2634222,405.64,401.87,0.0093
West,Maharashtra,District_13,2009,951.1,27.49,276.26,240.18,1184694,219.75,244.57,-0.1124
North,Punjab,District_121,2009,550.17,32.51,163.23,181.35,3296121,540.52,529.12,0.021
Central,Chhattisgarh,District_3,2003,589.76,13.61,183.54,136.12,2329222,218.9,200.69,0.0828
East,Jharkhand,District_35,2008,1350.46,19.4,298.96,312.63,1263749,157.76,152.32,0.0343
South,Telangana,District_104,2011,1131.9,20.15,210.02,206.97,559344,91.23,119.33,-0.3047
West,Maharashtra,District_103,2001,589.21,4.68,236.85,247.58,395069,30.18,19.27,0.35
North,Uttarakhand,District_144,2006,1221.18,11.94,217.75,229.22,1265104,51.98,45.69,0.1187
South,Telangana,District_142,2009,795.88,46.45,106.89,59.62,3091263,521.33,533.31,-0.0229
East,Bihar,District_99,2016,696.03,23.3,141.89,165.41,2752040,206.91,224.44,-0.0843
East,Assam,District_141,2008,831.05,19.86,280.35,283.24,251538,43.47,28.67,0.333
North,Himachal Pradesh,District_31,2004,1066.8,44.28,74.39,83.82,842150,66.52,31.07,0.525
East,West Bengal,District_101,2011,892.53,35.19,135.91,115.97,1233015,157.86,161.49,-0.0228
East,Odisha,District_143,2011,655.4,45.66,225,194.02,1231688,118.48,94.1,0.2041
Central,Madhya Pradesh,District_51,2019,1041.85,49.32,289.47,271.36,1531589,265.72,235.34,0.1139
North,Haryana,District_103,2016,1026.24,42.56,174.57,200.46,2201505,112.83,113.77,-0.0083
West,Maharashtra,District_12,2001,611.56,31.72,199.29,176.35,1630181,225.33,240.03,-0.0649
Central,Madhya Pradesh,District_86,2015,1572.21,16.01,277.1,268.49,921814,54.48,44.63,0.1776
North,Haryana,District_117,2004,1347.19,40.67,146.9,99.94,2069048,346.17,357.26,-0.0319
North,Himachal Pradesh,District_132,2004,488.1,23.44,95.8,109.32,320063,15.06,-28.23,2.6951
East,Odisha,District_82,2005,1110.75,42.28,219.69,237.44,2494802,521.34,514.41,0.0133
South,Kerala,District_77,2018,567.51,35.64,308.11,304.65,878787,137.73,162.59,-0.1793
East,Odisha,District_130,2016,1182.24,30.67,174.15,166.28,252103,36.58,51.06,-0.3852
Central,Chhattisgarh,District_126,2022,746.11,42.87,84.44,85.95,3008220,218.78,216.5,0.0104
North,Uttarakhand,District_77,2015,1044.28,27.7,244.24,258.52,3486888,464.64,438.54,0.0561
North,Uttar Pradesh,District_95,2010,666.4,42.15,264.26,219.97,2000404,236.79,195.31,0.1745
East,West Bengal,District_107,2018,993.31,27.32,135.08,160.86,2157841,125.69,96.3,0.232
South,Andhra Pradesh,District_7,2019,947.56,40.96,199.86,225.27,3286593,229.82,231.34,-0.0066
North,Punjab,District_68,2020,997.32,36.93,327.56,296.58,834973,62.26,42.26,0.3162
North,Uttarakhand,District_148,2007,924.28,31.92,234.72,225.53,1459359,131.83,151.6,-0.1489
West,Maharashtra,District_150,2015,1128.71,14.36,284.58,283.74,463013,89.86,63.62,0.2889
South,Tamil Nadu,District_135,2020,1066.53,40.65,99.69,124.11,3322735,364.87,373.28,-0.023
North,Himachal Pradesh,District_98,2004,1114.33,43.4,151.64,113.46,1235985,60.49,43.72,0.2726
South,Karnataka,District_9,2018,1043.15,5.03,154.14,130.32,1530412,203.91,187.85,0.0784
East,West Bengal,District_49,2000,872.01,22.6,81.72,103.23,2413559,463.93,485.37,-0.0461
East,Assam,District_81,2013,453.22,14.26,300.11,299.87,3076481,442.48,463.54,-0.0475
Central,Madhya Pradesh,District_106,2022,877.86,42.51,136.1,132.36,2170091,262.22,248.9,0.0506
West,Rajasthan,District_106,2016,737.85,29.4,156.4,161.16,780820,155.59,168.24,-0.0808
North,Himachal Pradesh,District_121,2023,952.08,26.8,142.53,131.16,2270913,348.67,344.5,0.0119
West,Maharashtra,District_36,2016,1196.97,25.14,279.76,287.2,2835928,162.26,160.82,0.0088
West,Rajasthan,District_144,2010,553.97,5.07,152.04,164.42,2835711,398.87,390.26,0.0215
North,Punjab,District_135,2012,948.83,6.78,64.65,17.55,156900,30.58,8.46,0.7003
East,Odisha,District_45,2014,783.91,3.69,276.39,242.23,1893798,375.67,357.02,0.0495
Central,Chhattisgarh,District_88,2017,1164.32,45.16,240.82,260.31,536393,103.04,97.31,0.055
South,Telangana,District_68,2019,629.7,16.3,241.39,259,2270424,176.25,154.06,0.1252
North,Punjab,District_50,2007,1370,47.32,348.7,342.68,2494340,166.2,122.36,0.2622
West,Gujarat,District_143,2009,791.26,11.77,283.03,278.99,2168268,210.81,240.15,-0.1385
South,Karnataka,District_77,2009,814.43,20.34,147.52,174.53,2087072,285.73,247.24,0.1342
West,Rajasthan,District_126,2010,1219.08,8.42,331.26,301.15,2432209,256.39,216.02,0.1568
North,Punjab,District_90,2017,791.54,15.23,156.33,130.27,2883423,594.73,549.92,0.0752
West,Gujarat,District_74,2003,658.35,13.63,119.01,72.65,2389494,372.04,348.22,0.0639
North,Uttarakhand,District_140,2012,445.58,48.88,169.39,135.24,3160224,621.03,637.49,-0.0264
South,Kerala,District_89,2004,1220.89,20.9,236.38,230.82,798566,73.87,34.55,0.5252
South,Andhra Pradesh,District_11,2009,682.34,13.06,143.88,144.33,2835959,294.55,294.55,0
East,Bihar,District_89,2014,933.49,44.45,104.01,86.18,2921405,535.26,559.45,-0.0451
West,Gujarat,District_123,2006,722.08,15.55,229.74,239.22,1665224,273.95,254.34,0.0713
West,Rajasthan,District_138,2008,868.97,48.99,182.01,171.86,3238255,401.67,404.69,-0.0075
Central,Chhattisgarh,District_70,2004,791.29,27.74,268.04,262.55,1734759,217.75,218.79,-0.0048
East,West Bengal,District_62,2007,685.57,28.39,180.98,140.76,55633,10.5,-1.33,1.0283
West,Maharashtra,District_136,2007,890.33,4.62,341.84,330.83,3438376,428.05,393.72,0.08
South,Karnataka,District_14,2003,633.64,8.2,146.38,113.98,1021891,82.72,100.25,-0.2095
East,Jharkhand,District_85,2022,730.91,17.97,332.58,335.14,2918007,371.58,388.15,-0.0445
North,Punjab,District_26,2021,872.31,36.06,345.28,371.26,78879,4.92,-37.18,7.1066
Central,Madhya Pradesh,District_2,2017,1173.19,32.52,282.1,305.76,802600,143.99,163.91,-0.1374
South,Tamil Nadu,District_105,2020,1557.74,22.56,67.86,35.18,3225912,194.03,178.32,0.0806
North,Punjab,District_123,2020,699.51,29.28,289.68,240.74,2320289,305.67,267.51,0.1244
West,Rajasthan,District_74,2010,881.5,47.38,76.6,32.12,3033099,368.55,377.65,-0.0246
South,Andhra Pradesh,District_16,2002,1318.84,48.03,101.42,85.03,1405277,297.06,265.28,0.1066
North,Uttarakhand,District_60,2017,1092.61,41.39,173.76,167.95,2203440,262.48,254.19,0.0314
West,Maharashtra,District_45,2013,1359.4,14.42,151.77,174.82,2099820,262.48,239.01,0.0891
South,Tamil Nadu,District_10,2012,490.93,18.67,290.31,270.3,615338,129.66,152.81,-0.1772
North,Punjab,District_48,2023,718.44,9.75,338.62,325.61,2268840,100.57,90.51,0.099
South,Andhra Pradesh,District_10,2000,1206.62,12.23,311.48,265.01,1677918,228.19,227.77,0.0018
South,Andhra Pradesh,District_146,2019,1132.2,10.12,343.46,305.2,1244003,238.98,264.55,-0.1066
East,West Bengal,District_86,2009,755.08,16.18,86.26,62.82,2223977,237.47,209.55,0.117
East,Assam,District_140,2016,816.49,10.18,171.51,173.75,730003,60.69,88.26,-0.4469
North,Punjab,District_35,2016,949.67,40.24,158.01,131.58,34156,2.75,-5.09,2.0924
East,Assam,District_70,2006,312.04,14.52,62.64,40.77,1525267,201.82,168.46,0.1645
East,West Bengal,District_85,2005,963.02,33.41,313.03,323.5,435661,90.03,70.53,0.2142
East,Assam,District_66,2022,772,20.66,98.11,107.11,705568,138.34,150.04,-0.084
South,Tamil Nadu,District_4,2023,689.9,44.99,340.32,334.85,2955107,203.65,220.67,-0.0832
East,Odisha,District_76,2018,551.05,14.81,94.66,106.24,2018011,379.22,398.79,-0.0515
West,Rajasthan,District_45,2019,922.06,2.33,281.52,270.39,308313,37.01,23.77,0.3483
South,Kerala,District_110,2016,946.86,49.2,130.06,105.56,721014,139.15,140.58,-0.0102
East,Odisha,District_23,2012,830.01,25.62,346.08,353.82,3458243,566.09,534.98,0.0549
East,West Bengal,District_48,2004,899.44,22.03,149.8,104.78,1677805,355.02,379.57,-0.069
North,Punjab,District_83,2007,741.38,31.77,217.99,237.94,2873214,484.9,494.56,-0.0199
North,Uttar Pradesh,District_67,2012,586.35,38.5,269.5,298.91,1502564,159.28,159.96,-0.0043
South,Karnataka,District_115,2008,723.59,5.27,151.9,160.56,300291,35.37,58.51,-0.6361
East,Odisha,District_78,2018,1104.95,37.84,63.65,42.09,1077307,103.76,129.19,-0.2428
North,Uttarakhand,District_3,2008,418.07,35.28,282.21,287.88,459854,89.76,58.56,0.3438
South,Telangana,District_61,2001,643.48,49.23,323.83,285.68,2384320,140.19,127.51,0.0898
East,West Bengal,District_120,2009,227.11,21.05,185.05,169.51,544954,68.34,73.3,-0.0716
South,Tamil Nadu,District_104,2021,1403.89,29.81,317.81,302.27,2559755,341.41,367.57,-0.0764
North,Haryana,District_80,2022,886.74,16.89,112.71,102.38,2352208,116.41,112.95,0.0295
East,West Bengal,District_76,2011,456.99,28.59,146.41,140,2024413,338.83,360.86,-0.0648
North,Himachal Pradesh,District_57,2007,1081.84,38.85,93.05,71.54,1477108,191.9,164.55,0.1418
Central,Madhya Pradesh,District_123,2004,1062.9,14.75,293.96,303.82,2180521,338.01,361.9,-0.0705
East,Assam,District_96,2013,412.18,28.18,98.69,73.36,400105,31.87,54.13,-0.6771
Central,Chhattisgarh,District_121,2017,747.11,30.08,201.68,189.74,2008384,176.91,138.61,0.2153
West,Rajasthan,District_64,2021,606.05,37.63,246.5,251.24,1840260,89.94,100.63,-0.1175
North,Himachal Pradesh,District_21,2016,849.02,8.51,135.41,134.61,2591854,486.76,444.05,0.0876
East,Assam,District_136,2022,1029.57,29.46,330.38,291.72,2932369,297.26,252.44,0.1503
South,Telangana,District_20,2018,47.14,14.65,140.95,96.49,1004280,220.62,244.99,-0.11
East,West Bengal,District_16,2017,770.37,18.69,66.28,88.94,1257222,196.55,178,0.0939
North,Haryana,District_52,2018,510.16,8.16,248.55,199.96,2960304,519.01,504.88,0.0272
Central,Chhattisgarh,District_39,2005,853.97,5.08,231.88,195.88,603033,74.45,45.63,0.382
East,Odisha,District_134,2014,867.18,47.45,139.8,137.96,2702024,272.58,234.04,0.1409
East,West Bengal,District_53,2022,1060.57,35.58,149.01,174.44,1210268,75.7,56.53,0.2499
North,Uttarakhand,District_126,2002,1103.91,3.91,233.33,193.75,904694,194.6,150.87,0.2236
North,Haryana,District_115,2001,1208.07,37.37,205.3,189.48,2198525,419.9,384.11,0.085
East,Assam,District_34,2016,894.98,13.67,219.67,234.27,1373356,117.79,100.46,0.1459
East,Jharkhand,District_117,2018,1589.98,32.33,212.84,196.24,850165,149.8,136.11,0.0907
West,Maharashtra,District_144,2014,991.49,10.96,114.59,129.85,1568749,330.38,330.64,-0.0008
South,Andhra Pradesh,District_6,2012,920.23,7.26,118.83,68.96,1505424,154.95,140.23,0.0944
West,Gujarat,District_1,2023,601.71,15.16,67.72,38.9,2806338,535.76,512.09,0.0441
West,Rajasthan,District_149,2002,1088.26,35.09,142.3,116.79,656857,106.22,71.83,0.3208
West,Maharashtra,District_109,2011,989.53,48.21,242.22,257.49,794957,78.81,63.64,0.1901
East,Bihar,District_139,2001,1204.92,5.4,251.51,216.78,1949116,252.41,211.14,0.1629
East,Bihar,District_121,2001,704.34,16.4,65.56,61,3388172,155.91,142.43,0.0859
South,Andhra Pradesh,District_105,2005,1045.74,10.44,128.26,118.71,3332657,423.39,452.29,-0.0681
Central,Madhya Pradesh,District_108,2011,670.98,46.21,343.06,355.28,436863,29,10.56,0.6147
South,Kerala,District_115,2012,734.99,34.8,232.17,201.78,2162907,260.92,260.51,0.0016
South,Kerala,District_21,2021,771.58,49.24,144.75,151.17,255617,12.78,-19.7,2.3576
Central,Chhattisgarh,District_35,2020,433.71,44.18,117.03,71.25,2348697,477.39,494.73,-0.0363
South,Telangana,District_31,2005,818.37,48.48,191.34,145.68,282291,37.76,32.58,0.1336
Central,Chhattisgarh,District_101,2016,1133.66,26.71,208.85,230.27,2722762,172.78,154.52,0.1051
Central,Madhya Pradesh,District_58,2000,385.21,11.46,88.31,104.96,2254155,423.48,426.92,-0.0081
North,Uttar Pradesh,District_77,2014,1038.99,34.5,257.97,237.68,2060990,120.56,137.65,-0.1405
Central,Chhattisgarh,District_109,2017,1481.02,22.69,208.05,226.8,1790565,181.77,198.01,-0.0889
South,Kerala,District_59,2007,895.98,34.91,125.62,145.08,1406538,258.44,280.41,-0.0847
East,Assam,District_89,2004,839.96,39.47,323.96,323.33,3246883,415.81,429.47,-0.0328
West,Gujarat,District_49,2023,937.87,6.72,190.29,145.05,2961116,584.68,559.38,0.0432
East,West Bengal,District_9,2021,682.53,14.14,79.51,88.07,439632,17.88,35.69,-0.9433
East,Jharkhand,District_5,2007,526.19,39.99,257.36,263.4,3075465,203.9,172.17,0.1548
West,Rajasthan,District_18,2003,594.75,13.28,249.16,246.75,1477333,105.35,131.89,-0.2495
North,Himachal Pradesh,District_9,2014,1129.27,10.51,62.04,27.6,2694244,236.37,216.65,0.0831
North,Himachal Pradesh,District_13,2007,944.23,48.34,325.59,315.36,824195,126.46,82.32,0.3463
West,Maharashtra,District_103,2014,758,37.25,211.3,224.25,2072244,387.24,388.87,-0.0042
South,Karnataka,District_139,2006,849.55,6.24,159.25,110.73,3353669,444.77,421.6,0.052
West,Maharashtra,District_36,2016,1013.21,36.92,288.09,298.59,1006052,192.89,189.45,0.0177
South,Andhra Pradesh,District_60,2023,644.56,36.01,272.24,288.33,2520700,327.71,348.12,-0.0621
North,Uttarakhand,District_82,2018,425.94,3.65,244.13,205.42,200541,36.77,22.11,0.388
North,Himachal Pradesh,District_83,2007,1094.81,44.56,179.17,160.83,598526,122,140.42,-0.1497
South,Andhra Pradesh,District_37,2021,815.55,32.9,140.37,134.4,2325634,401.14,407.14,-0.0149
North,Haryana,District_57,2013,922.72,26.29,107.13,60.35,96171,16.27,-3.56,1.1483
South,Andhra Pradesh,District_71,2001,992.21,32.34,186.23,174.22,1776201,73.43,71.73,0.0229
Central,Chhattisgarh,District_45,2020,939.28,36.47,188.38,159.8,2579462,559.24,560.53,-0.0023
East,Jharkhand,District_143,2015,762.74,23.13,80.1,63.84,2110637,365.16,392.97,-0.076
West,Maharashtra,District_89,2020,601.82,27.98,75.34,49.25,289548,44.25,47.34,-0.0684
South,Kerala,District_135,2010,898.01,25.32,224.1,180.76,173253,35.14,65.08,-0.8286
East,Jharkhand,District_105,2004,949.89,30.52,268.6,249.1,2699688,333.43,345,-0.0346
South,Andhra Pradesh,District_97,2005,830.39,47.71,214.59,194.06,1003722,63.52,65.34,-0.0281
Central,Chhattisgarh,District_122,2007,1075.45,6.76,240.66,234.91,2769036,261.48,287.67,-0.0998
South,Karnataka,District_77,2022,1227.02,46.81,330.45,350.44,951066,52.46,8.62,0.8201
Central,Madhya Pradesh,District_119,2001,870.64,33.99,142.77,125.9,476122,55.88,62.9,-0.1234
Central,Chhattisgarh,District_106,2013,849.98,48.7,61.41,58.4,2169828,285.65,313.8,-0.0982
Central,Chhattisgarh,District_136,2004,383.04,21.53,124,111.34,680078,125.2,91.78,0.2648
South,Kerala,District_63,2008,786.01,11.93,328.27,328.98,535112,114.41,118.79,-0.038
West,Rajasthan,District_85,2020,933.63,18.25,62.06,37.64,1065482,120.86,77.34,0.3571
East,Bihar,District_116,2011,1257.03,3.51,95.27,74.62,2533929,269.54,241.81,0.1025
East,Bihar,District_138,2023,1121.44,40.92,176.1,130.33,928605,124.1,151.32,-0.2176
West,Rajasthan,District_14,2008,966.61,35.08,159.03,171.78,1018750,185.86,200.79,-0.0799
South,Kerala,District_11,2002,737.93,40.65,306.54,313.41,494498,36.06,23.5,0.3389
West,Rajasthan,District_144,2006,1006.78,15.13,175.9,127.27,1464915,70.35,89.62,-0.2701
North,Punjab,District_54,2010,871.75,2.67,224.39,179.81,3132156,589.09,618.09,-0.0492
South,Andhra Pradesh,District_4,2006,330.76,25.95,80.94,56.19,1263641,224.67,238.91,-0.0631
West,Rajasthan,District_31,2023,1491.46,17.53,297.58,284.66,2444700,481.68,465.7,0.0331
North,Punjab,District_63,2022,678.55,32.09,133.43,99.13,1901594,289.07,248.99,0.1382
North,Himachal Pradesh,District_53,2012,909.52,11.91,273.16,233.84,1622895,224.68,213.71,0.0486
South,Karnataka,District_142,2010,853.77,42.96,308.28,330.35,15727,0.85,-2.71,1.9227
South,Andhra Pradesh,District_98,2014,668.58,6.89,64.62,45.32,2585746,523.66,501.4,0.0424
Central,Chhattisgarh,District_92,2009,823.38,17.36,281.31,247.13,1477417,289.55,275.04,0.05
West,Gujarat,District_93,2016,763.15,8.1,183.99,201.12,670313,81.5,47.51,0.412
North,Punjab,District_120,2003,684.58,11.2,197.62,198.7,1426257,194.58,195.01,-0.0022
North,Punjab,District_82,2006,941.6,42.71,202.96,195.21,350510,35.38,61.23,-0.7103
South,Telangana,District_81,2013,1498.7,46.86,270.56,227.14,633821,115.93,109.45,0.0555
West,Maharashtra,District_145,2007,1269.07,18.03,90.98,101.87,283116,16.74,-11.64,1.5999
Central,Madhya Pradesh,District_5,2008,843.79,12.1,259.98,219.79,1401511,195.24,198.5,-0.0166
Central,Chhattisgarh,District_150,2018,548.28,23.47,340,339.81,1794472,131.35,124.04,0.0553
East,Jharkhand,District_76,2004,1166.84,5.68,252.57,263.56,107115,19.24,23.84,-0.227
West,Rajasthan,District_85,2007,641.2,29.06,119.44,90.08,2253926,277.84,246.47,0.1125
South,Kerala,District_146,2007,629,41.4,184.38,199.26,2365876,148.56,165.18,-0.1111
North,Punjab,District_141,2020,1057,25.67,83.76,98.08,1763076,255.63,230.52,0.0978
East,Odisha,District_66,2015,870.38,8.11,325.26,315.78,1938298,422.63,432.75,-0.0239
North,Punjab,District_118,2005,888.64,34.26,75.09,96,67066,7.31,-25.48,3.9451
South,Telangana,District_44,2004,979.7,36.92,93.4,76.35,2237756,394.15,383.67,0.0265
Central,Chhattisgarh,District_126,2005,1183.07,5.72,65.23,87.04,1485851,246.49,268.09,-0.0873
Central,Chhattisgarh,District_16,2016,931.17,24.62,344.52,315.29,2934697,206.2,197.78,0.0406
West,Maharashtra,District_20,2021,1231.64,25.39,241.28,195.58,2892118,465.85,482.85,-0.0364
West,Maharashtra,District_2,2013,911.92,34.64,118.83,89.18,2170534,139.98,107.27,0.232
Central,Madhya Pradesh,District_60,2002,1400.48,9.43,147.34,157.42,1031972,206.37,231.74,-0.1224
Central,Madhya Pradesh,District_3,2006,504.68,29.19,248.37,254.16,104031,15.88,41.79,-1.535
North,Haryana,District_117,2011,833.15,42.15,208.46,196.3,320218,63.67,50.79,0.1991
West,Maharashtra,District_124,2021,1240.94,26.37,204.74,225.93,2151491,179.42,208.24,-0.1598
North,Punjab,District_5,2000,642.69,19.28,86.05,95.5,3106287,514.21,496,0.0353
Central,Chhattisgarh,District_142,2013,661.33,13.69,304.24,317.49,1117491,167.59,197.49,-0.1774
North,Uttar Pradesh,District_5,2016,1033.1,44.91,211.3,220.28,2925323,616.11,626.72,-0.0172
West,Gujarat,District_138,2009,616.35,4.46,203.99,224.12,2504799,209.99,170.12,0.189
North,Uttar Pradesh,District_129,2022,427.58,7.03,137.7,126.09,1356502,145.42,164.07,-0.1273
East,Jharkhand,District_46,2003,1080.47,11.14,166.35,187.88,1204325,86.42,44.73,0.4769
East,West Bengal,District_135,2004,1159.91,5.38,162.93,152.68,516477,105.38,93.83,0.1086
South,Karnataka,District_50,2019,781.99,42.47,246.82,224.76,2637274,290.96,271.02,0.0683
North,Haryana,District_65,2011,583.31,12.34,124.11,95.77,1262752,222.56,207.05,0.0694
West,Gujarat,District_102,2002,1025.27,36.57,84.98,77.87,656142,60.16,65.58,-0.0886
South,Telangana,District_104,2014,759.65,7.55,172.7,199.73,2628531,419.06,386.34,0.0779
North,Uttarakhand,District_63,2022,797.15,42.87,105.42,57.44,3199074,647.96,674.14,-0.0404
South,Karnataka,District_77,2021,822.89,43.45,158.87,116.91,1948690,200.72,161.09,0.1965
East,Bihar,District_9,2002,923.19,30.36,249.29,258.84,1340499,200.03,166.32,0.1677
South,Kerala,District_98,2012,696.11,27.98,293.12,282.41,3093378,337.52,334.19,0.0098
Central,Chhattisgarh,District_122,2001,661.29,16.54,275.93,228.78,432230,42.16,7.06,0.8133
North,Uttar Pradesh,District_44,2002,920.41,44.3,161.55,184.89,2734713,262.73,234.01,0.1089
North,Punjab,District_112,2020,696.45,39.34,170.89,165.44,933746,39.62,42.41,-0.0686
East,Odisha,District_145,2003,107.75,30.85,306.1,265,1954309,314.12,323.91,-0.0311
North,Haryana,District_11,2007,980.3,36.73,227.38,205.57,26017,4.25,-18.83,4.3976
West,Rajasthan,District_146,2015,858.78,19.28,82.25,78.15,3030624,639.87,639.22,0.001
West,Gujarat,District_12,2002,715.94,3.8,267.98,254.94,2646732,221.7,195.84,0.1161
West,Gujarat,District_140,2018,886.29,10.08,115.08,108.22,646581,103.24,125.35,-0.2121
West,Maharashtra,District_46,2010,1214.8,40.68,299.32,259.87,311412,67.39,52.67,0.2152
North,Uttar Pradesh,District_54,2018,1299.86,36.07,62.13,50.68,1815831,121.27,93.08,0.2306
Central,Madhya Pradesh,District_102,2002,357.83,47.84,326.69,331.8,331790,17.15,12.22,0.2716
South,Andhra Pradesh,District_42,2018,350.43,13.53,196.24,189.81,502707,92.57,75.16,0.1861
South,Karnataka,District_146,2012,699.62,45.96,238.48,253.07,436743,70.73,61.29,0.1315
Central,Chhattisgarh,District_85,2012,901.6,36.47,228.62,182.8,822274,48.62,65.59,-0.3421
Central,Madhya Pradesh,District_21,2016,1192.06,44.82,272.53,261.87,2681557,465.72,474.74,-0.0193
South,Telangana,District_14,2003,1281.47,29.12,85.56,82.47,705778,108.74,128.21,-0.1773
East,Jharkhand,District_60,2002,1448.37,42.75,188.66,145.16,2657800,368.85,339.13,0.0804
East,Odisha,District_102,2010,390.81,29.99,338.46,315.64,1082383,107.41,113.81,-0.0591
North,Uttar Pradesh,District_70,2014,1098.62,4.29,162.15,123.62,2362920,147.94,154.62,-0.0448
North,Punjab,District_59,2011,905.45,44.52,284.73,255.91,1998438,261.64,217.51,0.168
Central,Chhattisgarh,District_97,2013,706,14.59,186.46,203.91,1301353,142.76,113.93,0.2005
South,Tamil Nadu,District_150,2021,884.75,25.66,112.45,83.67,834593,165.83,157.19,0.0518
South,Kerala,District_22,2019,993.64,28.53,93.28,113.18,1031783,172.75,149.23,0.1354
South,Andhra Pradesh,District_64,2022,1313.86,14.12,250.48,264.62,1941436,266.08,223.42,0.1597
East,Bihar,District_22,2008,694.07,28.48,303.92,254.17,2831112,129.99,122.55,0.0568
Central,Madhya Pradesh,District_98,2022,892.55,30.83,78.12,50.42,301629,49.27,5.62,0.8682
Central,Madhya Pradesh,District_100,2010,1097.3,47.51,201.16,174.97,1761988,241.15,265.86,-0.102
South,Telangana,District_28,2002,998.4,46.83,282.24,259.61,2824737,341.33,311.59,0.0869
North,Uttar Pradesh,District_79,2014,1474.8,38.18,240.38,227.18,2552675,160.4,145.97,0.0894
South,Telangana,District_70,2003,1080.4,25.16,240.55,269.74,2182045,131.42,141.29,-0.0745
Central,Madhya Pradesh,District_23,2005,1251.9,9.86,140.32,165.05,2850309,236.23,237.08,-0.0036
East,Jharkhand,District_115,2017,892.06,23.3,318.48,315.57,2994718,239.34,210.8,0.1187
Central,Chhattisgarh,District_132,2013,823.36,6.07,294.21,262.49,443472,40.04,43.87,-0.0934
East,West Bengal,District_7,2002,896,46.31,119.93,80,806841,148.33,140.19,0.0545
South,Telangana,District_142,2002,1063.15,36.9,344.42,361.97,352766,53.94,48.57,0.0979
North,Himachal Pradesh,District_84,2012,773.81,48.07,256.09,213.47,1210412,53.82,21.18,0.5954
North,Uttar Pradesh,District_75,2013,1189.49,28.62,321.47,277.38,1342676,106.98,67.59,0.3648
South,Kerala,District_22,2023,785.91,43.66,204.91,230,3000665,447.86,463.73,-0.0353
Central,Chhattisgarh,District_63,2018,889.01,6.13,222.15,211.93,1898145,226.96,231.91,-0.0217
North,Haryana,District_44,2021,408.66,27.05,229.84,259.16,1148009,51.27,59.88,-0.1647
South,Kerala,District_44,2004,1076.06,30.5,236.28,234.01,2982381,202.42,205.7,-0.0162
West,Gujarat,District_78,2008,799.94,35.46,222.43,221.52,1422576,248.31,237.08,0.0451
North,Punjab,District_38,2002,547.92,32.57,342.68,306.63,1895695,168.19,170.4,-0.0131
South,Tamil Nadu,District_112,2008,849.25,29.31,315.7,270.34,1326822,261.76,254.12,0.0291
East,Jharkhand,District_77,2015,360.87,36.51,143.23,153.24,3370000,410.17,417.55,-0.0179
East,Bihar,District_93,2008,690.3,20.43,307.78,277.86,1365093,61.76,34.08,0.4411
South,Karnataka,District_127,2019,866.08,28.43,333.89,346.91,2607440,349.9,371.14,-0.0605
North,Himachal Pradesh,District_51,2014,1154.1,8.2,215.69,170.76,3171522,238.39,261.88,-0.0981
East,West Bengal,District_35,2009,733.25,34.3,213.82,190.8,1419568,151.65,144.02,0.05
North,Uttar Pradesh,District_102,2010,939.7,36.82,92.84,90.33,3012493,543.17,515.64,0.0506
North,Himachal Pradesh,District_98,2010,842.32,37.68,187.05,151.63,2154934,344.44,335.09,0.0271
East,Assam,District_86,2013,739.73,32.69,158.02,115.47,1972686,169.76,169.23,0.0031
North,Himachal Pradesh,District_35,2009,592.91,30.9,262.26,285.02,1986402,226.27,188.87,0.1645
East,Odisha,District_52,2015,1099.68,45.02,258.86,220.14,3182118,622.74,628.69,-0.0095
East,Odisha,District_46,2012,746.84,22.06,132.85,137.2,929217,159.17,147.19,0.0748
East,Odisha,District_75,2023,710.98,19.23,294.42,293.38,301268,60.5,33.75,0.4351
North,Punjab,District_148,2007,1233.5,9.3,97.79,100.14,380837,75.1,101.98,-0.3532
East,Odisha,District_97,2008,670.79,41.87,225.69,207.09,3008868,257.49,245.84,0.0451
South,Kerala,District_94,2003,1492.04,13.19,310.68,315.93,3331900,450.88,450.82,0.0001
North,Uttarakhand,District_52,2018,1005.05,16.27,257.7,271.08,532257,96.99,110.66,-0.1395
Central,Chhattisgarh,District_47,2021,1187.53,28.97,274.86,251.91,277199,41.53,42.84,-0.0309
Central,Chhattisgarh,District_7,2023,1067.88,16.62,67.21,96.9,2786034,263.28,258.82,0.0168
East,Assam,District_54,2014,1463.84,45.36,88.58,100.01,2161449,406.94,372.67,0.084
South,Andhra Pradesh,District_18,2013,1057.43,21.93,85.91,80.89,1156766,143.84,129.49,0.0991
North,Punjab,District_36,2020,1291.91,2.83,219.41,180.79,2030470,249.21,262.44,-0.0529
South,Andhra Pradesh,District_62,2008,1002.66,46.81,159.93,177.05,2868507,480.72,497.37,-0.0346
Central,Madhya Pradesh,District_109,2012,859.33,8.86,281.63,248.44,2693306,525.55,519.77,0.011
East,Bihar,District_115,2019,1171.99,49.74,256.96,281.03,2783654,612.28,587.91,0.0397
North,Punjab,District_150,2012,913.49,30.19,110.52,63.49,3343986,637.48,624.56,0.0202
Central,Chhattisgarh,District_130,2022,615.81,49.96,143.19,150.75,2462154,365.21,390.37,-0.0687
East,Jharkhand,District_140,2001,911.87,28.87,210.83,191.97,2711711,268.69,290.23,-0.0799
South,Telangana,District_138,2019,1027.39,43.76,244.47,261.29,632423,117.14,135.37,-0.1543
East,Bihar,District_28,2007,604.54,22.45,220.17,202.26,3127252,350.27,321.89,0.0808
South,Telangana,District_43,2020,972,47.18,309.95,294.8,601470,113.47,120.71,-0.0632
North,Himachal Pradesh,District_12,2018,443.04,24.43,142.82,95.89,1495175,110.38,129.28,-0.1696
South,Kerala,District_85,2013,646.61,6.74,228.14,207.91,2089722,284.98,255.85,0.1019
East,West Bengal,District_3,2003,970.6,10.62,88.93,114.57,2206306,404.19,398.4,0.0143
West,Gujarat,District_57,2016,1253.08,8.28,128.31,83.71,564656,83.33,52.62,0.3641
North,Haryana,District_143,2018,1110.82,13.24,77.38,65.97,1779239,287.7,287.32,0.0013
North,Uttarakhand,District_57,2014,1129.99,46.71,85.81,74.89,2389151,497.73,500.48,-0.0055
South,Telangana,District_101,2014,658.06,34.18,143.76,126.92,2297321,160.93,181.84,-0.1292
North,Uttarakhand,District_129,2004,832.61,6.1,323.74,338.25,1171649,112.22,104.15,0.0712
South,Telangana,District_7,2015,1197.97,22.73,171.97,146.78,3457501,341.81,324.72,0.0499
East,West Bengal,District_76,2013,817.13,15.21,323.78,303.07,2667825,215.31,179.85,0.1639
East,Bihar,District_30,2023,740.88,11.63,267.39,272.19,3170649,456.74,414.89,0.0914
Central,Madhya Pradesh,District_90,2009,1088.11,26.15,84.05,64.45,1643853,162.99,171.62,-0.0526
East,Odisha,District_117,2006,526.89,25.31,264.21,291.83,74072,5.71,11.58,-0.8756
North,Haryana,District_124,2011,874.63,24.34,333.53,288.99,3492899,364.94,383.73,-0.0514
North,Punjab,District_25,2014,40.08,45.24,329.7,329.02,2278457,289.39,311.02,-0.0745
East,Assam,District_82,2002,1117.83,7.54,292.45,280.1,632752,51.47,66.51,-0.2865
South,Andhra Pradesh,District_12,2022,929.98,14.6,75.18,86.7,685608,126.3,128.01,-0.0134
East,West Bengal,District_6,2010,803.36,45.36,80.21,105.55,1073067,84.52,92.63,-0.0948
East,West Bengal,District_43,2023,783.75,45.72,238.45,235.5,3402951,165.8,180.03,-0.0853
South,Karnataka,District_133,2005,584.65,29.16,238.51,265.35,3000032,326.41,335.28,-0.0271
Central,Chhattisgarh,District_41,2010,1093.08,33.4,208.36,225.65,3125999,658.25,652.61,0.0086
Central,Chhattisgarh,District_110,2014,1018.44,17.23,282.23,272.39,2006637,190.66,176.19,0.0755
South,Karnataka,District_104,2020,854.69,5.47,144.21,103.63,2293845,186.17,149.98,0.1933
South,Tamil Nadu,District_48,2020,903.45,2.97,278.29,270.39,2089887,118.62,113.51,0.0427
East,Jharkhand,District_102,2000,984.12,21.85,144.92,144.91,670920,91,91.03,-0.0002
North,Himachal Pradesh,District_51,2014,1130.78,47.78,246.21,252.36,2109589,346.89,309.18,0.1084
North,Uttarakhand,District_110,2012,824.02,7.39,81.93,65.77,228933,26.19,15.19,0.4044
North,Uttar Pradesh,District_55,2006,1210.79,22.93,277.11,240.88,3172941,202.57,182.15,0.1003
West,Gujarat,District_17,2018,1405.2,18.93,154.45,146.65,1965852,230.6,225.29,0.0229
East,West Bengal,District_138,2005,919.86,9.55,69.01,23.26,2068902,212.64,190.59,0.1032
South,Telangana,District_84,2006,605.51,35.88,298.04,309.14,948432,69.82,37.48,0.4567
East,Assam,District_30,2008,266.16,38.8,161.69,161.54,1523834,290.23,312.63,-0.0769
North,Punjab,District_136,2020,579.3,2.74,108.36,89.83,628398,82.17,47.25,0.4199
East,Odisha,District_100,2019,1124.49,13.58,82.78,84.26,2512587,203.7,178.19,0.1246
South,Kerala,District_30,2011,1125.66,35.62,176.53,200.42,1210307,262.85,264.09,-0.0047
South,Telangana,District_118,2019,780.32,9.31,253.35,260.6,1696405,247.03,243.6,0.0138
South,Tamil Nadu,District_77,2019,757.17,23.53,215.93,192.84,3316643,485.38,477.45,0.0163
North,Uttarakhand,District_22,2021,1104.27,2.86,330.5,354.24,3102714,531.54,560.01,-0.0535
Central,Madhya Pradesh,District_81,2003,882.2,44.16,212.9,168.51,1726382,153.83,149.06,0.0308
South,Karnataka,District_79,2003,493.74,44.62,191.99,177.51,2832369,577.66,536.91,0.0704
South,Tamil Nadu,District_96,2022,1465.06,39.37,97.99,79.92,522730,57.43,69.25,-0.2024
Central,Madhya Pradesh,District_131,2012,964.55,46.38,211.31,240.23,554203,119.23,132.62,-0.1114
East,Jharkhand,District_36,2018,851.09,14.37,177.98,171.17,3467097,543.15,571.77,-0.0526
South,Kerala,District_109,2005,907.08,33.39,239.39,244.6,1963058,110.65,71.41,0.3515
North,Punjab,District_138,2022,688.92,19.12,231.82,194.97,2987881,471.37,480.72,-0.0198
South,Tamil Nadu,District_143,2005,1007.14,48.45,153.25,103.39,315406,47.44,57.82,-0.2142
North,Punjab,District_74,2004,1036.13,21.96,268.9,225.43,1085804,144.5,106.39,0.2619
South,Tamil Nadu,District_81,2014,808.92,40.61,79.09,53.68,2628339,158.72,130.76,0.1751
North,Himachal Pradesh,District_14,2011,1320.48,30.03,83.91,52.65,2005933,180.67,186.33,-0.0312
North,Uttar Pradesh,District_125,2004,887.97,47.37,141.97,135.1,1758685,237.22,209.93,0.1146
West,Rajasthan,District_99,2017,1141.14,33.5,196.78,181.05,2181561,453.87,429.87,0.0528
North,Haryana,District_127,2013,1107.73,38.18,123.53,118.08,2702328,257.03,237.86,0.0743
North,Punjab,District_107,2022,676.74,41.38,229.45,218.77,412693,50.81,57.23,-0.1239
East,Assam,District_126,2005,634.76,29.89,271.67,268.79,1359091,176.58,173.69,0.0163
East,Bihar,District_145,2000,1337.7,8.34,279.31,287.23,2871188,364.48,327.96,0.0999
South,Karnataka,District_75,2001,1291.29,20.16,277.42,299.67,2036913,434.15,415.2,0.0435
West,Gujarat,District_58,2017,269.21,17.59,344.62,363.84,1526546,272.98,285.87,-0.0471
South,Andhra Pradesh,District_44,2014,629.11,46.27,231.84,231.45,2502065,511.96,533.48,-0.042
North,Uttarakhand,District_127,2017,1123.02,40.87,317.12,326.08,2300362,284.76,294.88,-0.0354
North,Haryana,District_29,2018,1122.92,37.25,244.42,204.42,3051773,183.93,143.88,0.2166
East,West Bengal,District_69,2017,738.55,21.52,171.12,137.54,1140847,230.97,195.56,0.1527
South,Telangana,District_139,2001,693.37,5.42,307.73,275.2,1379170,81.83,104.25,-0.2706
East,Assam,District_140,2006,907.44,48.72,187.22,173.96,858353,172.63,129.72,0.2471
East,Jharkhand,District_27,2023,825.24,43.25,91.91,46.11,2190249,309.01,333.53,-0.0791
South,Karnataka,District_77,2001,681.5,44.61,166.68,185.25,2459149,482.94,463.3,0.0406
East,Assam,District_68,2011,1168.56,22.83,297.63,255.19,2675038,395.85,373.69,0.0558
East,Bihar,District_113,2003,1673.51,10.12,153.51,148.29,882050,77.4,39.6,0.4821
South,Karnataka,District_54,2023,464.99,17.39,220.18,246.14,2583921,438.41,435.07,0.0076
North,Uttarakhand,District_90,2022,685.22,34.16,60.12,25.65,650861,35.37,61.72,-0.7248
North,Himachal Pradesh,District_110,2005,730.93,23.5,189.24,147.58,773201,165.08,146.96,0.1091
North,Himachal Pradesh,District_36,2006,884.3,44,147.42,169.86,2472856,540.73,521.31,0.0359
West,Rajasthan,District_16,2018,792.87,4.42,90.32,49.84,668668,51.76,43.96,0.1479
South,Telangana,District_137,2008,404.67,47.52,304.31,276.52,2297373,135.78,128.82,0.0509
North,Himachal Pradesh,District_138,2005,1002.69,9.71,343.7,361.02,715731,73.6,31.13,0.5693
East,Odisha,District_75,2009,1043.99,16.06,168.33,144.73,2986067,610.56,578.09,0.0531
North,Uttarakhand,District_69,2016,1233.01,16.28,288.89,316.4,309957,37.05,9.25,0.7307
East,West Bengal,District_35,2013,637.98,17.4,311.62,323.01,1191957,151.17,128.45,0.1493
West,Maharashtra,District_71,2020,973.64,5.26,116.2,129.03,51382,3.8,-9.21,2.7082
Central,Madhya Pradesh,District_34,2007,1026.58,47.22,210.36,212.18,2846817,515.4,476.25,0.0758
Central,Madhya Pradesh,District_83,2007,800.33,11.36,338.56,357.15,1272427,141.66,119.62,0.1545
South,Kerala,District_126,2004,1688.48,14.85,191.94,184.27,2539714,456.94,445.19,0.0257
North,Uttarakhand,District_69,2020,230.58,33,63.92,80.95,2333292,164.08,137.04,0.1638
East,Jharkhand,District_97,2014,982.67,35.82,191.62,178.37,925657,117.03,119.03,-0.017
East,Bihar,District_24,2012,833.29,25.68,227.95,242.82,2235943,368.78,359.84,0.0242
North,Haryana,District_72,2022,716.41,16.32,136.28,153.19,2001205,225.14,210.98,0.0626
South,Telangana,District_117,2015,421.37,6.28,184.99,201,3330537,637.6,624.12,0.0211
East,Odisha,District_149,2000,488.21,44.95,67.02,69.13,533534,83.75,111.9,-0.3321
East,Bihar,District_118,2020,1125.58,40.89,215.61,223.35,378114,70.43,90.79,-0.285
South,Telangana,District_17,2017,1160.5,9.23,196.02,185.67,516994,40.86,20.64,0.4831
South,Kerala,District_56,2013,489.33,48.59,110.96,93.19,1548017,182.79,186.11,-0.018
West,Rajasthan,District_127,2008,359.66,35.02,310.55,316.64,2597128,144.05,120.49,0.1624
East,Odisha,District_73,2010,944.67,11.42,260.12,258.89,3174988,211.86,200.28,0.0544
Central,Chhattisgarh,District_148,2004,1382.28,4.65,317.48,291.24,1327896,163.09,178.58,-0.0944
North,Uttarakhand,District_125,2010,955.9,12.1,66.68,24.94,3217852,627.31,656.9,-0.0471
West,Maharashtra,District_12,2003,824.78,38.17,337.14,305.37,2482286,348.36,359.15,-0.0309
East,Assam,District_5,2003,1320.12,33.24,93.72,80.81,2697920,330.65,309.88,0.0626
South,Tamil Nadu,District_113,2014,644.48,15.95,345.28,298.43,764045,65.92,59.96,0.089
North,Uttar Pradesh,District_110,2006,898.26,19.63,325.01,325.54,1723175,241.83,206.69,0.1447
Central,Madhya Pradesh,District_78,2005,994.94,35.51,144.51,147.62,2935527,128.01,114.32,0.1061
West,Gujarat,District_24,2020,995.35,35.54,307.62,326.41,1036480,204.06,200.56,0.0171
South,Telangana,District_65,2002,649.75,23.09,203.93,201.64,3278457,379.52,337.41,0.1107
South,Telangana,District_43,2001,791.37,30.77,294.17,315.42,3480685,573.65,590.88,-0.03
South,Kerala,District_79,2023,656.13,30.97,206.05,166.68,2267412,363.64,352.92,0.0294
South,Karnataka,District_110,2020,706.2,41.98,96.28,115.89,778361,62.69,41.58,0.3314
East,Bihar,District_25,2000,1042.98,28.95,113.92,125.97,2957636,130.32,151.86,-0.164
West,Rajasthan,District_123,2002,808.2,31.25,297.97,305.15,1363416,247.67,273.44,-0.1036
Central,Madhya Pradesh,District_58,2016,928.82,28.9,271.3,272.91,1645594,280.1,289.55,-0.0336
East,Assam,District_3,2000,252.07,42.61,183.98,192.2,1611436,99.05,112.21,-0.1315
East,Odisha,District_31,2013,1247.18,35.66,288.82,290.74,1547713,293.35,301.42,-0.0274
Central,Madhya Pradesh,District_123,2002,900.2,44,283.82,280.38,1558912,109.17,135.67,-0.2405
South,Karnataka,District_99,2002,699.36,41.82,264.14,218.49,3125041,406.58,372.41,0.0838
East,West Bengal,District_27,2010,1126.69,27.47,134.02,109.97,2520114,331.2,321.55,0.029
South,Telangana,District_77,2004,1068.83,33.86,92.88,65.23,1325646,146.7,151.05,-0.0294
South,Kerala,District_35,2020,1122.65,41.95,139.69,111.04,1345657,142.76,132.09,0.0742
Central,Madhya Pradesh,District_18,2016,1025.15,2.4,108.89,92.43,2250004,287.68,270.4,0.0599
North,Uttarakhand,District_3,2019,721.2,37.25,167.62,140.01,922272,56.84,46.75,0.1745
South,Tamil Nadu,District_113,2011,667.43,37.07,211.34,235.41,2634909,553.12,579.53,-0.0477
West,Rajasthan,District_39,2013,1393.4,42.81,349.3,308.34,1828948,196.38,209.03,-0.0641
North,Himachal Pradesh,District_114,2006,648.6,10.45,288.09,293.09,1643782,160.49,140.22,0.1255
East,Bihar,District_26,2004,1202.11,11.02,241.19,244.27,1177886,174.86,182.67,-0.0444
East,West Bengal,District_99,2011,742.23,32.65,74.67,30.57,2994674,355.91,321.33,0.0969
East,Jharkhand,District_81,2004,890.72,29.16,105.6,80.35,3189776,518.62,520.66,-0.0039
South,Karnataka,District_71,2020,820.14,7.41,227.3,254.02,1672057,333.65,300.81,0.0981
East,Bihar,District_64,2017,598.51,44.37,327.39,349.03,2889262,405.25,368.2,0.0912
North,Himachal Pradesh,District_73,2022,567.22,38.29,245.66,266.07,545992,53.25,38.86,0.2652
North,Uttar Pradesh,District_78,2006,732.83,5.47,102.76,126.9,3424740,637.49,606.9,0.0479
North,Haryana,District_131,2006,873.35,36.62,105.36,67.37,2607214,395.94,367.6,0.0714
South,Kerala,District_76,2020,878.79,26.02,163.68,171.48,976743,166.8,134.11,0.1948
West,Maharashtra,District_62,2015,1308.43,10.38,153.46,105.51,15209,2.03,-11.32,4.4095
South,Kerala,District_29,2007,769.19,37.97,339.76,363.88,3022446,626.59,643.65,-0.0272
North,Punjab,District_19,2016,1310.06,37.5,204.78,213,1952834,187.68,194.71,-0.0373
North,Uttar Pradesh,District_93,2010,1488.1,42.22,80.98,40.5,3460906,688.18,674.5,0.0198
Central,Madhya Pradesh,District_100,2018,869.52,42.55,320.29,329.12,1425124,312.68,286.37,0.0839
East,Jharkhand,District_94,2017,601.32,32.95,163.03,189.1,3379851,342.17,371.68,-0.086
South,Tamil Nadu,District_121,2002,800.97,6.42,154.74,149.77,756165,91.12,115.7,-0.2667
North,Uttar Pradesh,District_18,2000,895.81,47.8,124.74,80.96,495620,76.9,102.8,-0.3325
West,Gujarat,District_56,2001,560.17,7.26,224.44,180.17,442557,25.36,23.52,0.0699
West,Maharashtra,District_102,2016,802.43,46.82,217.29,205.1,2167259,461.03,462.15,-0.0024
South,Andhra Pradesh,District_129,2013,1134.35,29.07,209.77,181.61,3161823,171.26,155.98,0.0887
East,Jharkhand,District_103,2002,800.89,9.87,273.43,279.33,2164151,233.58,230.22,0.0143
Central,Chhattisgarh,District_138,2019,1268.72,44.69,210.63,195.42,3187525,277.84,241.72,0.1296
Central,Madhya Pradesh,District_72,2002,836.6,44.81,116.97,97.86,3466335,498.77,458.56,0.0805
South,Andhra Pradesh,District_21,2016,1312.34,42.34,247.93,250.83,1096781,183.8,195.13,-0.0613
West,Rajasthan,District_40,2017,939.86,17.57,156.92,184.86,992362,152.33,126.11,0.171
East,Odisha,District_101,2018,1103.12,32.36,143.61,122.53,2948166,619.28,612.59,0.0108
East,Bihar,District_80,2022,870.59,18.41,328.02,356.07,1605016,177.44,187.67,-0.0573
East,Jharkhand,District_62,2001,932.87,46.83,118.99,137.24,1536093,106.93,119.42,-0.1156
South,Karnataka,District_23,2013,1044.25,14.65,70.97,91.12,108608,17.45,23.58,-0.3318
East,West Bengal,District_117,2019,911.84,42.53,129.37,126.16,3104809,365.35,378.1,-0.0348
North,Himachal Pradesh,District_15,2009,437.23,26.77,133.51,88.27,2894932,152.47,135.14,0.1129
South,Tamil Nadu,District_31,2000,915.47,36.33,221.45,183.07,3173562,232.18,229.41,0.0119
Central,Madhya Pradesh,District_3,2005,1071.1,20.83,177.51,197.47,612726,47.25,11.51,0.7407
North,Punjab,District_89,2016,856.03,31.07,260.64,259.99,84224,11.98,9.02,0.2282
North,Haryana,District_67,2005,561.15,5.23,194.76,159.1,1231383,99.9,64.91,0.3467
South,Telangana,District_33,2023,989.81,14,302.6,291.62,2057532,238.27,237.48,0.0033
West,Gujarat,District_31,2000,664.85,13.1,99.55,113.81,2784785,256.7,285.61,-0.1122
East,Odisha,District_110,2008,373.62,19.98,113.05,108.65,302555,31.59,60.96,-0.9011
North,Haryana,District_17,2008,1303.11,42.28,69.28,24.06,2045594,306.75,271.4,0.1149
North,Uttarakhand,District_20,2015,888.92,12.77,172.7,169.42,2494129,305.04,293.81,0.0367
East,Assam,District_131,2011,816.43,44.62,90.35,54.54,386087,42.12,1.24,0.948
West,Maharashtra,District_128,2018,1651.27,41.63,139.82,163.8,3247940,416.74,383.09,0.0806
South,Tamil Nadu,District_95,2005,708.03,35.89,202.23,211.62,707019,80.2,85.86,-0.0697
West,Gujarat,District_27,2018,1096.02,24.97,72.95,78.19,1350119,247.47,247.86,-0.0016
East,West Bengal,District_59,2023,1113.2,25.63,315.39,312.36,1665882,196.24,175.26,0.1064
North,Haryana,District_1,2001,1282.75,23.44,197.12,175.63,2830845,443.34,419.94,0.0527
North,Uttar Pradesh,District_63,2001,1055.15,10.57,83.08,37.85,2813658,544.73,509.97,0.0637
North,Punjab,District_94,2012,730.63,41.45,283.08,265.34,1251855,58.49,55.11,0.0569
Central,Madhya Pradesh,District_46,2001,1039.38,7.43,161.9,112.04,747878,93.91,96.64,-0.0288
Central,Chhattisgarh,District_108,2007,1112.5,9.87,170.61,189.34,2943811,503.97,464.08,0.079
East,Odisha,District_64,2013,974.68,15.39,335.56,360.5,2054246,338.53,309.67,0.085
East,Odisha,District_70,2002,1123.11,30.15,135.76,87.21,1892631,279.53,307.21,-0.0987
North,Uttarakhand,District_96,2003,683.13,15.19,69.51,65.89,2457905,201.85,225.52,-0.1167
North,Haryana,District_14,2005,602.02,2.88,138.45,104.07,1117020,87.11,65.48,0.2454
South,Karnataka,District_133,2001,405.6,12.55,187.21,154.65,3233622,617.67,625.34,-0.0124
South,Kerala,District_18,2014,653.31,34.97,324.86,306.17,1239369,75.63,85.15,-0.1241
South,Andhra Pradesh,District_80,2010,1008.57,12.06,192.05,149.37,380208,64.5,42.96,0.3289
East,Bihar,District_142,2014,354.74,38.31,134.64,109.16,2801202,140.53,120.06,0.1446
North,Uttar Pradesh,District_95,2006,1173.97,42.47,175.66,163.89,764695,136.88,131.39,0.0398
South,Andhra Pradesh,District_145,2009,671.04,44.92,204.38,167.04,2466603,360.24,356.16,0.0113
North,Himachal Pradesh,District_63,2014,1517.17,37.77,121.93,151.08,832276,111.86,81.4,0.2699
South,Telangana,District_127,2006,1269.1,13.79,91.69,58.14,1457285,262.16,271.98,-0.0373
Central,Chhattisgarh,District_63,2004,519.71,40.97,214.71,240.49,3012439,631.37,594.78,0.0579
North,Uttar Pradesh,District_105,2000,976.93,40.68,138.7,130.97,231651,15.05,35.5,-1.2744
South,Karnataka,District_139,2011,774.67,10.43,338.48,313.02,2550244,457.22,460.34,-0.0068
North,Uttar Pradesh,District_86,2000,1038.8,17.73,309.42,329.61,1784085,198.77,158.41,0.202
South,Kerala,District_79,2003,592.03,9.35,62.86,73.81,1464299,208.98,206.32,0.0127
West,Rajasthan,District_136,2007,1340.61,34.92,301.65,311.65,674297,115.63,105.66,0.0855
East,Jharkhand,District_126,2001,738.78,46.69,335.92,337,1460819,114.65,136.74,-0.191
Central,Madhya Pradesh,District_72,2002,1213.29,47.63,271.61,297.44,1973979,164.13,166.19,-0.0124
West,Maharashtra,District_60,2016,1256.84,13.06,222.69,241.93,222836,45.55,44.86,0.0149
East,Jharkhand,District_96,2014,762.84,13.88,294.13,263.09,1791984,86.97,56.89,0.342
East,Bihar,District_149,2003,988.08,31.01,117.58,107.99,542169,82.84,61.48,0.2547
North,Haryana,District_35,2020,982.33,2.87,199.99,203.51,309977,53.19,65.03,-0.2184
South,Kerala,District_20,2018,792.35,10.24,213.65,220.45,1936620,118.58,99.46,0.1599
North,Uttarakhand,District_16,2013,797.61,39.36,236.49,188.81,2414940,440.26,460.25,-0.0453
Central,Madhya Pradesh,District_61,2009,1041.2,16.91,238.56,213.28,3322657,656.45,655.28,0.0018
West,Gujarat,District_81,2012,773.03,28.45,265.52,286.36,3215890,661.81,667.74,-0.0089
East,Odisha,District_82,2014,873.38,14.11,214.92,179.02,2625023,528.2,550.28,-0.0417
West,Gujarat,District_60,2002,898.85,43.76,96.6,72.36,3303122,704.56,725.06,-0.0291
West,Rajasthan,District_35,2018,1426.54,22.19,199.47,199.37,2209102,408.74,430.63,-0.0534
East,West Bengal,District_40,2003,585.27,13.53,251.21,208.43,2834079,214.39,234.33,-0.0926
South,Tamil Nadu,District_116,2014,1057.69,4.71,311.81,318.23,2723562,218.67,223.13,-0.0203
East,Odisha,District_105,2003,903.5,11.83,157.1,160.67,850358,167.7,168.08,-0.0022
Central,Chhattisgarh,District_92,2006,973.03,18.08,120.11,119.89,1209447,213.34,199.66,0.0638
East,Assam,District_79,2014,1078.88,34.81,60.82,16.35,2457404,265.17,245.36,0.0744
West,Gujarat,District_31,2002,1404.5,14.24,96.84,122.16,3133113,618.76,587.94,0.0497
South,Tamil Nadu,District_78,2022,980.68,19.62,90.78,65.68,609670,56.77,31.77,0.4328
North,Himachal Pradesh,District_11,2006,1038.7,43.82,115.85,138.04,1453242,147.56,164.94,-0.117
East,Odisha,District_38,2002,1004.45,38.55,182.78,212.42,3347951,406.23,376.46,0.0731
South,Karnataka,District_92,2012,917.94,30.34,88.11,74.26,2548434,519.02,541.39,-0.043
North,Haryana,District_13,2021,1231.81,37.06,191.45,166.7,2330138,183.86,169.54,0.0774
South,Andhra Pradesh,District_67,2005,544.31,45.83,291.36,247.65,1425781,59.77,43.06,0.2749
North,Uttar Pradesh,District_104,2014,1198.31,14.09,344.5,325.4,2457367,191.26,183.93,0.0381
Central,Chhattisgarh,District_141,2007,827.75,24.85,321.44,348.66,2349930,99.9,80.61,0.1911
East,West Bengal,District_119,2003,1265.51,35.41,159.32,180.68,1346142,86.26,49.83,0.4175
Central,Madhya Pradesh,District_32,2000,457.74,33.16,107.43,134.74,2096552,234.09,262.11,-0.1192
West,Maharashtra,District_57,2004,796.79,30.21,305.72,300.41,1645969,265.02,227.7,0.1403
West,Rajasthan,District_103,2011,1125.97,23.46,186.72,153.95,2267375,167.98,140.13,0.1648
East,Bihar,District_150,2018,1004.09,32.93,68.22,31.94,827902,104.56,96.03,0.0808
West,Gujarat,District_20,2000,1201.96,13.53,96.16,79.27,2522413,182,186.67,-0.0255
East,Bihar,District_51,2020,978.41,24.88,138.5,166.16,2632489,553.46,513.72,0.0717
East,Assam,District_33,2002,151.12,20.31,82.81,99.06,2718934,351.01,371.19,-0.0573
East,Odisha,District_32,2001,625.65,23.18,78.85,42.83,691503,140.07,105.25,0.2468
East,Assam,District_13,2005,1083.16,24.3,275.87,256.31,1480741,93,80.53,0.1327
North,Uttarakhand,District_111,2023,463.82,10.16,157.25,138.61,2548593,478.84,467.25,0.0241
South,Kerala,District_128,2000,694.27,10.63,195.65,148.2,257718,12.4,-12.44,1.8538
South,Kerala,District_110,2005,1045.71,42.04,202.01,171.01,1603351,155.69,164.55,-0.0565
South,Telangana,District_55,2005,879.92,27.48,74.99,92.31,844119,161.9,164.76,-0.0176
West,Gujarat,District_72,2014,1174.33,48.46,310.26,304.36,1550410,105.64,102.87,0.026
Central,Madhya Pradesh,District_9,2019,1270.95,21.05,275.63,259.17,1895221,176.02,185.22,-0.052
North,Himachal Pradesh,District_63,2020,551.43,18.35,153.95,136.98,1200622,232.27,242.92,-0.0457
South,Andhra Pradesh,District_128,2013,900.24,25.59,342.9,346.24,1388464,173.1,131.38,0.2396
Central,Chhattisgarh,District_123,2001,697.99,5.1,227.52,228.9,303988,59.13,17.37,0.6946
East,Bihar,District_72,2012,1053.35,25.95,330.15,313.48,1295985,134.97,102.53,0.2386
Central,Madhya Pradesh,District_108,2006,831.67,5.19,60.46,48.6,1412955,305.93,309.66,-0.0122
North,Haryana,District_64,2020,1215.09,23.7,98.72,124.88,96147,9.35,26.9,-1.6953
Central,Chhattisgarh,District_5,2012,707.54,24.71,242.82,200.19,626781,39.78,46.58,-0.1669
South,Telangana,District_123,2017,1288.79,7.61,345.9,351.21,1909656,86.83,63.37,0.2671
North,Punjab,District_89,2018,142.66,11.21,156.81,128.59,1354091,155.05,164.8,-0.0625
North,Haryana,District_83,2012,873.54,11.93,249.67,246.37,3348163,549.23,536.85,0.0225
West,Gujarat,District_47,2000,1084.5,7.52,261.5,256.17,2801760,571.94,546.52,0.0444
East,Odisha,District_57,2000,1203.75,11.5,304.58,318.28,3070068,654.52,616.91,0.0574
West,Gujarat,District_15,2015,1133.28,49.79,133.27,128.33,2804530,420.8,378.5,0.1003
North,Haryana,District_92,2018,723.53,6.59,66.54,92.08,2797611,198.07,162.57,0.1783
South,Karnataka,District_41,2003,760.11,33.2,249.56,203.06,406637,52.13,73.85,-0.4088
South,Karnataka,District_62,2008,969.11,22.14,151.79,178.94,86524,4.89,-3.65,1.4511
Central,Chhattisgarh,District_15,2007,717.17,40.89,99.16,91.67,451700,88.6,97.03,-0.0941
North,Uttarakhand,District_100,2011,746.06,17.99,183.7,202.55,3399768,329.43,327.6,0.0056
South,Tamil Nadu,District_46,2007,588.7,48.67,104.48,75.81,1777204,108.31,111.3,-0.0273
North,Uttarakhand,District_82,2023,629.41,48.47,327.65,286.92,2967119,576.5,602.87,-0.0457
South,Telangana,District_8,2022,824.29,25.2,136.42,137.9,2878564,349.51,347.68,0.0052
South,Telangana,District_146,2018,590.69,9.52,183.66,170.66,201351,33.34,23.6,0.2837
Central,Madhya Pradesh,District_145,2006,1343.09,48.49,87.52,86.32,1543362,280.46,269.86,0.0377
North,Punjab,District_139,2009,506.3,17.55,99.51,58.51,269547,46.4,26.77,0.4141
South,Tamil Nadu,District_126,2001,836.51,43.25,232.5,235.68,1842791,340.08,342.06,-0.0058
East,Bihar,District_15,2007,954.03,20.63,87.75,44.58,942724,98.37,123.43,-0.2522
North,Himachal Pradesh,District_57,2000,347.64,15.83,134.53,111.4,1915595,386.06,366.85,0.0496
North,Haryana,District_123,2000,1142.76,44.33,200.73,187.37,414273,52.95,59.35,-0.1188
East,Odisha,District_52,2004,544.36,11.54,141.41,91.46,1876317,303.91,320.95,-0.0559
East,Odisha,District_46,2010,838.76,18.54,77.85,86.25,799514,159.35,172.73,-0.0835
West,Maharashtra,District_6,2004,356.36,43.93,281.21,270.17,494490,95.2,124.49,-0.3044
North,Uttarakhand,District_37,2003,232.23,21.34,323.1,293.88,3275746,443.33,447.24,-0.0088
North,Haryana,District_94,2002,1497.96,22.08,267.1,228.21,1681313,333.39,326.81,0.0197
South,Telangana,District_102,2018,978.97,32.27,83.06,74.02,2243553,444.11,442.75,0.0031
East,West Bengal,District_87,2009,830.09,47.62,337.92,360.1,1518502,236.77,259.11,-0.0939
East,Odisha,District_35,2005,796.83,42.54,228.88,180,2963753,129.43,114.1,0.1176
East,Jharkhand,District_125,2020,1091.65,15.61,259.16,235.22,3409837,685.47,674.78,0.0156
East,Odisha,District_45,2022,782.06,48.97,294.91,280.45,3241450,396.31,380.83,0.039
Central,Chhattisgarh,District_92,2007,1227.09,22.4,139.88,148.68,270416,34.98,42.03,-0.1959
North,Uttarakhand,District_45,2012,1004.24,46.51,230.69,228.07,3392300,255.95,255,0.0037
South,Andhra Pradesh,District_76,2004,1023.67,19.83,190.18,177.21,1778190,197.49,155.99,0.2091
South,Tamil Nadu,District_1,2022,498.56,25.29,342.4,371.74,1637964,212.34,200.78,0.0542
North,Uttarakhand,District_101,2018,1394.55,10.52,133.14,98.29,1628849,105.01,97.68,0.0691
West,Maharashtra,District_47,2019,1040.56,12.28,77.42,81.38,585953,86.08,104.95,-0.2167
East,Odisha,District_57,2020,1131.67,49.95,346.29,305.76,568360,57.2,43.29,0.239
North,Uttarakhand,District_27,2015,842.05,17.15,85.21,97.38,2414009,324.14,352.31,-0.0866
Central,Madhya Pradesh,District_85,2023,732.7,45.85,180.55,173.79,1049472,198.46,204.24,-0.029
East,Bihar,District_61,2011,852.59,13.39,136.16,125.81,1154391,150.74,175.66,-0.1642
East,Odisha,District_43,2020,1138.05,15.9,252.6,248.47,1936897,372.62,397.83,-0.0675
East,Bihar,District_86,2014,1073.95,3.52,134.97,92.91,1806267,174.1,147.57,0.1515
North,Uttar Pradesh,District_68,2006,752.56,43.55,270.08,267.78,2160943,342.11,340.26,0.0054
South,Karnataka,District_18,2011,529.74,9.34,293.86,283.04,518623,47.04,40.99,0.1259
West,Gujarat,District_28,2023,613.23,22.45,143.39,160.56,887189,72.74,47.68,0.3398
North,Uttar Pradesh,District_13,2012,860.67,3.48,239.06,208.21,1108956,69.02,91.45,-0.3202
East,Assam,District_108,2005,551.54,14.07,110.34,63.71,553057,43.36,44.48,-0.0253
East,Jharkhand,District_127,2012,1025.95,37.5,181.12,152.18,1231733,198.12,188.88,0.0464
South,Telangana,District_140,2012,1060.2,8.1,175.58,191.97,3159158,276.06,264.34,0.0423
East,West Bengal,District_123,2018,1066.86,21.75,334.84,354.73,269809,16.19,25.29,-0.5299
South,Karnataka,District_42,2014,713.79,40.98,152.66,169.58,1309876,185.95,180.57,0.0288
East,Bihar,District_9,2009,1239.97,25.8,272.35,295.33,925175,93.88,51.54,0.4463
North,Uttar Pradesh,District_82,2008,1552.19,19.11,153.81,181.96,1448043,190.01,210.52,-0.1074
East,West Bengal,District_19,2010,947.15,24.88,281.45,290.79,1378307,91.58,80.17,0.1233
South,Tamil Nadu,District_97,2005,667.56,12.5,211.36,228.93,2582375,197.69,197.54,0.0007
East,Bihar,District_141,2002,1169.56,42.6,160.42,138.05,1432003,79.56,52.61,0.3346
East,Odisha,District_124,2022,783.15,13.37,241.92,247.8,1078127,57.17,21.28,0.617
North,Uttar Pradesh,District_111,2020,362.14,16.49,248.59,252.27,589679,51.41,55.68,-0.0815
South,Tamil Nadu,District_112,2005,1347.41,26.55,333.63,360.28,610446,56.55,26.68,0.519
West,Maharashtra,District_26,2010,718.73,39.6,162.17,168.25,1107963,92.57,56.85,0.3818
West,Rajasthan,District_49,2013,954.62,23.07,73.02,29.41,2461677,318.53,337.72,-0.06
Central,Chhattisgarh,District_139,2008,1050.49,46.17,187.82,138.26,661052,34.12,21.04,0.3723
South,Andhra Pradesh,District_77,2007,931.25,41.22,309.69,290.44,277701,47.28,14.83,0.6722
East,West Bengal,District_13,2012,1564.05,11.64,191.09,165.74,2908713,596.51,616.46,-0.0334
North,Uttarakhand,District_141,2015,822.47,19.93,122.15,105.34,2296833,479.82,441.26,0.0802
Central,Madhya Pradesh,District_14,2011,711.92,28.23,163.3,192.72,1584157,262.43,269.11,-0.0253
North,Uttar Pradesh,District_110,2002,820.6,41.93,344.34,334.83,1717408,224.14,250.25,-0.116
South,Andhra Pradesh,District_123,2006,760.29,47.23,212.9,216.89,2054436,207.36,235.83,-0.1366
East,West Bengal,District_7,2006,1042.06,43.85,259.34,280.41,1240701,269.92,245,0.092
South,Tamil Nadu,District_75,2002,284.4,39.29,313.01,325.76,3435263,651.07,670.26,-0.0294
North,Punjab,District_30,2009,920.24,37.28,92.04,53.07,1411538,212.77,180.67,0.1502
South,Kerala,District_121,2015,992.49,9.56,232.36,214.87,540957,104.15,107.38,-0.0307
West,Gujarat,District_24,2020,847.51,36.9,91.12,104.63,405449,63.18,86.58,-0.3646
Central,Chhattisgarh,District_100,2005,640.15,44.89,172.89,177.82,1936486,413.61,435.02,-0.0516
South,Telangana,District_98,2011,1173.74,14.78,122.38,86.35,3254436,274.14,260.87,0.0482
South,Tamil Nadu,District_115,2001,736.16,15.18,298.99,328.56,1587102,284.45,248.81,0.1248
West,Gujarat,District_113,2014,915.62,12.28,158.86,126.06,2709670,361.77,357.98,0.0104
West,Gujarat,District_58,2008,780.68,2.56,221.48,198.55,519788,70.53,86.52,-0.2236
North,Uttarakhand,District_16,2004,1306.82,34.56,236.24,234.72,2869748,336.7,325.13,0.0343
East,West Bengal,District_22,2021,288.11,17.78,268.93,247.42,3395635,296.21,269.23,0.0908
South,Telangana,District_139,2013,831.15,31.37,168.32,142.16,3281994,688.13,656.79,0.0455
North,Uttarakhand,District_59,2017,1324.52,30.21,133.13,146.84,2338964,328.79,311.92,0.0512
West,Maharashtra,District_100,2016,749.58,29.02,73.72,100.43,3443811,587.11,584.41,0.0046
East,Jharkhand,District_138,2021,1246.92,32.24,158.77,164.67,465067,32.13,53.25,-0.6376
North,Punjab,District_147,2007,1470.73,45.89,86.13,54.49,2617501,487.71,514.8,-0.0554
North,Punjab,District_77,2002,750.68,33.63,139.04,99.32,2666222,362.7,385.1,-0.0616
South,Kerala,District_9,2016,906.22,40.78,166.74,186.74,2092382,214.85,191.58,0.1078
North,Uttarakhand,District_133,2018,1203.56,19.47,301.65,295.31,3487108,385.39,372.11,0.0344
North,Himachal Pradesh,District_38,2003,1162.85,49.26,100.1,95.72,126889,10.94,6.73,0.3525
East,Assam,District_45,2005,1296.79,3.44,175.2,159.49,2113201,281.08,249.65,0.1114
West,Rajasthan,District_50,2004,742.58,17.12,226.91,180.86,3158569,661.7,638.37,0.0352
West,Maharashtra,District_109,2002,916.16,16.19,228.5,182.97,1259119,225.99,226.53,-0.0024
East,Jharkhand,District_52,2020,0,14.16,206.46,234.02,1039446,207.46,181.08,0.1265
Central,Madhya Pradesh,District_67,2010,1010.77,22.3,209.97,210.37,2357854,399.23,389.99,0.0231
East,Bihar,District_23,2012,1186.62,40.14,276.85,271.56,974468,63.23,63.3,-0.0011
Central,Chhattisgarh,District_102,2017,1139.55,49.04,125.51,106.53,1543447,71.38,93.73,-0.3087
East,Odisha,District_71,2016,1173.09,7.75,190.82,147.95,196142,26.19,-1.68,1.0248
East,Assam,District_4,2022,974.09,27.09,105.85,125.87,2820573,290.99,251.2,0.1363
North,Himachal Pradesh,District_134,2013,814.46,25.67,137.03,110.68,149411,20.5,15.92,0.2129
East,West Bengal,District_107,2004,1281.47,17.64,197.94,179.72,2763818,430.88,419.59,0.0262
Central,Madhya Pradesh,District_146,2018,733.01,22.55,315.27,268.4,1832765,390.59,389.41,0.003
North,Uttarakhand,District_26,2003,492.75,30.85,265.84,219.8,2057896,280.54,258.82,0.0772
North,Uttarakhand,District_26,2009,581.84,30.16,290.81,282.81,1429447,181.01,164.71,0.0896
Central,Chhattisgarh,District_89,2013,1130.21,21.44,117.53,70.6,3130377,221.16,203.69,0.0786
West,Gujarat,District_99,2020,976.7,5.02,301.9,269.14,3380801,437.77,457.66,-0.0453
North,Punjab,District_147,2019,147.21,25.81,109.04,128.95,137537,10.71,16.84,-0.5235
North,Punjab,District_10,2005,995.15,7.19,330.66,333.98,960424,204.38,172.85,0.1535
West,Gujarat,District_104,2004,465.54,42.99,109.94,118.26,2035148,178.81,175.93,0.016
North,Himachal Pradesh,District_103,2001,1283.92,28.21,231.19,186.42,3265060,133.99,131.79,0.0163
South,Kerala,District_85,2022,1361.44,21.58,93.04,68.95,2157856,366.32,341.68,0.0671
South,Karnataka,District_13,2023,1022.29,6.48,274.25,227.45,3034437,433.02,392.1,0.0943
North,Punjab,District_69,2011,1012.34,23.26,233.8,225.69,998682,112.64,130.49,-0.1571
North,Uttar Pradesh,District_87,2009,1022.33,20.02,130.06,115.67,1249848,64.46,64.29,0.0027
South,Andhra Pradesh,District_72,2015,957.56,3.13,155.53,142.58,2758122,232.93,203.69,0.125
East,West Bengal,District_59,2004,1049.93,20.84,144.5,108.68,1027714,212.66,212.46,0.0009
South,Andhra Pradesh,District_114,2010,1516.61,44.73,171.35,142.4,1545217,89.22,62.41,0.2972
West,Gujarat,District_107,2019,771.57,32.01,158.21,178.09,1812355,181.69,159.53,0.1213
East,Bihar,District_49,2014,1010.46,35.53,264.14,254.74,3062582,392.18,388.41,0.0096
West,Rajasthan,District_105,2023,724.74,4.03,243.73,253.84,1923347,151.82,121.28,0.1998
North,Punjab,District_133,2011,626.09,38.36,163.51,114.35,3451005,296.32,268.4,0.0939
West,Maharashtra,District_132,2005,373.96,10.58,281.95,249.04,692551,62.62,81.67,-0.2994
East,Bihar,District_80,2022,696.86,15.88,149.83,138.08,2671638,215.02,239.28,-0.1123
North,Haryana,District_104,2004,526.2,49.84,319.05,307.98,556028,94.45,117.84,-0.245
North,Haryana,District_146,2000,1143.45,42.62,272.37,253.49,2421967,273.05,286.44,-0.0488
South,Tamil Nadu,District_50,2006,1724.05,27.84,223.87,177.98,176860,34.95,4.85,0.8374
West,Maharashtra,District_64,2001,1102.86,47.28,88.56,97.35,3499634,458.21,432.1,0.0568
East,Assam,District_13,2011,784.54,37.13,107.77,109.66,950551,97.5,74.04,0.2382
West,Rajasthan,District_71,2011,731.64,28.64,322.22,304.04,1433167,260.03,218.96,0.1573
East,Assam,District_130,2012,540.42,31.58,204.67,155.54,1937946,141.12,100.45,0.2862
East,West Bengal,District_8,2007,692.76,38.24,120.33,123.31,461439,46.75,48.47,-0.0359
South,Telangana,District_126,2019,918.72,8.61,167.03,139.26,1544275,333.07,339.78,-0.0201
East,Assam,District_46,2015,1152.58,24.13,255.46,242.14,2825456,353.13,354.41,-0.0036
North,Uttarakhand,District_142,2011,1069.91,44.23,154.15,152.45,1627850,98.04,101.96,-0.0396
South,Telangana,District_42,2008,494.26,44.07,118.48,142.22,156753,20.75,6.81,0.641
East,Bihar,District_73,2000,1058.78,11.05,92.91,79.17,1358316,101.76,110.4,-0.084
South,Kerala,District_13,2005,683.55,26.25,214.09,179.64,1462839,220.51,217.27,0.0146
North,Uttarakhand,District_55,2007,1167.03,5.83,285.62,276.17,2808355,463.82,463.11,0.0015
South,Karnataka,District_53,2008,997.65,44.06,146.41,175.46,528672,76.16,77.96,-0.0234
East,Jharkhand,District_132,2000,1194.62,45.8,137.13,130.16,1371742,72.28,58.78,0.1843
North,Uttar Pradesh,District_122,2004,927.28,36.55,87.33,66.63,1016830,42.16,71.46,-0.6791
South,Tamil Nadu,District_3,2007,648.93,3.08,259.21,265.69,1401395,58.84,65.43,-0.1101
West,Gujarat,District_79,2022,51.27,2.6,87.84,94.07,2421243,183.5,175.37,0.0441
West,Gujarat,District_109,2012,1029.16,38.19,92.01,84.59,2416756,375.69,347.93,0.0737
South,Telangana,District_118,2008,641.18,8.79,301.9,331.24,731087,101.5,87.78,0.1339
West,Rajasthan,District_120,2009,1058.53,39.3,142.77,105.23,3260881,165.37,174.87,-0.0571
North,Haryana,District_102,2018,865.28,46.38,162.73,139.8,2046157,191.42,199.19,-0.0404
East,West Bengal,District_2,2016,645.29,2.04,267.42,283.72,1510742,125.02,126.53,-0.012
South,Telangana,District_144,2020,1112.66,24.84,72.93,25.28,1057585,67.95,86.63,-0.2709
North,Himachal Pradesh,District_73,2009,976.23,15.58,187.01,188.61,1223572,105.38,106.87,-0.014
East,West Bengal,District_124,2002,957.57,43.82,252.31,254.98,469377,74.69,71.07,0.0478
East,Odisha,District_71,2020,408.74,14.42,267.51,239.79,747484,98.81,101.8,-0.03
East,Odisha,District_71,2008,280.64,24.32,260.07,219.35,1586771,325.72,294.59,0.0953
South,Andhra Pradesh,District_49,2004,743.54,7.39,144.45,125.32,2632292,462.06,484.09,-0.0476
North,Haryana,District_62,2001,812.62,5.95,60.78,56.18,1450444,152.87,145.27,0.0494
North,Himachal Pradesh,District_104,2021,865.37,10.6,247.65,240.51,875966,68.11,92.56,-0.3536
East,Odisha,District_36,2023,795.63,24.31,238.53,260.92,1471693,206.38,166.7,0.1913
North,Uttar Pradesh,District_128,2009,713.15,6.25,236.61,243.55,671228,34.3,-7.59,1.1868
West,Gujarat,District_108,2012,272.26,8.81,148.37,112.57,2337378,195.72,177.55,0.0924
South,Kerala,District_10,2018,649,14.2,202.29,155,902743,145.26,169.66,-0.1668
North,Uttarakhand,District_49,2010,701.09,24.11,318.34,340.78,2568188,267.98,243.28,0.0919
South,Karnataka,District_137,2020,698.69,3,235.19,211.54,2531966,133.78,158.59,-0.1841
North,Punjab,District_92,2016,699.93,12.1,144.19,111.26,919445,92.08,114.03,-0.2358
South,Andhra Pradesh,District_44,2021,1070.77,7.55,334.42,305.75,3365301,699.5,710.87,-0.0162
Central,Chhattisgarh,District_47,2009,888.82,32.84,139.79,129.22,702537,102.31,69.85,0.3142
East,West Bengal,District_121,2004,958.35,27.63,169.96,172.73,3087800,367.63,334.38,0.0902
West,Gujarat,District_144,2005,769.13,25.5,150.3,110.56,2623182,133.97,160.12,-0.1937
East,Odisha,District_23,2007,470.85,36.46,275.42,301.35,1819473,384.86,384.46,0.0011
South,Telangana,District_58,2023,583.99,18.19,64.12,81.85,1034705,191.17,207.62,-0.0856
South,Andhra Pradesh,District_108,2010,414.3,39.97,207.96,227.73,3067911,524.11,501.02,0.044
South,Telangana,District_67,2018,585.69,9.36,325.28,350.13,1519137,126.91,127.03,-0.0009
South,Andhra Pradesh,District_119,2003,1232.98,41.06,203.12,216.69,3410591,565.98,577.51,-0.0203
North,Punjab,District_14,2020,1086.83,45.36,90.27,41.65,1363964,223.45,183.04,0.18
North,Uttarakhand,District_149,2019,662.98,23.22,80.74,79.56,1698980,186.33,174.13,0.0651
East,Bihar,District_121,2006,1070.23,40.54,183.87,195.19,1669083,182.57,200.7,-0.0988
North,Haryana,District_31,2021,720.62,33.91,142.99,157.08,3475354,713.44,698.22,0.0213
South,Kerala,District_136,2009,988.88,40.55,289.59,304.14,1618785,91.99,83.9,0.087
East,Jharkhand,District_14,2004,818.95,41.98,346.28,350.84,3045948,279.37,297.23,-0.0637
Central,Madhya Pradesh,District_52,2010,572.72,13.97,125.22,113.66,825713,88.52,50.86,0.4207
East,Jharkhand,District_146,2014,714.49,43.78,164.16,146.14,2003813,100.45,99.55,0.0089
Central,Madhya Pradesh,District_81,2022,472.63,29.79,173.88,157.66,1887325,312.64,313.55,-0.0029
South,Tamil Nadu,District_21,2015,805.98,29.84,334.94,359.44,2412254,303.38,308.96,-0.0183
East,Odisha,District_46,2010,586.06,36.64,81.65,38.5,597523,83.48,79.69,0.0449
West,Maharashtra,District_2,2014,620.78,20.39,302.32,254.94,783013,124.32,130.39,-0.0484
West,Gujarat,District_54,2005,603.47,38.82,120.01,77.99,2250843,391.27,381.37,0.0252
North,Uttarakhand,District_41,2015,1059.89,12.32,267.53,233.53,1750676,228.27,185.83,0.1851
East,Bihar,District_34,2019,1076.01,47.2,310.87,300.87,1213061,89.58,55.11,0.3806
East,Jharkhand,District_110,2012,665.22,25.07,204.67,217.46,1631419,86.86,69.68,0.1956
East,Jharkhand,District_123,2012,692.1,40.06,98.47,86.98,3224199,556.07,575.7,-0.0352
North,Uttar Pradesh,District_10,2017,742.98,8.03,100.13,70.28,438359,79.31,53.34,0.3234
West,Rajasthan,District_96,2000,752.14,31.02,259.05,287.58,1106838,123.04,95.43,0.2226
East,Odisha,District_136,2006,532.82,26.85,301.23,278.48,2280919,416.59,423.58,-0.0167
North,Uttar Pradesh,District_2,2020,254.26,3.73,330.51,332.89,171547,17.41,-11.06,1.5466
South,Karnataka,District_58,2022,974.32,13.88,83.1,107.51,1655456,237.71,198.32,0.165
South,Telangana,District_80,2004,911.52,9.05,341.55,295.75,3377625,351.18,319.64,0.0895
East,West Bengal,District_99,2016,851.73,41.49,138.69,153.88,2802959,512.63,507.77,0.0095
North,Uttarakhand,District_79,2005,414.53,27.8,348.6,346.67,729618,43.18,5.23,0.859
East,Bihar,District_12,2009,877.38,4.51,87.71,65,2707468,211.21,203.55,0.0361
South,Andhra Pradesh,District_117,2023,748.18,2.96,133.33,121.94,1358297,63.65,57.04,0.1022
North,Haryana,District_135,2010,1094.97,46.83,154.96,174.09,2582488,468.15,483.15,-0.032
East,Jharkhand,District_35,2010,1012.05,8.28,255.99,241.19,2639713,250.42,261.18,-0.0428
North,Punjab,District_92,2006,835.93,14.46,251.8,279.24,848247,152.61,110.83,0.272
South,Tamil Nadu,District_104,2000,912.4,35.45,232.85,226.02,668059,59.75,41.11,0.307
South,Karnataka,District_58,2023,1092.47,24.82,348.39,299.99,1435722,180.37,170.12,0.0565
Central,Madhya Pradesh,District_55,2023,1017.51,39.01,251.77,249.02,265139,18.36,-26.3,2.3065
North,Uttar Pradesh,District_130,2005,818.68,37.03,295.19,256.48,1661265,188.68,156.92,0.1674
East,West Bengal,District_94,2022,1024.36,34.67,289.09,253.88,3211776,341.02,326.69,0.0419
West,Maharashtra,District_97,2020,1521.11,48.7,76.16,60.25,3124934,659.13,623.93,0.0533
West,Gujarat,District_137,2019,916.06,25.2,157.43,175.07,1740284,184.42,172.45,0.0645
West,Maharashtra,District_13,2021,1134.26,18.08,70.01,76.96,847441,112.74,122.98,-0.0901
East,West Bengal,District_6,2001,1272.19,12.07,233.74,256.62,2379696,274.4,246,0.1031
East,West Bengal,District_107,2014,1042.99,41.47,223.17,176.02,1849927,92.28,71.78,0.2198
South,Kerala,District_32,2017,1349.45,44.78,293.13,308.4,134894,10.63,25.6,-1.2878
West,Gujarat,District_122,2022,1118.91,48.51,226.25,238.63,2507492,435.53,434.46,0.0025
Central,Madhya Pradesh,District_53,2022,1084.83,24.73,179.26,134.87,3271351,361.37,328,0.0921
North,Uttar Pradesh,District_78,2013,620.03,47.05,95.53,108.57,1067666,217.14,224.3,-0.0328
East,West Bengal,District_134,2008,1514.21,28.07,65.94,54.19,973904,132.2,155.31,-0.1735
North,Himachal Pradesh,District_36,2013,717.82,24.69,256.37,216.41,847044,137.12,152.2,-0.1092
East,West Bengal,District_131,2023,808.54,5.83,302.74,326.42,2306603,197.51,202.7,-0.0261
North,Himachal Pradesh,District_31,2009,924.45,23.13,208.6,184.79,1783494,184.85,155.07,0.1603
East,West Bengal,District_28,2015,407.8,23.26,152.36,124.5,3023808,248.33,234.22,0.0566
West,Rajasthan,District_52,2008,730.88,28.4,202.62,187.38,2859140,423.01,439.69,-0.0393
North,Haryana,District_52,2011,1659.81,16.58,157.67,142.24,2349778,498.76,524.23,-0.051
East,Jharkhand,District_76,2005,530.38,25.3,300.75,254.7,2006126,125.11,111.65,0.1068
West,Maharashtra,District_141,2015,833.15,33.93,187.28,141.03,3414029,479.61,485.25,-0.0117
West,Rajasthan,District_124,2010,841.88,17.61,196.62,161.12,2552339,485.72,504.66,-0.0389
South,Karnataka,District_1,2000,1269.97,35.99,186.29,196.27,1797054,192.74,197.78,-0.026
East,Bihar,District_29,2018,1008.87,24.88,311.05,338.48,1360360,144.65,170.6,-0.1782
North,Punjab,District_39,2002,571.32,38.62,264.02,246.18,2746309,274.3,266.56,0.0281
North,Haryana,District_20,2023,796.64,14.49,111.34,139.06,549535,80.5,109.6,-0.357
East,West Bengal,District_66,2020,832.72,3.65,263.68,271.35,1209699,190.77,170.35,0.1065
South,Karnataka,District_117,2009,548.16,44.9,144.54,129.52,537247,71.7,27.21,0.612
West,Gujarat,District_119,2001,1260.98,2.56,146.88,127.03,2333890,353.55,366.14,-0.0355
East,West Bengal,District_45,2001,1154.74,21.67,212.23,204.06,1553668,114.65,83.06,0.2732
South,Andhra Pradesh,District_93,2021,874.89,45.91,215.71,187.49,1608526,233.2,245.95,-0.0545
East,Odisha,District_110,2023,1015.24,34.7,278.12,267.84,2162118,404.99,360.71,0.1091
East,West Bengal,District_25,2001,636.41,11.22,85.16,88.2,435594,38.92,53.72,-0.3708
North,Uttar Pradesh,District_36,2021,713.97,48.97,230.65,216.09,2260582,382.98,355.47,0.0717
South,Tamil Nadu,District_85,2011,875.72,21.97,64.9,45.46,2569131,452.97,465.95,-0.0286
East,Assam,District_69,2023,743.43,19.86,305.63,269.4,65272,7.5,17.59,-1.1866
East,Bihar,District_96,2010,771.11,16.52,137.95,125.37,1795246,271.37,227.76,0.1601
South,Tamil Nadu,District_30,2012,1253.88,12.68,135.75,124.8,1226970,188.95,184.26,0.0247
South,Kerala,District_117,2008,617.21,28.69,142.61,170.67,98576,5.62,22.74,-2.5884
South,Kerala,District_123,2013,966.69,6.52,278.74,307.1,1528312,249.03,230.76,0.073
South,Tamil Nadu,District_29,2004,664.58,2.73,309.76,328.12,1802073,346.76,331.7,0.0433
West,Maharashtra,District_41,2003,1070.94,24.1,71.44,100.28,392757,74.2,53.3,0.2779
East,Jharkhand,District_124,2018,530.84,5.13,149.16,156.12,3428174,672.61,674.85,-0.0033
East,Assam,District_47,2019,880.56,10.52,198.47,188.9,2909551,533.04,531.76,0.0024
South,Kerala,District_92,2019,1239.71,13,127.22,85.11,1243386,173.62,157.41,0.0928
North,Uttar Pradesh,District_34,2015,232.17,45.94,96.43,92.95,724441,93.94,89.61,0.0455
North,Punjab,District_29,2013,741.73,26.91,100.58,89.53,1008477,117.38,82.85,0.2917
East,Assam,District_12,2002,1431.54,24.53,187.5,181.8,3302023,411.73,412.64,-0.0022
West,Gujarat,District_81,2000,1018.11,20.05,245.61,236.03,2160074,123.94,152.94,-0.2321
North,Haryana,District_148,2023,539.06,3.04,210.81,186.41,3408523,275.55,235.86,0.1435
North,Uttarakhand,District_58,2021,810.87,36.44,281.17,295.05,3433738,580.23,565.39,0.0255
East,Odisha,District_133,2016,1034.1,22.52,338.97,311.14,152039,10.66,38.52,-2.3904
North,Himachal Pradesh,District_25,2013,789.93,32.21,343.04,346.54,2126559,428.51,391.7,0.0857
South,Karnataka,District_124,2011,543.9,35.86,144.56,151.92,43004,9.19,19.66,-1.0275
South,Kerala,District_39,2017,902.46,2.89,218.23,191.68,1597330,238.48,237.3,0.0049
North,Himachal Pradesh,District_14,2000,492.01,30.28,247.82,241.68,2341316,128.99,132.96,-0.0306
South,Tamil Nadu,District_130,2015,481,22.12,64.91,65.71,1185025,93.05,87.39,0.0602
North,Punjab,District_43,2002,579.97,48.42,106.42,73.44,3307172,631.77,591.91,0.063
North,Punjab,District_83,2007,650.57,17.48,328.58,295.14,2422777,504.76,533.88,-0.0576
East,Odisha,District_72,2001,911.73,43.92,84.36,59.84,1828318,242.45,218.94,0.0966
North,Haryana,District_58,2017,1638.27,46.46,85.65,39.3,1838332,205.22,211.95,-0.0327
South,Kerala,District_104,2007,293.21,22.75,343.99,366.9,1543474,73.19,59.37,0.1863
East,Bihar,District_118,2014,645.02,4.33,235.08,201.05,147335,16.75,18.65,-0.1067
North,Uttarakhand,District_115,2002,651.12,31.72,101.67,89.88,1664285,331.13,317.85,0.04
North,Punjab,District_115,2010,855.27,18.99,298.06,265.46,1032232,108.01,134.59,-0.2439
East,West Bengal,District_128,2023,843.29,49.9,134.99,107.05,3486697,168.68,198.35,-0.1749
North,Uttar Pradesh,District_27,2012,948.87,32.98,181.04,187.24,2556040,540.91,566.89,-0.0479
East,Jharkhand,District_10,2017,978.73,24.94,124.81,98.37,1646254,191.12,161.09,0.1563
Central,Chhattisgarh,District_1,2002,1413.12,14.18,182.52,149.59,1067091,89.23,88.17,0.0117
North,Himachal Pradesh,District_78,2016,885.67,43.88,266.5,250.1,599087,59.94,87.09,-0.4456
Central,Chhattisgarh,District_53,2020,457.22,9.05,325.95,276.09,1076451,110.97,76.55,0.3073
East,Assam,District_88,2011,950.99,8.82,264.39,221.98,175353,34.58,47.55,-0.3643
West,Maharashtra,District_58,2014,609.93,2.39,202.7,190.19,352088,57.76,79.75,-0.3741
East,Odisha,District_144,2019,828.28,5.47,287.99,287.84,3271101,223.11,197.5,0.1143
North,Himachal Pradesh,District_122,2022,1257.1,30.77,76.7,44.5,1165112,47.05,48.54,-0.0308
South,Telangana,District_116,2003,768.19,30.87,235.83,236.63,775416,108.47,124.75,-0.1487
East,West Bengal,District_57,2000,1213.93,8.3,231.54,210.9,1266521,167.63,136.58,0.1841
East,Odisha,District_91,2020,1090.98,35.99,133.72,94.76,2996902,224.61,244.83,-0.0896
South,Andhra Pradesh,District_141,2016,1083.22,48.83,311.81,270.36,2738844,354.64,323.94,0.0863
South,Telangana,District_28,2001,1081.49,42.68,156.58,154.58,2055807,268.23,261.35,0.0256
South,Tamil Nadu,District_127,2004,888.09,10.25,140.83,158.12,1534546,239.55,239.89,-0.0014
East,Jharkhand,District_28,2008,976.75,4.01,111.26,72.06,1732222,314.12,326.32,-0.0387
North,Himachal Pradesh,District_51,2006,1259.51,15.86,332.02,295.96,2297369,250.19,268.39,-0.0725
East,West Bengal,District_101,2006,1052.57,15.19,199.13,169.47,846284,152.81,119.78,0.2148
East,Assam,District_49,2022,1500,17.53,303.21,324.92,3117787,210.44,234.22,-0.1125
East,Odisha,District_28,2013,778.86,45.58,165.32,172.35,3171390,374.02,393.21,-0.0512
West,Maharashtra,District_32,2014,1512,41.49,330.01,310.13,875513,59.29,69.41,-0.1677
East,Assam,District_130,2004,1085.27,47.36,74,103.92,2474147,523.15,490.53,0.0622
North,Punjab,District_2,2016,500.86,45.34,296.18,289.45,1396173,148.91,177.39,-0.19
West,Maharashtra,District_142,2013,1100.57,27.21,342.47,299.55,2505933,414.2,373.54,0.0979
North,Uttarakhand,District_124,2016,1851.48,10.6,89.95,115.78,2139749,305.94,271.96,0.1107
South,Tamil Nadu,District_149,2005,809.51,36.27,186.28,192.7,934707,121.3,79.41,0.3425
Central,Madhya Pradesh,District_27,2012,975.27,37.27,276.84,286.66,2744974,230.75,257.04,-0.1134
North,Himachal Pradesh,District_83,2016,947.99,17.45,131.48,160.76,529771,78.42,55.1,0.2936
South,Kerala,District_108,2019,1064.39,16.58,207.75,177.98,2803501,262.54,289.91,-0.1039
South,Karnataka,District_71,2012,658,40.22,185.2,178.96,819406,127.11,152.07,-0.1948
East,Odisha,District_76,2014,1217.97,14.15,294.3,310.93,1038404,124.24,105.72,0.1479
Central,Madhya Pradesh,District_36,2013,1567.37,28.12,274.54,248.07,58815,8.7,-35.71,4.5805
North,Himachal Pradesh,District_132,2009,867.41,6.3,96.7,60.57,2154234,312.06,336.74,-0.0788
Central,Chhattisgarh,District_81,2022,1132.82,47.75,75.7,57.95,471123,47.32,77.08,-0.6159
Central,Chhattisgarh,District_56,2006,1123.47,48.06,231.72,196.15,471331,70.82,45.47,0.3529
West,Rajasthan,District_75,2021,980.04,21.65,336.39,297.16,2605453,203.3,204.65,-0.0066
South,Telangana,District_34,2022,952.78,28.09,195.72,215.53,429170,75.1,66.86,0.1083
South,Tamil Nadu,District_129,2017,855.18,4.24,264.48,226.46,2065126,228.26,235.01,-0.0294
East,Odisha,District_30,2011,831.85,14.07,159.59,152.8,2530553,262.59,224.64,0.144
Central,Chhattisgarh,District_123,2018,805.29,49.56,196.96,182.65,2068164,260.36,278.28,-0.0686
North,Uttarakhand,District_107,2021,1240.06,17.41,125.24,85.01,1853557,333.3,316.36,0.0507
Central,Chhattisgarh,District_74,2013,477.98,43.27,263.05,249.24,846219,137.45,163.19,-0.186
North,Uttar Pradesh,District_134,2003,744.12,29.06,121.08,75.18,2506072,511.3,511.02,0.0005
North,Uttar Pradesh,District_98,2004,1064.98,43.82,277.01,237.51,1826868,366.02,376.79,-0.0293
West,Maharashtra,District_15,2006,575.86,46.66,232.3,198.21,3119952,646.56,610.99,0.0549
West,Gujarat,District_42,2009,848.4,19.17,144.32,125.13,1871719,82.88,83.11,-0.0028
West,Gujarat,District_38,2001,842.36,16.56,267.16,292.71,1947811,261.87,250.24,0.0442
South,Andhra Pradesh,District_53,2017,668.15,19.68,165.57,118.81,2530048,525.69,501.89,0.0452
West,Maharashtra,District_92,2014,1100.68,38.7,108.69,105.13,2936984,368.7,327.81,0.1106
East,West Bengal,District_144,2007,965.48,20.35,331.02,326.45,3165057,283.07,258.27,0.0873
Central,Chhattisgarh,District_100,2007,1226.2,41.96,267.3,238.88,3261797,391.39,377.22,0.0361
North,Haryana,District_74,2022,1128.77,6.76,323.58,336.38,2128372,113.31,126.61,-0.1163
West,Maharashtra,District_98,2012,615.18,37.93,186.77,160.34,457667,33.81,42.41,-0.2472
East,Jharkhand,District_81,2017,1071.77,13.87,272.18,267.02,63737,7.78,32.44,-2.8086
West,Maharashtra,District_4,2023,890.9,40.34,130.56,102.52,1505689,319.08,334.61,-0.0485
West,Gujarat,District_52,2019,944.14,48.46,198.59,170.4,2563952,163.94,192.26,-0.1717
East,Assam,District_58,2020,954.59,4.39,136.47,161.27,3086037,450.74,433.76,0.0376
South,Telangana,District_140,2023,1471.53,7.58,220.96,227.98,3119997,201.32,163.98,0.1846
North,Himachal Pradesh,District_51,2023,1034.19,13.64,162.41,116.4,1549851,65.11,76.93,-0.1789
West,Rajasthan,District_76,2014,591.64,26.43,317.47,291.97,435129,30.37,5.52,0.7922
South,Tamil Nadu,District_20,2005,1105,27.17,344.46,330.24,2596647,502.26,475.52,0.0531
South,Tamil Nadu,District_132,2003,455.07,12.08,285.08,276.17,619146,79.61,80.06,-0.0056
South,Kerala,District_11,2013,1262.09,31.34,72.9,42.73,134095,16.26,2.79,0.7803
West,Gujarat,District_143,2008,809.91,22.47,235.8,221.17,2985063,202.19,183.7,0.091
Central,Madhya Pradesh,District_42,2018,890.91,10.77,277.65,280.52,2107461,102.46,101.87,0.0057
West,Gujarat,District_2,2010,623.49,40.17,242.93,225.92,157712,33.23,46.37,-0.3839
East,Assam,District_40,2001,1107.57,49.98,203.76,172.05,1007030,76.95,90.9,-0.179
Central,Madhya Pradesh,District_83,2019,1118.17,11.72,338.12,327.93,714400,119.46,95.28,0.2008
West,Maharashtra,District_78,2015,1084.62,6.08,123.8,153.09,1334956,260.72,252.54,0.0313
North,Uttarakhand,District_141,2011,344.64,35.95,254.78,269.09,2418449,274.56,278.41,-0.014
East,Bihar,District_82,2016,598.97,38.66,88.12,90.02,1414877,190.48,149.44,0.2143
South,Karnataka,District_48,2016,1379.01,5.07,108.14,114.06,1375706,202.6,184.27,0.09
East,Bihar,District_130,2005,1188.83,38.36,94.21,57.56,2341485,493.57,475.92,0.0357
East,Jharkhand,District_140,2017,1035.66,36.66,253.28,272.5,3300298,699.12,719.47,-0.0291
South,Kerala,District_24,2011,689.97,35.48,206.81,234.76,2831300,547.38,538.06,0.017
South,Karnataka,District_55,2021,778.18,19.44,134.07,123.54,2544677,121.83,109.31,0.1019
East,Odisha,District_85,2011,812.73,21.11,283.87,310.8,1403903,175.27,140.12,0.1994
South,Andhra Pradesh,District_56,2019,704.15,43.06,230.35,189.22,1420313,307.13,283.73,0.0759
North,Haryana,District_122,2017,790.03,25.68,308.63,330.27,346012,31.32,19.56,0.3639
North,Uttar Pradesh,District_30,2021,698.27,41.08,235.77,189.81,2857128,173.95,153.48,0.117
South,Telangana,District_115,2007,1015.18,22.76,296.86,311.16,2481220,387.66,354.21,0.0861
North,Himachal Pradesh,District_63,2001,1391.67,49.97,347.18,317.63,1426652,135.16,131.43,0.0274
East,Odisha,District_98,2003,839.77,28.1,89.07,44.49,2217098,262.62,250.93,0.0443
South,Kerala,District_66,2017,525.32,30.46,279.22,257.63,332152,62.27,86.27,-0.3795
South,Andhra Pradesh,District_7,2016,777.22,43.06,86.65,49.89,1891213,239.57,229.72,0.041
South,Telangana,District_132,2016,885.27,8.34,337.19,303.16,33510,4.89,-24.35,4.9629
East,Assam,District_125,2001,360.23,33.5,236.54,233.6,769283,120.44,80.74,0.327
South,Andhra Pradesh,District_50,2010,808.04,22.81,294,300.49,43669,8.5,32.74,-2.5524
North,Haryana,District_22,2003,800.46,7.11,203.6,184.86,2137893,264.5,221.68,0.1613
South,Tamil Nadu,District_138,2017,178.54,7.12,327.73,293.33,2564986,505.64,470.87,0.0686
North,Uttar Pradesh,District_17,2006,739.93,19.83,120.58,88.57,2003639,429.71,455.51,-0.0599
West,Rajasthan,District_109,2003,1198.03,25.08,60.86,71.44,2277536,218.62,224.61,-0.0273
West,Rajasthan,District_138,2022,976.05,18.3,257.25,282.6,1756218,356.61,312.99,0.122
East,Jharkhand,District_19,2023,541.38,28.25,114.27,141.66,2242666,436.37,436.1,0.0006
Central,Madhya Pradesh,District_7,2014,675.45,35.72,221.55,183.31,2604201,289.23,263.41,0.0889
East,Odisha,District_10,2002,584.19,45.82,86.84,59.11,412046,45.36,44.5,0.0187
East,Bihar,District_14,2005,782.79,9.62,327.58,357.36,1105297,230.74,205.49,0.109
West,Gujarat,District_143,2002,1545.67,35.25,231.74,191.44,1919188,215.03,193.29,0.1006
North,Uttarakhand,District_59,2008,508.18,45.49,97.91,82.2,3448880,559.1,539.56,0.0349
East,Jharkhand,District_100,2014,1195.16,25.05,312.42,313.66,71690,11.88,22.59,-0.8314
South,Kerala,District_111,2010,996.89,29.08,214.58,233.55,1830017,239.87,253.19,-0.0553
North,Uttar Pradesh,District_100,2021,584.46,43.75,256.01,206.52,1305858,172.74,152.06,0.119
East,West Bengal,District_137,2000,939.32,48.09,133.56,93.57,1087374,145.63,161.12,-0.1056
North,Himachal Pradesh,District_17,2023,747.85,35.9,69.85,32.46,546022,67.95,35.62,0.4689
North,Uttarakhand,District_12,2022,958.91,2.74,139.15,168.95,2902276,334.46,358.04,-0.0703
East,Bihar,District_92,2016,828.13,32.26,213.67,238.16,2840381,407.3,385.13,0.0543
East,West Bengal,District_75,2021,774.65,46.37,266.59,267.12,605888,58.17,51.39,0.1145
South,Andhra Pradesh,District_23,2009,731.22,38.84,277.34,264.19,2625948,484.26,440.14,0.0909
East,Assam,District_98,2012,1038.82,18.63,233.82,188.85,227996,24.4,46.29,-0.8618
North,Uttar Pradesh,District_122,2005,662.31,36.59,74.08,51.98,3050633,149,153.9,-0.0326
Central,Chhattisgarh,District_57,2004,641.08,26.45,214.38,222.97,2008155,429.5,387.24,0.0982
South,Kerala,District_140,2009,1292.63,2.64,218.87,189.4,643556,120.63,75.92,0.3676
Central,Madhya Pradesh,District_77,2021,825.11,17.82,170.67,151.23,2884206,343.78,338.52,0.0153
South,Telangana,District_3,2017,801.76,38.91,259.7,230.37,416099,19.64,24.72,-0.246
Central,Chhattisgarh,District_37,2003,967.05,24.59,151.21,125.2,432799,18.17,43.69,-1.3312
West,Maharashtra,District_2,2018,862.7,48.53,152.42,149.63,1251938,170.04,178.12,-0.0472
North,Himachal Pradesh,District_101,2017,784.78,33.48,246.07,259.31,547451,115.82,114.06,0.015
Central,Chhattisgarh,District_22,2009,1019.43,21.36,331.31,285.32,2468367,430.22,444.86,-0.0339
West,Rajasthan,District_89,2006,776.08,19.81,243.93,272.47,3372053,524.31,506.05,0.0348
East,Jharkhand,District_132,2004,905.42,21.7,311.18,281.78,3165249,513.4,501.16,0.0238
South,Tamil Nadu,District_48,2007,1161.11,9.79,149.88,107.88,2911695,307.53,278.57,0.0939
North,Himachal Pradesh,District_65,2006,612.39,9.68,64.13,31.56,3333376,146.72,131,0.1064
East,West Bengal,District_47,2021,997.89,19.66,180.54,143.98,1172326,84.56,57.79,0.3128
North,Uttarakhand,District_14,2017,937.99,45.31,63.45,53.57,1722621,234.47,259.84,-0.1078
East,Assam,District_141,2002,695.27,12.02,200.89,224.01,2415526,367.27,381.48,-0.0386
South,Andhra Pradesh,District_18,2008,1106.3,30.47,167.97,175.57,1145127,178.16,205.85,-0.1546
East,West Bengal,District_51,2023,360.65,36.74,322.59,288.94,3248625,522.49,478.23,0.0846
North,Uttarakhand,District_125,2010,974.25,15.6,245.63,227.02,601347,62.12,87.4,-0.4006
South,Telangana,District_33,2021,718.28,31.88,114.71,99.19,1099148,108.68,102.08,0.0602
South,Karnataka,District_26,2009,1322.65,38.26,321.48,278.24,1187058,102.19,123.2,-0.2036
North,Himachal Pradesh,District_18,2006,461.81,45.75,349.41,364.96,1507305,239.67,266.37,-0.111
East,Odisha,District_125,2014,760.15,22.75,253.7,249.35,3297178,170.84,170.73,0.0006
East,Odisha,District_79,2022,1087.34,38.71,325.4,322.32,3168661,295.98,262.83,0.1116
North,Uttarakhand,District_40,2018,460.67,33.56,302.05,287.38,1949062,239.84,235.13,0.0195
North,Uttarakhand,District_94,2010,668.77,28.1,254.58,283.03,270549,53.4,70.57,-0.3157
East,Jharkhand,District_44,2000,537.88,39.12,197.57,199.48,3227989,330.45,315.77,0.0443
East,Odisha,District_64,2007,814.19,48.61,345.09,328.72,489406,48.52,7.08,0.8368
East,Jharkhand,District_71,2011,880.88,45,139.64,147.8,52355,5.28,16.46,-1.7805
Central,Madhya Pradesh,District_85,2015,826.24,30.5,120.33,124.43,3399932,706.79,716.95,-0.0144
East,Assam,District_115,2011,626.55,8.66,147.01,154.48,3124070,262.52,235.1,0.104
South,Andhra Pradesh,District_125,2017,944.88,5.32,102.74,77.2,112375,4.66,-31.32,6.3549
East,West Bengal,District_45,2020,693.43,35.94,230.42,234.99,530303,42.59,8.6,0.7797
North,Himachal Pradesh,District_21,2008,353.88,14.19,148.91,112.17,866590,138.29,152.24,-0.1001
Central,Madhya Pradesh,District_138,2006,521.64,28.33,93.66,121.81,1519915,141.67,100.79,0.2865
West,Gujarat,District_20,2023,815.96,49.41,197.3,163.1,1551519,204.18,199.31,0.0237
East,Bihar,District_5,2016,1038.33,23.84,163.29,117.52,1603033,312.44,341.45,-0.0925
North,Uttar Pradesh,District_149,2018,1278.82,34.85,65.54,38.99,900686,60.08,32.62,0.4496
South,Kerala,District_55,2001,1145.59,46.34,158.55,148.32,991729,95.48,112.11,-0.1724
Central,Chhattisgarh,District_67,2017,590.4,43.24,177.02,175.14,1104867,120.38,85.01,0.2914
Central,Chhattisgarh,District_121,2020,1028.92,47.42,102.02,117.84,1601485,272.9,289,-0.0588
Central,Madhya Pradesh,District_94,2012,860.93,48.29,177.18,154.89,1378963,88.27,109.98,-0.2432
South,Karnataka,District_75,2004,938.25,30.31,283.06,278.76,2777734,207.29,180.86,0.1269
East,Assam,District_129,2016,964.28,46.98,85.36,70.73,1678216,345.56,305.59,0.1153
East,Bihar,District_102,2011,1106.2,22.79,326.08,320.07,715461,142.33,119.23,0.1612
North,Haryana,District_3,2021,721.51,43.69,171.2,176.13,3040289,452.74,431.09,0.0477
South,Karnataka,District_43,2016,856.7,4.13,297.08,247.89,2716822,282.89,266.85,0.0565
Central,Madhya Pradesh,District_115,2005,392.28,16.96,347.27,341.66,1474222,126.34,99.07,0.2142
South,Tamil Nadu,District_145,2018,587.86,28.18,102.71,96.5,1466537,279.03,305.03,-0.0928
Central,Madhya Pradesh,District_124,2011,1231.16,42.68,242.56,233.46,1369056,179.45,179.55,-0.0006
West,Maharashtra,District_57,2015,840.1,5.49,88.64,85.37,2995631,488.15,474.61,0.0277
South,Karnataka,District_17,2008,626.46,30.54,144.35,153.03,1519777,131.04,127.58,0.0263
South,Telangana,District_60,2001,759.75,30.54,230.92,206.18,3397172,426.52,442.06,-0.0363
West,Rajasthan,District_133,2011,964.99,32.11,344.03,336.88,510832,78.81,42.29,0.4576
South,Kerala,District_121,2014,386.4,45.23,88.67,109.3,2242588,180.08,176.79,0.0182
West,Maharashtra,District_11,2020,674.1,25.24,301.18,259.49,2409712,425.2,425.71,-0.0012
East,Odisha,District_27,2022,747.14,15.32,211.49,207.03,2827813,164.37,162.59,0.0107
North,Haryana,District_71,2023,1114.39,16.74,322.48,282.93,1707531,239.41,245.47,-0.0252
West,Gujarat,District_149,2017,475.43,46.71,258.17,267.17,2162849,169.19,134.87,0.2016
North,Uttarakhand,District_45,2012,693.09,4.81,122.49,72.6,1986022,272.59,285.86,-0.0485
South,Kerala,District_94,2018,944.43,39.61,226.78,247.56,1952627,170.56,195.24,-0.1438
East,Bihar,District_133,2008,891.55,28.03,317.86,293.82,2836594,318.16,291.08,0.0849
South,Kerala,District_58,2016,1098.88,16.1,180.55,147.6,556833,57.12,14.73,0.7293
South,Kerala,District_91,2011,892.11,25.51,92.37,85.69,3039404,290.27,253.94,0.1248
North,Punjab,District_124,2019,576.16,28.09,303.76,263.09,1035576,132.47,124.76,0.0578
North,Uttar Pradesh,District_129,2004,1258.75,31.82,61.03,16.54,543118,59.03,33.53,0.4248
East,Assam,District_43,2007,503.22,8.77,265.7,227.34,1336187,223.9,215.86,0.0358
East,Bihar,District_132,2020,1307.47,40.59,266.64,267.2,3177557,190.35,157.47,0.1718
West,Gujarat,District_55,2004,1417.47,48.63,84.27,42.17,556729,57.35,70.53,-0.2257
South,Tamil Nadu,District_41,2011,1051.2,18.94,247.15,233.4,1841839,308.45,275.99,0.1049
North,Himachal Pradesh,District_31,2021,952.24,25.1,190.68,186.77,1829735,87.35,108.22,-0.2362
South,Karnataka,District_107,2010,836.23,43.53,224.23,197.27,767648,142.94,122,0.1454
East,West Bengal,District_124,2021,1241.75,43.32,298.28,318.49,2449196,280.51,291.48,-0.039
North,Punjab,District_123,2006,1463.8,43.75,185.29,150.62,3057140,311.42,296.88,0.0465
North,Uttarakhand,District_42,2020,929,40.8,210.95,183.02,520042,47.64,19.02,0.5883
East,Jharkhand,District_6,2007,876.69,9.28,247.68,204.28,656075,62.33,55.16,0.1131
West,Maharashtra,District_33,2018,777.71,19.06,274.56,263.76,399382,45.75,72.41,-0.5702
North,Uttarakhand,District_42,2004,900.42,39.65,256.83,249,1499140,146.55,140.59,0.0404
North,Haryana,District_11,2018,1064.04,14.76,103.82,77.76,3454540,377.61,344.87,0.0865
Central,Madhya Pradesh,District_15,2005,1097.5,47.6,293.63,293.43,2594098,400.68,360.35,0.1004
West,Gujarat,District_47,2016,955.19,41.89,291.7,292.72,2872045,521.11,527,-0.0113
South,Kerala,District_145,2020,952.54,3.8,326.16,344.99,107199,20.09,44.84,-1.1732
North,Uttar Pradesh,District_73,2002,1028.49,29.5,192.93,200.77,887288,90.26,88.88,0.0151
West,Rajasthan,District_115,2019,1267.34,46.59,324.12,296.86,1355416,59.7,25.47,0.5639
North,Punjab,District_124,2005,1191.01,42.13,95.59,59.79,3176895,375.82,351.27,0.0651
South,Karnataka,District_106,2019,1111.02,14.94,89.05,90.85,2716731,440.4,448.93,-0.0193
Central,Madhya Pradesh,District_150,2005,712.84,26.05,335.83,304.86,2635916,394.24,352.97,0.1044
North,Himachal Pradesh,District_131,2008,509.3,49.94,167.84,173.94,1778998,390.93,373.71,0.0439
South,Tamil Nadu,District_88,2014,1074.34,19.06,226.54,189.89,2651594,142.83,170.69,-0.1937
North,Himachal Pradesh,District_18,2007,1082.62,44.44,276.96,227.58,1340039,62.5,76.02,-0.2128
South,Kerala,District_99,2004,1162.91,27.64,123.3,140.16,2033265,153.93,127.78,0.1687
East,West Bengal,District_5,2006,471.66,15.55,295.74,316.27,926531,158.69,164.02,-0.0334
North,Haryana,District_130,2021,537.73,29.4,283.92,239.68,1668384,80.23,97.62,-0.2141
East,Jharkhand,District_39,2019,1152.28,7.64,112.11,64.5,418243,51.97,8.14,0.8275
East,West Bengal,District_46,2015,1447.06,17.97,170.81,153.26,1947087,209.4,194.47,0.0709
North,Himachal Pradesh,District_10,2017,1093.39,43.1,94.06,68.9,2766087,301.81,311.65,-0.0325
North,Haryana,District_31,2002,649.96,26.89,282.74,299.6,1431697,280.1,273.09,0.0249
North,Punjab,District_34,2019,1004.07,29.46,225.14,222.3,646796,121.59,109.45,0.099
Central,Chhattisgarh,District_1,2021,729.04,25.84,178.13,152.22,584364,108.07,117.49,-0.0863
East,Jharkhand,District_134,2013,791.18,44.19,301.68,257.35,2819670,276.38,273.53,0.0103
South,Telangana,District_12,2022,781.11,2.27,72.41,82.88,158775,26.79,54.04,-0.9805
North,Haryana,District_110,2007,1011.34,22.61,278.8,262.15,1408352,185.09,154.32,0.1653
North,Punjab,District_98,2011,1443.54,7.37,223.93,234.04,342526,41.29,21.63,0.4649
North,Uttarakhand,District_148,2003,925.87,35.92,318.98,272.51,2802690,116.32,138.04,-0.1852
East,Jharkhand,District_35,2008,687.26,49.37,148.74,168.55,2766663,190.39,191.59,-0.0062
North,Punjab,District_60,2002,701.2,12.52,148.52,100.5,1320599,225.9,205.91,0.0881
South,Andhra Pradesh,District_140,2013,436.15,32.8,297.28,326.83,3391141,582.93,568.88,0.0241
West,Gujarat,District_49,2000,1422,23.58,280.13,304.69,1342873,85.76,86.13,-0.0043
North,Uttar Pradesh,District_148,2016,770.12,19.93,348.02,298.43,2284758,308.29,326.26,-0.0581
East,West Bengal,District_134,2000,592.51,36.34,263.67,216.31,1679278,351.57,367.02,-0.0438
South,Kerala,District_53,2022,763.98,26.75,225.21,237.49,3293835,469.97,493.04,-0.049
East,Odisha,District_105,2011,722.64,22.65,230.12,187.36,64334,12.04,20.26,-0.6297
East,West Bengal,District_40,2013,1042.66,9.91,72.22,65.9,1856041,228.53,183.59,0.1958
North,Uttarakhand,District_65,2008,847.55,42.28,274.51,234.86,1051484,189.38,212.38,-0.1208
Central,Chhattisgarh,District_109,2018,1160.1,34.19,344.79,369.75,2838251,129.15,86.41,0.3284
South,Telangana,District_71,2021,962.99,46.39,331.23,332.03,2767878,549.52,522.7,0.0487
South,Kerala,District_53,2013,617.99,27.53,163.47,130.09,1375247,210.08,177.99,0.152
Central,Chhattisgarh,District_143,2015,947.1,35.96,199.05,182.28,1708495,108.38,132.28,-0.2185
South,Tamil Nadu,District_95,2017,912.78,32.22,346.2,344.36,398545,60.74,28.82,0.517
Central,Chhattisgarh,District_124,2008,852.45,46.97,292.91,288.77,653288,42.41,63.43,-0.4841
South,Andhra Pradesh,District_148,2011,610.57,42.78,337.95,291.25,2410968,339.63,339.78,-0.0004
South,Kerala,District_36,2021,878.21,34.38,76.14,96.22,822734,150.75,162.69,-0.0787
East,West Bengal,District_59,2014,515.2,28.91,297.18,271.83,1145249,154.4,177.2,-0.1467
South,Tamil Nadu,District_26,2006,116.23,21.3,337.62,287.98,141259,17.8,15.56,0.1192
North,Haryana,District_103,2010,539.65,46.14,325.33,276.2,157298,7.65,-4.88,1.4485
Central,Chhattisgarh,District_14,2005,1025.41,13.66,272.97,248.07,3141452,181.32,137.86,0.2384
South,Kerala,District_2,2002,1100.27,2.2,66.1,58.83,1876591,250.04,224.28,0.1026
Central,Madhya Pradesh,District_121,2019,789.86,41.15,258.96,253.76,1700978,124.87,95.45,0.2337
East,Jharkhand,District_23,2002,663.48,25.25,86.34,106.03,1526904,132.89,106.54,0.1968
West,Gujarat,District_57,2011,851.17,19.76,110.28,132.41,722597,100.33,76.19,0.2382
East,Bihar,District_10,2023,930.17,41.95,305.44,281.16,1142775,119.79,146.38,-0.2201
South,Kerala,District_103,2019,830.03,9.58,99.79,82.66,2835282,393.14,389.17,0.0101
North,Haryana,District_74,2022,1141.57,6.56,153.02,152.05,2263323,433.37,431.04,0.0054
North,Himachal Pradesh,District_15,2005,667.58,21.26,68.21,42.59,2704480,431.2,449.85,-0.0431
North,Punjab,District_113,2000,946.89,21.27,184.44,137.01,1259930,90.14,62.03,0.3084
West,Rajasthan,District_133,2009,644.71,47.45,89.13,106.68,237143,39.69,39.25,0.0109
West,Rajasthan,District_9,2019,908.5,5.39,216.88,175.49,1294938,108.28,80.26,0.2565
North,Haryana,District_133,2022,983.72,27.38,329.11,324.81,2900089,390.51,361.14,0.075
South,Karnataka,District_44,2021,750.92,43.96,136.4,149.97,2471982,471.18,488.09,-0.0358
West,Maharashtra,District_93,2007,1073.95,5.4,176.06,159.91,1839382,340.62,348.38,-0.0227
North,Uttar Pradesh,District_41,2002,1483.8,3.26,169.25,143.58,2772233,361.59,366.19,-0.0127
West,Gujarat,District_103,2011,935.3,38.34,217.73,177.58,2485319,230.25,201.28,0.1253
South,Kerala,District_104,2018,684.07,11.45,246.35,239.7,1293890,157.33,132.85,0.1546
West,Rajasthan,District_133,2000,1087.21,6.59,174.85,126.19,1732321,119.17,128.33,-0.0763
East,Bihar,District_24,2017,1229.41,38.34,277.36,266.57,1190370,134.26,147.29,-0.0963
South,Andhra Pradesh,District_144,2018,527.18,2.83,226.72,239.73,1385530,199.75,181.24,0.0922
South,Telangana,District_89,2008,866.11,17.91,343.4,304.32,3356280,721.76,746.64,-0.0344
South,Karnataka,District_50,2014,1103.61,22.06,131.31,123.17,2379054,470,485.8,-0.0335
South,Kerala,District_148,2000,783.02,38.68,228.47,208.42,448073,34.18,3.61,0.869
West,Gujarat,District_45,2013,911.76,4.59,80.21,74.96,2598092,360.78,370.31,-0.0263
North,Haryana,District_28,2017,741.95,42.76,238.78,253.86,1954480,197.76,160.26,0.1887
East,Bihar,District_129,2009,788.74,4.39,161.55,182.06,2850857,616.64,586.85,0.0482
East,Odisha,District_30,2016,1129.64,38.43,146.15,142.03,1761176,372.93,344.93,0.0749
West,Gujarat,District_138,2018,769.03,46.76,265.06,223.41,640329,34.44,28.97,0.1545
West,Gujarat,District_114,2012,1063.82,38.48,161.21,154.9,1053525,71.39,76.33,-0.0682
North,Uttarakhand,District_124,2007,1071.25,26.86,125.67,109.33,2463466,395.75,390.99,0.012
East,Odisha,District_118,2021,487.74,15.16,92.93,113.81,81538,6.63,33.96,-3.5801
East,Assam,District_8,2015,1105.51,40.62,238.5,260.43,1922561,409.42,389.15,0.0494
East,West Bengal,District_67,2002,870.52,33.13,68.2,97,2148520,370.86,349.09,0.0585
South,Kerala,District_57,2021,534.79,22.32,327.75,351.92,2268557,334.17,342.08,-0.0236
South,Karnataka,District_81,2013,597.04,20.09,242.17,228.39,3052099,563.29,547.38,0.0282
South,Telangana,District_133,2017,805.17,20.09,60.4,54.67,1530301,161.01,163.63,-0.0162
North,Uttar Pradesh,District_68,2007,854.72,31.07,200.59,222.12,2498587,480.72,471.83,0.0185
South,Andhra Pradesh,District_24,2012,917.75,30.98,186.84,150.99,3031732,470.06,438.5,0.067
East,Odisha,District_20,2017,732.45,4.56,339.97,301.81,438751,81.18,99.06,-0.2176
South,Tamil Nadu,District_122,2010,685.93,16.06,257.06,261.82,2203256,157.78,138.38,0.1222
South,Telangana,District_56,2018,962.99,36.48,136.78,117.08,33226,7.21,-10.42,2.1472
West,Gujarat,District_47,2023,989.82,23.26,202.43,177.83,66712,9.27,14.45,-0.5041
West,Rajasthan,District_128,2023,864.24,6.81,157.47,157.13,3343367,335.63,359.45,-0.0708
West,Rajasthan,District_61,2023,544.37,28.41,138.67,119.47,2700400,193.47,199.28,-0.0299
South,Karnataka,District_68,2006,1349.55,27.42,281.06,307.93,1845662,91.43,57.25,0.3697
South,Karnataka,District_52,2007,1296.71,46.51,86.27,107.2,1141528,67.13,81.43,-0.2098
North,Himachal Pradesh,District_92,2004,907.78,39.37,285.08,272.27,2652023,437.22,443.02,-0.0132
East,West Bengal,District_31,2002,921.77,29.44,337.45,343.49,30064,6.52,5.69,0.1102
North,Punjab,District_2,2017,803.4,39.29,167.71,194.56,1226694,183.9,204.96,-0.1139
West,Maharashtra,District_124,2011,963.57,46.35,82.52,38.12,471435,22.33,46.47,-1.0352
North,Himachal Pradesh,District_81,2015,924.74,31.66,334.04,312.33,723481,157.85,171.8,-0.0879
North,Uttarakhand,District_71,2015,930.16,22.06,144.63,113.42,1478497,266.77,271.34,-0.0171
South,Tamil Nadu,District_131,2008,1143.89,21.4,241.17,200.03,2415834,523.6,500.96,0.0432
South,Kerala,District_57,2018,824.35,25.81,184.97,138.62,2792540,586.32,572.11,0.0242
Central,Madhya Pradesh,District_14,2016,1237,45.7,139.46,129.05,2947776,342.29,322.07,0.0589
East,Jharkhand,District_123,2017,483,2.82,297.84,257.46,3257797,314.37,293.06,0.0676
West,Maharashtra,District_129,2011,789.64,11.03,62.41,14.8,282800,60.49,24.11,0.5917
South,Kerala,District_45,2014,509.28,2.39,246.02,270.56,587735,106.42,127.97,-0.2007
East,West Bengal,District_133,2014,928.86,44.36,337.4,340,474099,89.87,89.2,0.0073
East,Odisha,District_3,2000,906.71,35.25,118,70.14,1682095,165.26,169.67,-0.0265
West,Rajasthan,District_98,2018,782.32,40.98,105.22,72.02,3273536,161.45,122.74,0.2383
East,West Bengal,District_84,2011,1477.37,45.61,125.49,111.72,63838,8.26,8.74,-0.052
North,Himachal Pradesh,District_67,2005,1311.71,24.91,287.15,282.61,240683,37.06,63.29,-0.6894
Central,Chhattisgarh,District_68,2007,876.24,31.22,104.27,67.82,2887040,261.8,228.73,0.1258
West,Gujarat,District_121,2019,864.53,19.76,142.59,99.65,1476721,76.06,52.46,0.3063
East,Odisha,District_94,2005,745.69,27.31,321.25,326.22,3085072,401.48,394.76,0.0167
North,Punjab,District_109,2006,501.07,38.27,190.89,144.21,299487,41.15,-0.91,0.9978
East,Jharkhand,District_96,2011,840.51,7.76,273.99,293.73,53079,5.56,-9.45,2.2867
South,Kerala,District_72,2014,934.99,13.06,275.68,263.44,421080,39.87,29.33,0.2579
South,Tamil Nadu,District_147,2004,561.44,11.11,114.19,98.07,1601282,98.75,119.55,-0.2084
North,Uttarakhand,District_59,2003,437.18,20.84,176.22,191.93,1467015,88.31,75.33,0.1454
West,Gujarat,District_61,2017,1031.46,39.49,166.33,118.1,622748,41.77,36.83,0.1157
East,Jharkhand,District_98,2006,1161.47,24.02,232.15,240.76,1770402,278.53,294.37,-0.0567
Central,Madhya Pradesh,District_39,2015,1040.91,5.02,183.07,211.82,3400071,361.24,363.07,-0.0051
North,Uttar Pradesh,District_46,2013,728.94,26.53,104.57,85.26,994929,143.07,111.1,0.2219
North,Punjab,District_35,2020,791.64,4.04,181.73,174.84,257723,46.57,75.42,-0.6063
North,Haryana,District_137,2023,739.55,9.18,125.64,118.15,286601,56.4,13.65,0.7448
East,Odisha,District_125,2009,1154.87,46.48,291.25,269.77,917562,85.58,97.22,-0.1344
West,Gujarat,District_144,2018,772.5,28.46,235.57,209.13,2273618,173.59,139.15,0.1973
West,Maharashtra,District_102,2003,800.92,34.53,218.35,216.28,673554,72.33,81.92,-0.1308
South,Tamil Nadu,District_16,2006,787.97,5.11,274.26,287.34,2844026,543.78,530.15,0.025
West,Gujarat,District_122,2020,1041.16,17.52,209.71,183.73,933241,59.88,84.32,-0.4014
East,West Bengal,District_116,2023,1335.71,42.32,293.95,322.62,1236743,198.08,175.18,0.1151
East,Odisha,District_67,2011,969.08,46.98,125.2,117.75,2220349,169.32,134.53,0.2043
South,Telangana,District_144,2017,916.41,40.06,185.47,178.02,133833,26.37,8.87,0.6393
West,Gujarat,District_89,2000,556.21,44.75,159.1,151.93,3104146,349.91,378.7,-0.082
East,Jharkhand,District_32,2011,849.99,2.06,238.67,253.55,2082139,441.07,446.09,-0.0114
North,Himachal Pradesh,District_51,2018,909.41,29.13,177.07,175.37,97604,15.53,-8.55,1.457
North,Uttarakhand,District_138,2005,798.31,5.78,183.58,137.92,1610141,138.82,161.25,-0.1604
South,Andhra Pradesh,District_91,2010,839.4,31.07,257.16,235.73,3359403,577.95,576.63,0.0023
North,Haryana,District_125,2023,615.95,49.6,147.72,126.92,795196,123.04,86.94,0.291
East,Assam,District_21,2012,918.69,30.13,285.79,295.9,1940044,312.52,283.7,0.0919
North,Himachal Pradesh,District_74,2014,1095.56,15.69,321.18,340.71,1520933,325.66,294.8,0.0945
Central,Madhya Pradesh,District_43,2020,981.6,7.27,95.31,77.75,713408,75.96,98.56,-0.2936
East,Odisha,District_108,2020,655.24,9.7,84.79,84.28,708983,133.31,147.08,-0.1025
North,Himachal Pradesh,District_147,2012,943.5,14.65,120.47,89.27,2812975,450.24,462.71,-0.0276
East,Bihar,District_21,2005,213.21,6.31,241.41,231.79,3279006,541.64,538.76,0.0053
East,Odisha,District_59,2010,834.82,28.51,221.72,229.53,1331735,191.28,192.41,-0.0058
East,Odisha,District_75,2022,818.49,27.46,233.66,188.8,3338315,224.86,241.8,-0.075
West,Gujarat,District_102,2008,633.88,6.82,274.07,247.58,164360,25.78,49.65,-0.8913
East,Assam,District_93,2023,1285.53,43.26,332.78,346.65,883329,50.69,77.69,-0.5224
North,Uttarakhand,District_134,2014,1113.59,24.99,233.79,257.49,3325290,426.37,454.21,-0.0651
East,Jharkhand,District_43,2005,917.75,36.5,122.45,94.69,525684,47.93,24.33,0.4824
North,Uttar Pradesh,District_33,2023,696.05,29.26,343.34,351.52,744695,162.75,166.85,-0.025
South,Karnataka,District_65,2023,571.65,11.8,261.08,217.72,331575,17.41,43.84,-1.4351
East,Bihar,District_54,2005,812.64,4.93,333.14,295.15,931875,160.73,190.14,-0.1819
South,Kerala,District_27,2003,1301.42,14.78,234.95,211.44,3140983,428.33,388.45,0.0929
East,Bihar,District_122,2017,953.61,7.16,310.07,327.32,2003215,117.28,141.89,-0.2081
West,Maharashtra,District_7,2012,948.66,4.48,157.71,127.45,1745245,117.14,80.9,0.3067
North,Haryana,District_22,2003,661.79,10.02,124.61,144.36,74790,5.82,-3.27,1.3328
West,Gujarat,District_40,2002,960.74,10.3,258,253.82,3057930,247.6,203.55,0.1772
South,Kerala,District_80,2007,1083.34,28.87,261.74,282.26,2832422,190.18,157.48,0.171
South,Karnataka,District_73,2014,422.71,38.22,269.27,288,333461,57.92,52.2,0.0972
Central,Madhya Pradesh,District_34,2016,876.72,4.4,236.87,234.33,538566,37.79,18.15,0.5063
South,Tamil Nadu,District_8,2001,610.98,7.41,80.97,51.47,1603095,80.98,68.96,0.1466
South,Telangana,District_84,2015,938.57,6.06,322.09,279.52,2289334,473.24,442.38,0.0651
East,Assam,District_139,2008,973.32,16.69,123.16,126.99,2444855,399.22,356.93,0.1057
Central,Chhattisgarh,District_114,2004,1245.57,46.68,225.34,196.6,2922220,602.48,576.37,0.0433
Central,Chhattisgarh,District_46,2018,1147.96,25.42,114.1,72.53,2115777,281.28,304.18,-0.0811
North,Himachal Pradesh,District_117,2020,1398.87,17.44,65.64,86.78,1452912,93.96,110.97,-0.1791
North,Uttarakhand,District_112,2016,944.32,42.18,168.26,128.3,1973279,261.51,264.26,-0.0105
Central,Chhattisgarh,District_80,2011,773.94,37.05,146.61,133.18,3186551,564.34,553.42,0.0193
North,Punjab,District_139,2007,1067.75,16.36,164.16,136.74,3169946,228.67,230.46,-0.0078
East,Bihar,District_114,2009,949.19,24.46,181.62,197.36,2600412,391.47,405.99,-0.037
South,Telangana,District_106,2008,886.46,35.18,261.56,257.15,2780617,291.02,299.07,-0.0276
Central,Madhya Pradesh,District_78,2000,840.94,10.37,289.56,243.12,2415096,181.14,154.89,0.1441
North,Uttar Pradesh,District_134,2004,685.01,19.99,130.82,126.36,2976936,492.17,518.21,-0.0528
South,Telangana,District_74,2015,491.98,41.22,299.23,310.27,1821437,108.52,103.06,0.0499
Central,Chhattisgarh,District_3,2022,1076.65,6.83,175.02,164.44,3143514,182.98,153.56,0.1599
North,Punjab,District_123,2009,1296.68,48.15,183.82,172.81,1577485,237.44,251.43,-0.0587
North,Uttar Pradesh,District_111,2009,1113.25,49.95,152.27,170.36,882891,94.99,116.68,-0.226
North,Himachal Pradesh,District_60,2000,774.56,18.92,110.33,110.46,2294006,266.81,255.07,0.0439
Central,Chhattisgarh,District_96,2006,1088.57,48.07,192.94,181.11,2393800,342.06,337.94,0.012
East,Jharkhand,District_144,2013,612.51,9.18,190.42,198.14,3366424,227.88,222,0.0257
South,Kerala,District_64,2005,711.52,40.52,254.42,274.28,3228418,323.35,337.76,-0.0444
South,Kerala,District_97,2007,1776.82,40.42,241.11,233.66,2967694,573.32,533.45,0.0694
West,Gujarat,District_21,2013,1326.61,27.5,300.3,296.26,1176242,233.79,235.95,-0.0092
South,Karnataka,District_133,2019,714.37,5.62,337.92,333.12,919640,186.97,170.13,0.0896
West,Gujarat,District_73,2020,597.03,26.08,311.32,277.74,2836505,150.16,160.04,-0.0653
Central,Chhattisgarh,District_69,2013,606.89,5.85,277.81,296.55,1204456,191.25,182.43,0.0459
West,Rajasthan,District_18,2005,665.87,25.7,313.46,272.48,975905,98.5,113.76,-0.1533
Central,Madhya Pradesh,District_75,2003,825.57,43.31,102.52,59.83,1151422,169.63,156.55,0.0767
East,Assam,District_116,2008,1053.13,44.73,220.3,172.88,242977,27.31,-0.04,0.966
North,Himachal Pradesh,District_126,2006,1067.47,13.71,303.27,303.19,1309885,274.49,253.4,0.0766
East,Odisha,District_5,2004,1276.51,46.07,132.07,113.01,28869,3.44,-5.51,2.016
West,Maharashtra,District_137,2000,1159.07,32.34,292.2,286.03,436439,79.61,68.11,0.1427
South,Tamil Nadu,District_27,2009,845.31,19.6,240.3,265.1,622612,125.93,103.02,0.1805
West,Gujarat,District_33,2022,791.14,40.26,257.69,271.16,583043,55.86,46.26,0.1687
East,Assam,District_3,2007,995.46,6.1,188.87,150.92,2632876,253.13,249.84,0.0129
East,Bihar,District_39,2000,829.46,7.79,94.78,66.71,1661998,168.92,124.06,0.264
North,Punjab,District_56,2010,766,4.92,128.77,124.68,433818,93.18,56.92,0.385
East,Jharkhand,District_80,2015,1044.38,47.39,92.94,53.49,807047,79.23,35.56,0.5443
South,Telangana,District_119,2022,811.01,3.69,108.84,80.61,638521,45.28,70.38,-0.5425
West,Maharashtra,District_85,2002,942.43,23.3,306.68,330.55,301102,63.25,92.8,-0.4597
Central,Madhya Pradesh,District_15,2008,778,45.62,210.34,234.34,2730680,297.73,257.21,0.1356
South,Kerala,District_19,2017,890.8,35.26,311.61,312.29,1067063,152.56,136.37,0.1054
North,Punjab,District_47,2006,1064.57,11.31,128.62,88.48,795226,170.03,187.96,-0.1048
West,Gujarat,District_98,2000,1052.8,10.7,224.01,203.02,702619,80.56,107.85,-0.3346
East,West Bengal,District_64,2012,1211.49,48.09,140.08,150.36,616380,89.24,54.23,0.388
East,Assam,District_64,2023,688.94,47.76,255.85,241.94,2511085,295.96,306.81,-0.0365
West,Maharashtra,District_51,2014,579.38,24.83,146.83,150.97,2709598,437.09,426.79,0.0235
East,West Bengal,District_134,2021,1140.41,23.32,243.99,207.77,1383906,215.06,173.54,0.1922
West,Rajasthan,District_122,2012,828.11,32.95,111.35,96.51,2253591,300.4,260.82,0.1313
South,Andhra Pradesh,District_83,2005,1229.92,21.55,349.66,333.33,1203889,128.59,105.72,0.1765
West,Maharashtra,District_141,2016,510.11,29.72,181.17,197.9,2882660,216.14,173.09,0.1982
East,West Bengal,District_65,2015,723.33,19.36,234.4,215.6,3092534,632.87,612.29,0.0325
South,Andhra Pradesh,District_51,2011,1190.36,10.69,217.83,171.78,1722806,372.55,382.27,-0.026
West,Maharashtra,District_56,2003,822.86,35.25,133.5,134.99,3089194,599.72,563.52,0.0603
South,Karnataka,District_112,2010,1146.05,19.2,88.72,58.07,3206685,359.91,375.47,-0.0431
North,Uttar Pradesh,District_43,2008,745.58,19.09,109.25,130.75,2129732,134.27,107.63,0.1969
North,Uttarakhand,District_31,2012,857.62,22.58,299.02,267.72,2866359,406.45,373.78,0.0802
South,Karnataka,District_3,2001,771.61,2.87,292.63,246.88,1545688,74.51,78.67,-0.0551
North,Uttarakhand,District_122,2022,887.69,36.98,224.4,238.69,2224417,472.88,487.42,-0.0307
North,Himachal Pradesh,District_40,2011,655.08,33.43,72.59,97.27,317408,41.35,44.22,-0.0676
East,Bihar,District_64,2005,949.88,20.92,328.22,290.4,2863831,208.62,192.61,0.0764
North,Punjab,District_24,2021,855.23,21.77,249.6,200,1376349,142.6,111.95,0.2134
North,Himachal Pradesh,District_87,2020,835.66,24.68,158.84,112.46,1711410,103.04,78.54,0.2355
West,Maharashtra,District_16,2011,461.12,47.33,237.12,209.85,1093000,225.62,194.39,0.1378
Central,Madhya Pradesh,District_138,2003,736.28,5.98,89.63,82.01,2057103,180.05,161.84,0.1006
Central,Madhya Pradesh,District_125,2007,405.16,35.76,146.74,116.07,2277578,131.71,137.8,-0.0459
East,Odisha,District_143,2020,863.71,11.05,222.87,197.45,861454,101.79,102.74,-0.0092
South,Telangana,District_113,2023,743.94,42.4,123.62,94.88,2791196,426.55,415.04,0.0269
West,Rajasthan,District_6,2022,1158.71,43.66,329.51,332.63,3030989,249.8,209.66,0.16
South,Kerala,District_92,2023,371.16,47.84,338.08,301.08,2350560,248.61,248.84,-0.0009
Central,Madhya Pradesh,District_65,2001,1030.96,19.11,228.72,250.75,3225942,608.05,600.21,0.0129
North,Punjab,District_113,2017,712.75,45.99,242.14,204.92,261797,50.78,30.14,0.3985
South,Andhra Pradesh,District_139,2022,779.12,46.47,69.34,62.34,179818,37.64,10.52,0.7018
North,Punjab,District_49,2018,771.51,35.42,129.29,149.8,3087753,622.17,619.27,0.0047
South,Tamil Nadu,District_140,2011,765.91,36.37,91.73,100.1,3182365,472.82,491.89,-0.0403
East,Odisha,District_120,2008,495.42,36.87,120.16,115.52,542703,44.85,22.83,0.4803
North,Himachal Pradesh,District_142,2005,804.7,9.12,263.59,235.53,1769234,209.7,192.25,0.0828
East,Bihar,District_136,2004,836.8,7.81,139.06,128.45,631839,75.47,80.07,-0.0602
East,Assam,District_76,2008,633.31,14.76,87.5,89.75,1891919,119.52,146.94,-0.2275
Central,Chhattisgarh,District_94,2014,709.11,21.89,116.44,131.71,3065435,443.3,401.4,0.0943
North,Uttar Pradesh,District_130,2012,760.83,10.28,234.38,207.4,2881966,598.92,583.82,0.0252
South,Tamil Nadu,District_5,2019,633.12,8.88,321.43,337.47,1470092,75.92,59.33,0.2156
South,Telangana,District_62,2010,993.11,47.93,314.93,312.57,2154890,376.13,372.79,0.0089
East,Bihar,District_138,2012,471.54,47.36,298.91,277.85,2623953,413.07,374.7,0.0927
West,Rajasthan,District_135,2021,1203.63,17.03,225.33,203.46,1134525,154.93,122.28,0.2094
North,Punjab,District_142,2004,791.75,31.56,243.8,230.52,2196057,271.36,299.86,-0.1046
North,Himachal Pradesh,District_73,2010,1017.22,37.88,93.44,105.23,1181681,69.24,84.42,-0.2161
East,Jharkhand,District_83,2003,664.68,25.02,317.4,302.09,818369,82.68,69.82,0.1536
East,West Bengal,District_134,2021,1455.86,4.43,203.06,209.38,71625,13.59,9.15,0.3048
East,Bihar,District_12,2004,716.19,34.62,249.05,275.95,3447128,396.42,370.63,0.0649
South,Tamil Nadu,District_9,2006,778.26,20.85,163.4,126.77,1739645,86.92,56.18,0.3497
East,West Bengal,District_125,2006,1128.37,49.24,298.97,284.57,1561593,118,115.7,0.0194
East,West Bengal,District_9,2018,1162.76,14.52,311.67,290.13,3492150,222.36,201.64,0.0928
South,Kerala,District_126,2016,901.12,13.08,289.4,272.09,1468169,126.75,128.14,-0.0109
North,Himachal Pradesh,District_66,2001,536.64,17.28,240.13,256.99,1209725,48.96,31.84,0.3427
South,Telangana,District_57,2019,490.61,30.25,215.79,182.92,904192,136.95,132.6,0.0315
East,Bihar,District_4,2006,1153.58,48.56,243.99,212.87,3453655,467.55,448.18,0.0413
North,Punjab,District_21,2014,942.65,5.81,203.28,204.44,1669924,249.36,265.47,-0.0644
West,Maharashtra,District_93,2017,588.34,5.06,155.8,167.31,1388344,289.95,265.65,0.0835
East,Jharkhand,District_95,2022,1021.26,28.45,283.42,283.75,1803809,205.49,214.52,-0.0437
West,Maharashtra,District_69,2016,1341.56,24.05,224,198.47,581608,115.69,131.88,-0.1388
West,Maharashtra,District_19,2009,1159.26,42.34,95.25,108.05,298076,49.47,64.05,-0.2889
East,Bihar,District_56,2016,946.2,26.53,263.64,255.49,3069068,638.44,651.93,-0.0211
East,West Bengal,District_26,2023,812.51,42.15,260.1,220.52,172044,30.75,50.04,-0.6074
South,Karnataka,District_137,2012,1079.22,28.89,119.12,76.9,2392351,319.89,320.54,-0.002
West,Rajasthan,District_50,2016,615.59,48.08,157.16,124.88,2329941,275.89,277.52,-0.0059
South,Karnataka,District_146,2020,993.19,38.24,125.87,84.8,1906985,274.07,241.72,0.1176
South,Tamil Nadu,District_143,2023,955.91,11.04,287.51,269.81,3294270,424.63,408.23,0.0385
Central,Chhattisgarh,District_107,2023,947.83,28.09,212.48,219.11,429599,92.62,108.93,-0.1742
East,West Bengal,District_148,2011,798.69,19.33,278.33,255.71,305832,23.7,20.28,0.1385
East,Assam,District_110,2003,868.39,27.3,195.03,145.06,413488,41.39,36.04,0.1261
South,Tamil Nadu,District_47,2017,829.06,3.28,86.66,61.79,1127581,84.09,54.59,0.3468
South,Kerala,District_130,2010,964.38,7.34,122.43,130.07,3439658,284.52,281.7,0.0099
South,Tamil Nadu,District_137,2019,1195.18,43.09,108.55,117.31,535436,105.42,132.88,-0.2581
East,Assam,District_91,2010,1278.93,41.11,328.93,302.7,172879,27.34,45.03,-0.624
Central,Chhattisgarh,District_84,2011,772.68,4.69,95.09,50.7,1960853,359.51,364.56,-0.014
East,Jharkhand,District_111,2023,860.47,47.4,276.8,248.35,1968501,259.04,279.72,-0.0795
East,Odisha,District_62,2018,1625.67,47.03,340.21,292.31,282587,32.23,43.97,-0.3535
Central,Chhattisgarh,District_55,2012,1208.75,41.89,141.79,127.97,916451,200.16,198.48,0.0083
Central,Chhattisgarh,District_66,2011,949.79,8.3,341.1,292.36,2245173,191.55,193.44,-0.0098
East,Assam,District_115,2012,1036.56,16.6,196.01,156.11,2351114,470.33,483.89,-0.0288
North,Uttar Pradesh,District_9,2009,1022.54,34.57,228.94,214.7,2072261,120.78,124.75,-0.0326
North,Himachal Pradesh,District_5,2016,1279.59,12.39,292.85,290.88,1893175,279.59,263.16,0.0586
Central,Madhya Pradesh,District_78,2000,946.65,3.61,175.11,158.38,2620517,388.34,376.64,0.0301
South,Andhra Pradesh,District_57,2006,499.27,12.88,192.21,145.95,1747331,115.57,143.34,-0.2382
East,Odisha,District_6,2022,361.5,46.81,212.76,199.73,1924370,282.19,304.71,-0.0795
West,Gujarat,District_142,2016,1135.15,22.32,284.44,236.69,2318489,101.67,60.85,0.3975
Central,Chhattisgarh,District_147,2018,984.27,10.15,62.77,73.8,2822979,530.4,487.46,0.0808
Central,Madhya Pradesh,District_25,2001,987.91,31.09,164.21,189.61,73204,5.39,20.51,-2.3668
East,Assam,District_92,2004,710.83,24.68,202.57,231.09,2135846,425.7,412.24,0.0315
Central,Madhya Pradesh,District_68,2011,672.48,44.52,146.49,116.8,3218028,707.86,697.85,0.0141
North,Uttarakhand,District_64,2007,598.05,41.67,347.17,347.2,1975499,90.95,84.73,0.0677
West,Gujarat,District_77,2002,1128.64,30.9,191.64,189.01,767345,114.85,141.23,-0.2277
North,Uttarakhand,District_103,2018,766.3,43.87,181.17,166.39,2029901,133.66,114.08,0.1454
West,Rajasthan,District_20,2023,1161.56,38.09,190.41,171.38,3385116,546.1,568.27,-0.0405
East,Odisha,District_124,2005,1021.37,23.79,202.9,202.39,3012307,452.79,428.85,0.0528
North,Punjab,District_148,2003,985.52,34.73,190.35,201.02,1911905,174.27,159.92,0.0819
North,Himachal Pradesh,District_77,2001,1518.63,28.24,221.52,193.65,2710983,264.15,230.19,0.1281
North,Uttarakhand,District_98,2002,730.08,2.75,121.07,109.59,1831491,219.56,228.2,-0.0391
West,Maharashtra,District_86,2011,751.26,45.01,309.85,326.73,2464798,497.9,458.45,0.0791
East,Jharkhand,District_107,2003,1035.22,8.17,240.47,265.99,2306314,223.12,182.53,0.1811
South,Karnataka,District_3,2020,1249.11,42.78,304.66,293.68,1629468,148.76,149.54,-0.0052
South,Kerala,District_14,2009,1216.15,23.53,165.43,115.85,2652929,331.8,324.61,0.0216
North,Haryana,District_11,2010,888.3,40.84,158.8,157.66,75046,15.78,-7.61,1.394
Central,Chhattisgarh,District_145,2004,898.82,24.79,91.91,77.12,3061613,660.96,631.22,0.0449
East,Odisha,District_129,2022,1377.5,21.82,103.89,71.06,2376402,185.53,173.77,0.0631
South,Karnataka,District_40,2001,712.47,6.06,194.72,164.87,2163652,172.2,131.16,0.237
South,Kerala,District_115,2019,1189.91,47.8,347.24,312.62,2953493,453.75,476.28,-0.0495
North,Uttarakhand,District_130,2002,929.75,14.01,119.82,138.95,3490829,711.13,679.04,0.0451
South,Karnataka,District_111,2009,1116.47,9.85,312.64,320.86,3414996,474.39,453.39,0.0442
South,Kerala,District_38,2004,948.87,19.48,190.35,151.51,129527,12.78,-0.52,0.9652
East,Odisha,District_22,2015,1054.81,34.47,281.41,285.96,1523905,218.61,224.01,-0.0246
North,Uttarakhand,District_13,2017,772.35,24.3,63.96,55.43,763008,49.97,51.79,-0.0357
South,Kerala,District_68,2002,1029.38,15.54,309.65,300.58,2079797,367.25,382.94,-0.0426
South,Kerala,District_129,2013,1263.63,38.88,292.87,252.52,797129,80.4,102.35,-0.2696
Central,Madhya Pradesh,District_35,2015,978.94,35.47,120.15,76.05,39809,3.42,11.15,-1.7457
Central,Chhattisgarh,District_51,2015,788.37,41.33,287.61,243.25,3213804,529.69,540.88,-0.0211
South,Kerala,District_147,2006,1314.1,14.14,242.37,211.4,2201351,331.06,346.1,-0.0453
Central,Chhattisgarh,District_135,2007,1148.44,48.93,232.51,194.46,421895,90.23,84.71,0.0605
South,Karnataka,District_19,2008,659.75,40.31,96.89,95.21,1777671,164.43,185.19,-0.1255
East,Jharkhand,District_83,2021,640.58,30.27,133.73,143.01,259361,18.91,-22.41,2.0752
North,Uttarakhand,District_23,2003,750.61,42.44,172.49,151.41,2537767,282.93,268,0.0526
East,Jharkhand,District_109,2011,883.23,5.56,70.08,62.58,967573,180.96,172.19,0.0482
South,Telangana,District_49,2010,445.64,28.85,254.81,250.3,1636398,349.1,316.74,0.0924
South,Telangana,District_7,2009,1373.85,8.15,208.51,216.19,147639,6.58,-17.96,3.2365
South,Tamil Nadu,District_90,2019,827.28,41.89,96.25,115.42,154118,10.04,-3.71,1.2458
East,Assam,District_38,2014,1092.31,5.47,314.01,302.06,288370,53.8,27.33,0.4831
West,Maharashtra,District_60,2006,788.47,45.86,301.54,311.23,1054719,169.34,139.43,0.1756
South,Telangana,District_40,2023,1092.12,24.08,286.91,292.17,2594072,409.35,399.79,0.0233
East,Bihar,District_29,2023,504.69,12.99,118.31,75.73,1281410,206.31,164.98,0.1994
West,Maharashtra,District_63,2019,67.47,33.42,90.01,99.73,161101,10.73,6.52,0.3586
Central,Madhya Pradesh,District_74,2000,545.62,3.85,65.16,59.95,147316,28.16,36.25,-0.2773
East,Odisha,District_29,2009,925.63,35.43,233.05,253.24,977239,107.01,125.01,-0.1666
East,Assam,District_121,2000,1108.67,6.69,211.09,183.46,3189108,423.62,425.34,-0.0041
East,Odisha,District_54,2023,786.31,42.74,100.37,83.95,1787147,106.4,97.05,0.0871
Central,Chhattisgarh,District_55,2006,1050.41,38.4,157.05,156.72,2388684,287.67,304.69,-0.0589
Central,Chhattisgarh,District_134,2008,951.13,10.88,71.29,98.41,2226099,387.42,415.61,-0.0726
Central,Chhattisgarh,District_124,2019,585.17,33.22,121.04,95.32,913728,137.91,154.15,-0.1169
Central,Madhya Pradesh,District_5,2012,1211.01,22.61,309.87,327.81,2236658,471.45,474.66,-0.0068
North,Uttarakhand,District_135,2001,1111.45,33.29,275.43,303.6,2838111,289.49,305.25,-0.0543
West,Gujarat,District_44,2001,1028.6,6.16,93.94,66.73,2439519,408.15,432.17,-0.0587
South,Andhra Pradesh,District_52,2022,1122.29,21.29,247.51,249.46,2668642,384.1,344.09,0.1039
North,Himachal Pradesh,District_70,2001,496.06,28.17,281.95,240.3,2804608,440.6,440.99,-0.0009
East,Assam,District_3,2002,927.88,31.2,71.66,40.71,1159818,222.32,232.94,-0.0475
South,Kerala,District_70,2021,722.48,6.93,82.47,65.01,1263756,246.64,244.81,0.0074
South,Telangana,District_28,2000,799.21,45.95,204.4,202.5,1685411,343.63,335.92,0.0224
South,Andhra Pradesh,District_99,2007,1082.24,11.68,81.57,109.9,1549038,228.26,220.7,0.0329
South,Kerala,District_131,2022,472.47,49.12,301.01,258.08,1878296,309.76,314.5,-0.0152
East,West Bengal,District_81,2015,947.66,29.66,336.15,330.74,1638201,307.16,316.47,-0.0302
North,Himachal Pradesh,District_137,2002,644.01,18.83,122.86,106.02,1901780,251.83,269.53,-0.07
South,Tamil Nadu,District_51,2016,1547.79,25.49,201.72,225.52,1494485,125.64,112.56,0.1033
East,Assam,District_144,2022,676.07,38.88,143.76,141.04,2320129,99.11,95.41,0.0369
North,Uttar Pradesh,District_11,2007,1352.02,41.99,292.68,314.68,1739931,93.99,109.61,-0.1645
North,Haryana,District_79,2010,308.67,45.74,65.6,43.32,2677308,266.29,255.14,0.0417
North,Punjab,District_101,2023,518.65,33.52,102.54,65.27,3080209,658.77,650.19,0.013
South,Tamil Nadu,District_5,2011,1582.55,24.74,279.08,238.66,1211631,88.12,84.69,0.0385
South,Telangana,District_91,2020,949.45,15.21,310.7,292.12,1048687,69.52,52.09,0.2472
South,Andhra Pradesh,District_61,2016,446.03,30.46,95.01,98.94,2083051,249.07,231.92,0.0686
West,Gujarat,District_16,2020,643.27,36.76,226.76,248.02,1999509,274.77,233.03,0.1514
West,Gujarat,District_100,2000,1135.99,20.78,181.84,134.33,1181827,150.24,140.85,0.0621
Central,Chhattisgarh,District_72,2007,340.65,19.76,299.81,317.3,285153,51.59,59.34,-0.1473
Central,Madhya Pradesh,District_88,2012,512.75,29.01,132.31,96.95,658341,62.21,55.75,0.1021
Central,Madhya Pradesh,District_23,2023,642.85,47.04,72.84,42.87,589281,30.29,-13.66,1.4046
South,Kerala,District_134,2021,849.1,3.51,252.12,252.43,2173116,288.56,308.56,-0.0691
North,Himachal Pradesh,District_59,2013,486.7,25.71,279.24,267.56,2130789,251.51,246.48,0.02
South,Karnataka,District_147,2004,840.04,35.83,149.56,154.34,38119,3.29,21.84,-4.3188
East,Jharkhand,District_80,2019,992.52,28.92,125.08,114.27,1412541,218.3,198.8,0.0889
East,Odisha,District_115,2017,1054.3,15.87,100.82,118.28,3103158,129.6,141.04,-0.0875
Central,Madhya Pradesh,District_53,2020,965.16,17.37,303.74,267.15,3462137,674.88,703.72,-0.0427
Central,Madhya Pradesh,District_149,2017,804.29,7.15,86.85,59.84,1070888,215.82,220.88,-0.0233
West,Rajasthan,District_36,2009,652.05,8.08,296.47,253.01,1795261,335.63,295.71,0.1186
North,Haryana,District_35,2013,798.29,44.06,152.62,135.71,638031,30.1,-14.57,1.4364
Central,Madhya Pradesh,District_145,2005,978.88,19.52,192.83,162.64,3056955,374.8,332.08,0.1137
East,Odisha,District_18,2017,916.84,16.22,241.92,238.32,2589000,334.75,330.18,0.0136
Central,Chhattisgarh,District_31,2005,756.16,32.95,238.75,250.06,1740612,246.65,241.53,0.0207
East,Odisha,District_38,2023,973.06,44.64,282.34,247.39,3289073,341.93,352.69,-0.0314
North,Uttar Pradesh,District_82,2013,724.28,35.69,71.25,24.68,1653299,148.61,113.11,0.2373
East,Jharkhand,District_78,2014,471.67,20.66,94.54,118.1,1122666,171.94,137.61,0.1985
West,Gujarat,District_39,2006,288.06,42.24,344.48,322.87,1576638,216.15,207.32,0.0407
East,West Bengal,District_34,2005,1248.8,2.42,60.5,82.69,2016812,336.57,351.2,-0.0433
North,Uttar Pradesh,District_69,2019,921.23,10.42,293.8,252.73,3033927,603.17,614.84,-0.0193
North,Uttarakhand,District_60,2019,404.66,6.59,187.79,163.68,2522837,294.07,249.41,0.1514
South,Karnataka,District_60,2021,1263.24,41.22,325.64,331.81,2508691,225.67,193.28,0.1429
North,Uttar Pradesh,District_92,2002,877.77,6.59,92.27,50.16,3335953,631.4,606.67,0.0391
North,Punjab,District_35,2016,900.41,22.27,109.83,111.18,2384184,392.42,384.45,0.0203
North,Himachal Pradesh,District_121,2022,357.42,27.84,275.36,285.58,323176,64.89,47.15,0.2693
South,Telangana,District_48,2012,1206.48,23.57,259.91,284.33,2061416,445.34,422.55,0.0511
North,Punjab,District_122,2004,1246.22,41.91,71.67,82.8,649198,33.58,5.06,0.8247
South,Tamil Nadu,District_50,2007,1099.45,2.22,205.36,178.97,563442,65.94,86.78,-0.3112
West,Maharashtra,District_105,2000,1062.72,22.7,185.85,176,1099495,72.85,88.96,-0.2181
West,Gujarat,District_106,2007,719.43,12.87,174.59,152.29,2298997,391.61,420.13,-0.0727
West,Rajasthan,District_53,2002,695.76,35.14,331.01,303.89,2853601,155.15,174.02,-0.1209
South,Tamil Nadu,District_113,2019,914.85,29.95,346.2,305.25,2965319,570.06,575.74,-0.0099
North,Punjab,District_84,2014,844.7,30.48,216.3,193.25,1004035,60.78,72.75,-0.1936
South,Karnataka,District_110,2012,961.41,19.88,192.71,196.75,1176619,255.17,224.59,0.1194
West,Maharashtra,District_98,2023,909.88,36.07,256.38,239.41,2903481,336.64,303.24,0.0989
East,Odisha,District_101,2019,1187.22,40.04,86.7,112.25,893839,104.64,60.89,0.4141
North,Uttarakhand,District_138,2016,1107.91,17.78,314.16,276.71,317570,47.44,38.15,0.1918
West,Maharashtra,District_134,2003,1140.59,39.21,177.42,131.34,3255868,544.3,517.26,0.0496
East,Assam,District_117,2001,673.2,27.11,328.03,292.03,594649,107.81,103.72,0.0376
South,Karnataka,District_133,2017,517.79,33.72,219.86,233.33,2109889,399.43,366.69,0.0818
South,Kerala,District_11,2017,890.75,41.1,247.07,247.79,1558381,279.87,249.21,0.1092
South,Kerala,District_133,2020,842.14,38.56,90.91,111.56,685247,31.31,3.3,0.8668
West,Maharashtra,District_49,2009,908.36,4.5,71.06,66.68,2485352,364.93,379.37,-0.0395
East,Assam,District_102,2009,771.68,7.86,82.83,58.43,2763158,508.34,492.55,0.031
South,Andhra Pradesh,District_119,2005,447.94,12.79,237.79,217.52,3058176,167.91,135.83,0.1899
East,Jharkhand,District_76,2019,1147.83,8.41,143.36,133.93,2038001,221.13,193.43,0.1247
West,Maharashtra,District_133,2004,1474.06,35.93,71.64,57.91,1679588,215.98,220.59,-0.0213
East,Assam,District_116,2002,325.02,32.17,72.44,88.77,589162,70.45,51.31,0.2679
North,Haryana,District_29,2005,730.72,18.34,153.54,149.59,272470,51.92,47.51,0.0833
North,Uttarakhand,District_140,2004,832.9,26.16,245.21,261.52,354758,37.97,40.1,-0.0547
South,Kerala,District_106,2010,837.49,11.36,93.15,63.93,2159124,474.97,477.67,-0.0057
East,Assam,District_7,2005,1001.8,46.27,70.36,39.03,3400938,744.14,767.64,-0.0315
East,Assam,District_52,2014,1184.45,43.39,173.25,161.32,3251145,601.3,620.84,-0.0325
East,Bihar,District_65,2010,1173.18,28.91,170.08,196.23,1726638,91.87,91.48,0.0042
South,Tamil Nadu,District_32,2002,841.73,3.92,302.21,315.43,804031,59.2,62.54,-0.0555
East,West Bengal,District_116,2020,684.35,31.6,152.42,128.25,2695210,323.84,327.89,-0.0125
South,Telangana,District_22,2016,676.82,23.66,277.08,234.9,1563160,210,237.53,-0.1305
South,Kerala,District_131,2019,1183.1,19.36,330.41,309.96,2427008,465.34,481.81,-0.0353
South,Tamil Nadu,District_97,2017,876.79,5.02,169.72,131.01,538099,69.46,64.11,0.076
South,Kerala,District_12,2005,877.08,39.71,333.15,292.99,2848877,354.51,352.5,0.0057
East,Odisha,District_145,2021,1057.83,26.72,228.88,221.64,1697186,206.01,196.74,0.0448
Central,Madhya Pradesh,District_42,2004,1333.46,9.26,237.34,248.19,945340,94.79,55.83,0.4068
South,Tamil Nadu,District_14,2013,880.95,33.38,140.67,132.84,2661661,267.19,257.78,0.0351
South,Andhra Pradesh,District_80,2023,1214.66,10.35,223.89,180.92,2533305,448.26,414.45,0.0753
East,Assam,District_74,2020,1122.11,14.34,178.06,168.17,546375,33.24,33.11,0.0038
South,Tamil Nadu,District_31,2004,1230.62,38.42,234.41,236.63,2210383,147.73,103.86,0.295
West,Rajasthan,District_1,2019,860.55,44.69,283.68,280.76,1097221,195.09,158.81,0.185
West,Gujarat,District_4,2014,613.85,22.79,101.57,118.12,1003128,65.53,79.05,-0.2033
North,Punjab,District_128,2017,1260.18,25.13,72.32,65.31,732940,132.13,135.51,-0.0254
North,Uttar Pradesh,District_127,2007,672.13,37.23,348.48,312.95,184563,29.87,10.54,0.6263
West,Rajasthan,District_122,2014,950.53,12.23,93.86,90.63,258095,56.36,74.66,-0.3191
East,Jharkhand,District_114,2002,801.03,15.04,282.7,244.47,2473159,179.76,137.44,0.2341
North,Himachal Pradesh,District_2,2007,840.65,29.79,211.41,240.71,1577570,255.4,233.06,0.0871
Central,Chhattisgarh,District_72,2019,1182.36,14.1,170.53,138.32,2426197,233.73,219.67,0.0599
Central,Chhattisgarh,District_54,2001,926.34,34.61,100.84,95.34,1178009,156.56,161.6,-0.032
South,Tamil Nadu,District_38,2001,1149.87,7.75,314.99,282.65,1383278,198.39,204.74,-0.0319
South,Telangana,District_10,2004,542.17,26.62,131.41,92.31,1484805,246.28,228.37,0.0724
West,Maharashtra,District_148,2019,1336.01,38.38,239.18,206.22,1213279,205,198.06,0.0337
South,Andhra Pradesh,District_85,2002,952.36,32.75,180.06,186.15,2131367,293.35,295.51,-0.0074
West,Maharashtra,District_28,2013,834.61,42.13,256.64,231.88,1554563,197.69,194.46,0.0162
South,Tamil Nadu,District_42,2021,1433.55,16.51,346.13,354.37,3375374,218.31,207.93,0.0474
South,Andhra Pradesh,District_147,2017,947.93,33.14,173.16,163.27,2821299,219.08,202.09,0.0772
South,Tamil Nadu,District_117,2023,579.98,5.9,315.31,341.19,1111878,197.59,197.2,0.0019
North,Uttarakhand,District_93,2001,920.03,3.07,267.85,289.03,1377061,286.28,293.34,-0.0246
East,Bihar,District_77,2010,1202.01,4.33,255.93,222.98,1297738,88.77,89.36,-0.0066
South,Telangana,District_98,2002,1006.08,31.99,138.12,145.39,2264009,466.24,483.27,-0.0364
East,Jharkhand,District_141,2002,1018.97,29.5,229.46,229.89,643292,103.15,104.03,-0.0084
South,Andhra Pradesh,District_121,2004,729.98,40.77,340.28,319.4,2968994,403.51,386.65,0.0417
East,West Bengal,District_71,2010,487.23,49.43,187.14,211.84,2348793,429.24,429.37,-0.0003
North,Haryana,District_106,2016,1280.32,15.17,262.59,280.36,2606766,540.98,501.05,0.0737
West,Rajasthan,District_54,2019,456.78,48.53,96.36,113.52,2782544,382.48,411.1,-0.0746
West,Maharashtra,District_28,2018,802.16,44.77,232.17,197.69,2906625,245.88,211.73,0.1383
North,Haryana,District_23,2015,1152.86,46.18,321.58,275.41,1353943,295.77,307.46,-0.0394
North,Himachal Pradesh,District_74,2013,935.14,27.79,187.55,155.8,241941,45.69,18.58,0.5806
North,Himachal Pradesh,District_82,2008,504.76,25.89,139.71,115.5,1506069,64.96,64.57,0.0059
North,Haryana,District_148,2019,841.3,24.02,344.65,358.7,3459845,278.25,267.95,0.0369
South,Telangana,District_34,2019,1070.38,47.32,178.87,154.5,2141552,370.36,380.48,-0.0272
North,Uttarakhand,District_128,2016,895.7,43.23,319.79,273.29,2836728,309.91,329.92,-0.0644
North,Punjab,District_127,2005,797.61,20.51,333.46,292.27,969192,54,14.55,0.7174
North,Himachal Pradesh,District_60,2022,305.27,32.22,255.41,268.56,121435,9.78,-33.29,3.9944
South,Andhra Pradesh,District_50,2000,706.8,20.74,323.8,335.76,3160796,586.87,546.34,0.0689
East,West Bengal,District_7,2014,407.38,41.75,254.88,207.22,1592077,202.9,195.3,0.0372
East,West Bengal,District_54,2019,1035.56,13.48,231.13,225.66,1872563,173.86,147.37,0.1515
East,Jharkhand,District_106,2001,897.46,41.58,296.74,263.19,2129096,235.95,256.06,-0.0849
East,Odisha,District_90,2017,474.82,26.37,260.81,240.39,203996,42.36,38.55,0.0879
West,Rajasthan,District_3,2020,563.51,21.69,265.84,254.82,203766,36.03,52.92,-0.456
West,Rajasthan,District_73,2008,1147.2,18.25,125.01,126.28,1207198,174.19,144.33,0.1705
East,Bihar,District_79,2009,738.44,49.46,232.22,230.27,2498946,421.37,398.63,0.0538
North,Haryana,District_141,2010,1241.73,19.04,318.88,308.7,1119388,146.33,125.08,0.1443
North,Uttar Pradesh,District_30,2021,1219.42,15.66,226.89,247.03,3269108,301.25,313.79,-0.0415
East,Odisha,District_88,2012,982.04,46.33,274.91,279.62,2779854,321.3,336.74,-0.0479
North,Uttarakhand,District_8,2005,394.26,37.44,284.52,265.96,985259,112.69,141.62,-0.2544
West,Rajasthan,District_85,2010,530.77,37.16,232.94,235.41,1286028,185.52,180.52,0.0268
North,Punjab,District_122,2001,1162.19,22.99,81.85,36.12,2649366,239.95,227.61,0.0512
Central,Madhya Pradesh,District_124,2004,846.07,5.55,199.71,158.05,2899509,151.78,141.48,0.0674
East,Assam,District_138,2010,600.52,9.7,82.3,95.9,2765631,125.19,133.3,-0.0642
East,Assam,District_106,2023,836.53,28.17,140.43,126.35,1967109,169.88,159.09,0.0632
West,Maharashtra,District_134,2009,1080.97,20.82,94.31,61.85,2183127,214.53,206.35,0.038
North,Uttarakhand,District_81,2017,1312.86,34.34,230.78,214.67,1093662,149.09,140.72,0.0557
Central,Chhattisgarh,District_5,2006,950.43,23.98,97,92.39,445037,64.42,26.25,0.5835
North,Uttarakhand,District_85,2011,872.89,20.53,328.71,306.55,2381609,426.79,393.88,0.0769
East,Bihar,District_39,2008,1264.82,25.3,118.31,138.36,1407878,240,203.72,0.1506
North,Uttar Pradesh,District_87,2012,713.79,46.11,208.35,188.03,3389758,319.02,306.17,0.0402
Central,Chhattisgarh,District_43,2018,1013.67,17.96,231.49,204.24,1605196,102.54,71.68,0.2981
North,Himachal Pradesh,District_100,2005,759.86,34.35,130.13,117.21,2098703,415.46,437.67,-0.0533
North,Himachal Pradesh,District_30,2009,1270.42,22.72,156.35,153.44,1327916,112.97,76.34,0.3214
East,Odisha,District_9,2008,745.53,38.27,271.38,273.66,974841,150.94,117.05,0.223
East,Jharkhand,District_23,2015,627.75,17.95,192.03,179.35,302901,32.52,5.46,0.8072
South,Karnataka,District_96,2014,793.18,23.73,290.07,258.55,3295646,464.3,450.54,0.0296
South,Andhra Pradesh,District_56,2016,1663.51,11.51,218.59,168.82,2668797,192.16,218.32,-0.1354
South,Andhra Pradesh,District_45,2003,558,34.78,132.81,122.84,2819716,213.27,174.21,0.1823
South,Telangana,District_10,2006,1353.82,28.26,134.42,110.73,165468,29.54,14.24,0.501
East,Bihar,District_114,2016,791.21,49.55,136.94,161.96,528888,88.81,56.55,0.3593
North,Uttar Pradesh,District_124,2016,1111.1,35.5,167.58,183.08,2925865,171.59,160.87,0.0621
Central,Madhya Pradesh,District_49,2010,970.41,17.07,138.71,117.04,3314337,351.1,332.69,0.0523
North,Punjab,District_135,2009,953.61,40.75,171.32,163.58,2964280,586.96,543.97,0.0731
East,Odisha,District_37,2003,1105.84,16.52,261.12,290.41,680474,115.04,101.34,0.118
North,Haryana,District_34,2006,851.61,19.04,203.74,164.12,2037130,279.34,305.42,-0.093
West,Maharashtra,District_118,2012,583.86,37.65,109.98,137.44,3440858,673.77,692.46,-0.0277
North,Haryana,District_30,2000,1204.53,11.26,292.57,262.31,2382008,360.14,379.59,-0.0538
South,Andhra Pradesh,District_12,2021,382.12,47.37,330.6,342.56,717175,116.77,120.4,-0.0309
North,Himachal Pradesh,District_23,2010,693.09,10.65,321.45,337.93,502976,80.77,75.53,0.0641
East,Assam,District_12,2003,643.09,20.42,94.56,104.96,2308137,322.78,343.34,-0.0635
North,Haryana,District_80,2000,1489.85,31.07,166,189.9,241073,27.01,12.54,0.5164
North,Uttarakhand,District_80,2020,454.64,25.58,148.01,133.29,2391255,458.87,481.47,-0.0491
West,Rajasthan,District_83,2006,1010.99,12.84,212.59,232.35,171118,24.8,43.77,-0.7352
West,Rajasthan,District_74,2008,780.2,38.74,275.83,233.56,2907717,253.24,214.12,0.1539
Central,Chhattisgarh,District_82,2014,1195.32,7.26,152.47,168.37,906913,42.1,33.59,0.1975
East,West Bengal,District_70,2004,833.33,31.26,115.48,123.61,3016761,637.03,651.5,-0.0227
South,Tamil Nadu,District_71,2003,1179.86,25.91,320.32,273.01,963329,151.42,131.76,0.129
North,Uttar Pradesh,District_144,2016,1144.54,21.37,151.87,107.17,3048569,184.75,205.76,-0.1131
East,West Bengal,District_53,2017,604.9,3.69,77.29,77.41,1904828,317.84,284.03,0.106
South,Telangana,District_141,2010,1103.5,47.81,121.18,110.87,2338597,197.71,182.68,0.0757
West,Gujarat,District_37,2022,669.01,23.19,213.47,207.52,150105,9.4,3.75,0.5434
South,Andhra Pradesh,District_147,2007,563.77,38.05,169.52,129.99,1019824,185.1,202.41,-0.093
South,Tamil Nadu,District_19,2009,982.13,16.65,335.93,308.79,2524007,224.18,196.6,0.1225
North,Himachal Pradesh,District_87,2017,771.04,29,222.29,238.99,1344426,179.94,189.15,-0.0509
East,Assam,District_13,2004,1026.68,36.5,73.29,87.03,3082805,302.34,270.6,0.1046
North,Uttar Pradesh,District_121,2021,737.79,39.68,318.56,303.52,2222532,169.8,159.08,0.0628
West,Maharashtra,District_28,2012,999.87,22.84,115.67,106.62,408576,74.85,47.58,0.3595
West,Maharashtra,District_23,2013,1526.35,8.43,85.67,43.02,1527447,141.31,105.44,0.2521
South,Kerala,District_46,2022,1144.9,12.05,144.91,159.51,2540449,287.52,252.58,0.1211
North,Himachal Pradesh,District_115,2019,726.42,47.07,347.89,301.15,368815,79.13,94.39,-0.1904
South,Telangana,District_80,2010,266.62,27.2,220.5,219.38,663423,38.9,34.57,0.1087
West,Rajasthan,District_137,2002,1272.91,20.04,227.52,222.43,3211996,644.41,643.21,0.0019
East,Assam,District_146,2004,729.74,5.16,294.81,248.59,696066,61.86,89.37,-0.4376
East,Bihar,District_120,2003,1368.79,26.82,117.04,86.41,2483020,531.45,511.14,0.0381
East,Assam,District_80,2021,1060.39,29.15,97.23,87.31,1372779,196.7,191.75,0.025
East,Assam,District_121,2007,849.45,32.56,146.41,161.8,1633773,282.49,252.85,0.1045
South,Karnataka,District_37,2019,420.83,47.8,325.84,337.18,2309423,294.41,293.88,0.0018
West,Gujarat,District_94,2012,482.74,33.23,163.28,116.18,2592465,390.83,392.68,-0.0047
South,Tamil Nadu,District_85,2010,1139.28,6.19,274.25,272.11,2208494,475.65,479.82,-0.0088
East,Assam,District_125,2000,260.62,33.11,173.83,132.28,343905,33.93,5.01,0.828
East,Bihar,District_122,2003,852.87,32.02,173.72,124.56,1377319,211.97,168.2,0.2055
South,Telangana,District_123,2014,967.05,44.08,106.51,92.71,2423161,286.37,291.23,-0.0169
South,Tamil Nadu,District_73,2011,1046.26,11.21,215.84,223.53,1240328,214.55,242.33,-0.1289
North,Himachal Pradesh,District_148,2004,336.17,20.29,178.18,169.38,297224,51.81,78.01,-0.4962
North,Haryana,District_27,2012,832.33,28.56,246.84,263.35,2786624,250.4,255.22,-0.0192
East,West Bengal,District_84,2017,997.31,32.67,115.31,72.28,1278621,172.01,139.41,0.1885
East,Bihar,District_78,2017,673.98,35.88,174.16,182.35,1944146,127.42,83.27,0.3438
East,Assam,District_103,2018,883.8,3.06,108.45,60.52,1419050,215.69,244.78,-0.1342
East,Jharkhand,District_62,2019,1521.73,46.07,170.59,139.37,147192,11.56,-5.34,1.3453
South,Karnataka,District_141,2005,851.04,26.62,214.61,206.36,2777552,397.05,353.03,0.1106
North,Punjab,District_99,2002,746.82,36.84,122.15,89.56,430335,31.68,14.85,0.5149
East,Odisha,District_54,2022,1112.13,34.61,201.38,228.14,278648,53.38,29.36,0.4418
North,Uttarakhand,District_111,2013,772.27,44.67,153.44,182.36,2670183,387.72,350.03,0.097
North,Uttarakhand,District_88,2017,1040.72,41.8,267.87,295.26,2048839,413.07,431.85,-0.0454
South,Karnataka,District_45,2021,747.22,40.81,326.88,322.68,3420245,382.43,353.51,0.0754
East,Bihar,District_147,2015,1138.64,25.42,122.78,143.43,288994,52.88,33.92,0.3519
East,West Bengal,District_119,2010,800.49,43.05,111.52,98.95,3291021,574.68,562.92,0.0204
Central,Chhattisgarh,District_25,2014,478.91,44.38,149.14,123.78,96234,9.87,36.61,-2.4596
South,Tamil Nadu,District_79,2012,620.55,18.79,289.44,269.33,395445,66.31,26.18,0.5962
East,Bihar,District_28,2021,824.74,29.13,237.32,261.8,955963,195.18,190.64,0.0232
North,Himachal Pradesh,District_98,2010,449.94,28.05,337.55,295.66,2607109,508.95,527.12,-0.0356
North,Punjab,District_16,2002,538.29,26.69,233.17,226.57,2439673,303.02,309.67,-0.0219
West,Rajasthan,District_36,2018,343.55,29.18,129,79.91,1752568,131.35,125.57,0.0437
North,Uttar Pradesh,District_38,2021,655.95,43.59,66.32,41.96,514203,85.62,57.98,0.3191
Central,Madhya Pradesh,District_116,2017,1112.66,39.89,277.67,230,18825,2.82,-35.42,10.0031
South,Andhra Pradesh,District_100,2019,836.09,39.96,223.38,247.28,1645763,86.42,78.28,0.0932
North,Uttarakhand,District_115,2006,956.24,28.23,336.54,351.89,2440393,136.83,137.78,-0.0068
West,Rajasthan,District_82,2009,800.48,6.53,115.32,144.74,2802518,542.68,566.88,-0.0445
North,Uttarakhand,District_78,2013,1263.53,25.93,115.3,101.08,913027,138.49,134.01,0.0321
South,Telangana,District_23,2018,595.51,11.3,148.03,128.35,1196420,232.25,190.21,0.1803
North,Uttar Pradesh,District_131,2012,613.42,47.05,252.21,214.67,991273,80.94,69.06,0.145
Central,Madhya Pradesh,District_76,2001,1298.09,39.77,311.44,333.03,1834800,284.64,312.04,-0.0959
South,Telangana,District_141,2001,979.57,15.85,296.25,303.05,891650,36.71,-7.52,1.173
North,Uttar Pradesh,District_144,2011,1441.05,19.47,305.95,293.15,2405755,195.41,195.99,-0.003
East,West Bengal,District_73,2000,838.63,11.86,120.34,138.21,3240988,511.14,501.02,0.0197
South,Karnataka,District_111,2022,1306.01,30.62,180.58,186.58,2943685,376.82,356.88,0.0528
North,Uttarakhand,District_101,2020,1049.73,35.86,278.72,289.32,2648913,340.13,347.12,-0.0205
East,Odisha,District_98,2012,856.67,6.89,78.19,80.28,227875,28.41,36.27,-0.2672
South,Kerala,District_112,2017,1126.26,11.74,148.5,138.92,544848,48,60.51,-0.2552
West,Rajasthan,District_45,2015,1081.54,26.72,153.33,171,222932,38.39,62.95,-0.6236
Central,Madhya Pradesh,District_49,2017,862.57,33.67,338.31,360.31,85408,4.18,-3.29,1.4416
South,Kerala,District_93,2013,1162.94,14.11,324.21,322.33,373121,51.93,73.62,-0.4099
Central,Madhya Pradesh,District_74,2021,640.35,21.04,92.25,119.71,2351506,121.77,123.24,-0.012
Central,Madhya Pradesh,District_35,2000,712.32,2.17,238.42,234.38,305538,19.35,-13.88,1.633
East,Bihar,District_5,2004,682,18.38,340.32,322.79,1622820,77.84,67.65,0.1292
North,Punjab,District_112,2004,1080.34,35.9,97.85,76.74,1669714,232.88,220.61,0.0525
East,Bihar,District_36,2020,647.27,18.93,312.77,318.07,1780794,217.14,212.48,0.0214
East,Jharkhand,District_117,2022,1159,22.56,214.11,222.22,148001,27.38,2.55,0.875
North,Himachal Pradesh,District_109,2019,345.71,31.22,314.1,273.4,444111,47.11,10.99,0.7507
South,Tamil Nadu,District_117,2016,784.24,7.41,201.21,215.66,3036662,135.71,123.31,0.0907
East,Jharkhand,District_142,2014,829.12,22.6,320.23,327.15,2496712,521.95,491.26,0.0587
South,Kerala,District_91,2007,1353.23,41.39,116.61,135.14,2759162,128.9,101.24,0.2129
South,Tamil Nadu,District_109,2019,781.26,11.67,72.19,24.56,2359811,198.38,200.15,-0.0089
North,Uttar Pradesh,District_148,2015,1033.09,16.45,91.79,82.6,3283369,395.73,360.21,0.0895
South,Karnataka,District_129,2008,574.2,31.87,194.05,149.19,1270667,207.51,222.67,-0.0727
East,Jharkhand,District_140,2018,915.59,41.33,324.21,289.17,1826146,172.38,181.56,-0.053
South,Telangana,District_9,2001,1011.38,9.8,345.88,338.75,2954404,612.76,633.91,-0.0345
North,Uttarakhand,District_124,2022,532.1,13.14,322.08,337.9,2543194,224.98,205.96,0.0841
South,Telangana,District_29,2018,1091.12,31.04,95.33,81.44,957967,123.85,131.45,-0.0609
North,Punjab,District_21,2004,439.5,7.72,178.63,206.35,523469,109.36,131.31,-0.1988
North,Haryana,District_72,2014,1100.02,13.17,70.09,36.64,790299,31.66,-4.52,1.1076
North,Haryana,District_21,2016,882.42,2.95,279.77,280.83,788418,88.55,113.23,-0.2756
North,Himachal Pradesh,District_23,2007,1399.68,20.88,123,92.27,508985,53.27,54.51,-0.023
North,Punjab,District_20,2021,853.68,24.8,234.08,218.41,257225,45.05,3.86,0.8945
Central,Chhattisgarh,District_149,2009,602.71,27.92,264.42,240.11,3371318,607.7,589.63,0.0297
North,Himachal Pradesh,District_14,2010,759.53,4.91,87.74,114.71,3286224,377.95,361.6,0.0431
Central,Chhattisgarh,District_3,2015,969.45,9.35,345.87,323.5,562594,34.36,63.15,-0.8144
East,Assam,District_132,2015,924.82,7.14,144.85,130.71,2263495,375.27,338.04,0.0989
North,Uttarakhand,District_85,2013,1459.89,37.75,191.64,214.97,58086,2.82,-21.02,6.2363
South,Telangana,District_76,2009,715.93,45.72,160.62,182.46,1913851,297.97,325.48,-0.092
South,Tamil Nadu,District_10,2022,585.8,20.82,247.32,242.4,2360286,429.66,434.08,-0.0103
North,Himachal Pradesh,District_78,2023,1132.18,14.29,314.96,301.08,15184,1.15,-29.67,14.3145
North,Uttarakhand,District_67,2001,781.15,19.57,315.3,334.76,718844,112.71,96.27,0.1446
North,Punjab,District_149,2005,759.28,41.4,111.66,85.69,130742,7.86,27.29,-2.1908
North,Uttarakhand,District_14,2021,782.87,4.56,236.41,209.18,3191880,545.11,521.78,0.0427
South,Andhra Pradesh,District_7,2009,819.6,20.33,324.31,332.13,883591,46.24,11.14,0.743
North,Punjab,District_22,2004,998.31,6.02,139.26,145.44,858171,151.82,168.18,-0.107
North,Haryana,District_20,2008,1285.34,10.14,310.21,300.36,3079487,504.95,468.06,0.0729
West,Gujarat,District_34,2019,497.17,25.2,278.16,302.76,1593989,331.71,337.48,-0.0173
West,Gujarat,District_71,2008,1249.18,19.55,73.19,56.05,1064213,48.81,57.91,-0.1826
North,Uttar Pradesh,District_29,2019,1605.89,25.71,178.87,188.68,1319862,107.59,115.73,-0.075
South,Tamil Nadu,District_39,2021,1282,42.84,192.96,221.04,1928938,402.3,402.88,-0.0014
East,Assam,District_95,2005,1287.9,6.49,112.87,64.96,263945,54.52,18.94,0.6409
West,Gujarat,District_61,2015,820.36,18.4,154.47,181.67,157475,10.93,-21.35,2.7061
South,Tamil Nadu,District_136,2001,671.18,34.76,162.49,142.19,2235883,102.83,95.12,0.0743
East,Odisha,District_22,2004,404.14,17.08,112.34,82.33,1517224,195.47,194.22,0.0063
North,Himachal Pradesh,District_40,2015,875.7,18.46,223,205.59,374140,64.72,39.42,0.3849
East,Jharkhand,District_99,2007,873.5,22.53,96.09,83.67,2633623,139.26,144.88,-0.0401
East,Assam,District_43,2006,684.34,12.62,116.79,136.34,1562824,238.55,250.02,-0.0479
North,Uttarakhand,District_89,2001,654.84,13.7,337.52,330.58,569868,103.8,125.94,-0.2113
West,Gujarat,District_30,2001,811.44,14.62,226.97,191.19,1440216,218.23,245.4,-0.1239
South,Tamil Nadu,District_119,2012,1224.43,15.95,179.97,165.95,723636,143.48,161.89,-0.1274
North,Punjab,District_78,2015,786.91,19.67,71.35,75.2,2885633,189.86,209.74,-0.1042
Central,Chhattisgarh,District_60,2012,1139.61,14.3,342.32,341.91,2442320,208.57,172.75,0.1709
South,Kerala,District_122,2008,431.85,30.29,101.21,110.46,1516221,97.84,126,-0.2849
Central,Madhya Pradesh,District_136,2013,767.65,46.91,327.1,353.07,1015780,61.81,66.71,-0.078
North,Uttar Pradesh,District_74,2014,655.58,40.89,280.36,271.61,2855689,618.17,579.29,0.0628
South,Kerala,District_81,2016,773.55,36.4,183.53,198.32,3393428,543.49,546.38,-0.0053
West,Maharashtra,District_25,2017,669.6,20.3,268.47,227.76,1431083,156.97,184.39,-0.1736
South,Telangana,District_111,2019,1731.46,21.33,326.66,333.21,2449212,466.07,482.75,-0.0357
West,Gujarat,District_86,2008,1025.71,43.77,318.8,297.3,438500,62.31,69.39,-0.1119
West,Gujarat,District_26,2008,627.9,12.6,267.57,255.82,410151,61.33,61.82,-0.0078
North,Uttarakhand,District_101,2014,921.11,47.01,62.2,46.39,1690074,338.45,312.1,0.0776
South,Karnataka,District_50,2016,1036.92,48.33,338.41,350.35,3199705,144.86,101.77,0.2954
East,Odisha,District_47,2010,858.17,4.93,211.39,211,3084664,461.15,440.62,0.0444
Central,Chhattisgarh,District_3,2021,474.68,16,192.62,189.63,1462832,318.48,289.08,0.092
North,Uttar Pradesh,District_18,2000,1440.2,7.3,187.93,153.21,1958505,310.91,291.97,0.0607
East,Jharkhand,District_26,2016,871.23,9.85,134.16,144.37,470457,36.62,1.71,0.9279
East,West Bengal,District_115,2011,1325.88,28.31,170.74,135.95,2100445,201.09,228.79,-0.1371
South,Karnataka,District_73,2008,760.18,9.2,222.98,240.37,2534128,118.35,128.89,-0.0883
West,Rajasthan,District_9,2000,600.65,36.98,348.8,315.03,180720,27.55,0.74,0.9392
North,Himachal Pradesh,District_24,2001,1139.3,42.37,280.93,282.61,2732208,594.98,597.91,-0.0049
North,Himachal Pradesh,District_56,2019,776.32,42.32,339.98,335.13,3259584,534.35,558.8,-0.0457
East,West Bengal,District_31,2002,1219.89,11.76,86.94,111.89,760371,60.11,83.74,-0.3867
North,Himachal Pradesh,District_34,2012,1151.25,18.87,220.27,198.9,2539056,457.35,482.11,-0.054
North,Uttarakhand,District_48,2003,979.38,28.72,131.88,142.41,2122424,462.35,470.68,-0.018
South,Tamil Nadu,District_65,2009,883.79,36.06,237.6,191.51,1711814,251.91,230.15,0.086
East,Assam,District_20,2020,575.16,20.86,315.12,266.73,2615300,240.07,258.65,-0.0771
East,Assam,District_71,2013,1584.91,29.3,93.8,78.2,1927768,347.26,352.64,-0.0154
East,Odisha,District_66,2005,1102.55,24.66,291.62,317.9,1468447,243.96,231.92,0.0491
East,Bihar,District_71,2001,949.92,24.41,196.17,195.85,1561092,158.25,165.96,-0.0485
South,Kerala,District_100,2010,759.11,13.23,300.73,276.37,189847,15.34,-7.61,1.4043
West,Maharashtra,District_67,2008,1356.59,36.46,120.08,137.36,2357550,489.06,451,0.0777
South,Tamil Nadu,District_113,2002,1558.28,4.73,119.65,111.5,2142006,332.78,291.93,0.1224
North,Punjab,District_52,2019,865.7,11.24,319.29,272.12,814111,52.07,18.34,0.6355
South,Kerala,District_46,2020,623.81,48.95,105.8,92.96,2218809,478.49,466.65,0.0247
North,Punjab,District_28,2004,407.82,30.06,187.5,193.32,3360541,396.14,367.8,0.0714
Central,Chhattisgarh,District_111,2006,1059.76,28.59,247.76,251.61,1145027,125.81,124.21,0.0126
North,Himachal Pradesh,District_28,2014,874.87,49.41,187.49,165.52,2412948,226.89,236.85,-0.0437
West,Gujarat,District_27,2001,1253.39,12.45,298.88,282.33,757126,108.7,104.89,0.0347
East,Bihar,District_19,2018,569.16,43.1,323.77,317.8,686813,136.73,115.28,0.1558
West,Gujarat,District_115,2000,961.64,14.86,95.72,95.14,1422912,222.29,210.34,0.0535
North,Punjab,District_39,2020,1408.74,4.7,243.2,212.03,848148,166.84,176.69,-0.0587
North,Uttar Pradesh,District_10,2021,990.45,7.82,222.06,237.94,58815,12.27,20.56,-0.625
South,Kerala,District_69,2004,596.15,48.45,89.44,79.62,1361143,81.37,108.41,-0.3283
East,Odisha,District_101,2018,1255.27,30.93,95.79,85.4,2598016,480.17,445.67,0.0717
North,Uttar Pradesh,District_132,2022,508.92,26.82,73.26,27.63,1004921,84.03,78.67,0.0631
North,Punjab,District_123,2013,586.52,47.03,288.86,241.7,3190920,319.35,287.35,0.0999
South,Kerala,District_18,2017,668.89,35.9,245.3,204.98,60938,7.93,-7.39,1.7158
South,Karnataka,District_1,2012,756.23,16.53,118.1,104.7,3304301,355.01,372.27,-0.0485
North,Punjab,District_32,2018,776.67,30.71,173.07,170.88,197992,16.33,42.45,-1.5079
Central,Chhattisgarh,District_92,2010,1138.45,49.82,273.6,296.61,3099330,541.73,548.14,-0.0118
South,Andhra Pradesh,District_103,2001,1301.88,33.6,234.96,231.87,1123514,238.24,224.72,0.0565
East,Bihar,District_94,2017,1184.22,34.74,157.87,157.35,1215439,172.63,132.71,0.2299
East,Odisha,District_21,2014,1159.83,5.97,211.78,171.06,1000452,150.99,112.92,0.2505
South,Andhra Pradesh,District_52,2005,655.27,36.34,261.8,244.89,771391,120.66,76.2,0.3654
Central,Chhattisgarh,District_11,2012,790.99,2.83,152.9,167.24,2382396,425.68,438.35,-0.0297
West,Rajasthan,District_77,2022,928.79,45.37,88.21,97.92,3005186,484.64,491.14,-0.0134
South,Kerala,District_28,2020,660.55,2.01,107.16,66.55,177198,16.45,35.25,-1.0773
South,Telangana,District_125,2002,1330.57,19.69,180.41,160.11,2017587,387.94,394.46,-0.0168
East,Assam,District_49,2004,1513.63,17.46,71.92,62.27,543382,79.88,43.59,0.4487
West,Maharashtra,District_50,2000,922.67,45.71,338.05,306.19,3083609,330.68,301.9,0.0868
North,Uttarakhand,District_62,2015,1206.84,35.78,66.64,73.09,1626161,283.54,243.97,0.1391
South,Kerala,District_17,2017,855.18,33.05,341.39,343.81,1385767,246.29,248.57,-0.0092
South,Andhra Pradesh,District_128,2017,526.97,17.11,345.8,338.5,1781963,128.18,157.18,-0.2244
East,Assam,District_5,2001,1381.34,22.04,253.04,242.51,118376,13.98,20.66,-0.4455
East,Odisha,District_15,2010,851.14,14.94,88.32,54.86,3115784,143.31,146.41,-0.0215
West,Maharashtra,District_104,2003,1118.12,37.99,334.45,334.23,1961849,217.51,234.05,-0.0757
West,Rajasthan,District_134,2014,1053.11,11.89,170.85,198.83,1056332,216.26,228.42,-0.056
Central,Chhattisgarh,District_39,2023,858.2,22.59,95.41,88.87,2291164,304.55,269.06,0.1161
North,Uttarakhand,District_60,2002,571.62,2.84,132.9,138.15,2709836,340.18,358,-0.0522
West,Maharashtra,District_37,2015,1265.34,7.9,340.01,347.49,1692055,81.54,40.22,0.5006
North,Uttar Pradesh,District_121,2019,1277.07,22.66,191.61,151.27,1847606,249.87,252.53,-0.0106
West,Maharashtra,District_63,2022,1004.47,14.77,231.25,249.11,491814,77.39,54.28,0.2948
Central,Madhya Pradesh,District_4,2005,993.6,21.32,340.43,321.53,227991,25.75,-0.37,0.9764
West,Maharashtra,District_79,2003,1308.06,47.59,204.82,201.98,3316987,540.64,550.43,-0.0181
East,Assam,District_44,2018,563.28,30.65,144.36,117.12,1154464,140.61,126.28,0.1011
East,Bihar,District_28,2003,1492.91,27.63,332.37,304.33,2326227,378.91,379.45,-0.0014
North,Punjab,District_57,2002,492.08,9.53,260.85,283.39,1270372,66.47,62.9,0.0528
West,Rajasthan,District_110,2010,725.06,9.87,160.37,124.77,1124472,76.97,105.35,-0.3639
South,Kerala,District_84,2003,671.71,34.35,72.53,35.51,2930332,318.05,323.08,-0.0158
North,Uttarakhand,District_140,2004,1127.62,43.08,313.68,297.18,573350,98.21,110.4,-0.1228
East,Odisha,District_55,2001,1128.07,15.68,169.62,134.37,2157787,413.85,400.48,0.0322
North,Uttarakhand,District_45,2010,367.26,44.8,200.53,156.41,1974019,359.63,386.69,-0.075
East,Bihar,District_31,2008,347.28,33.08,340.22,329.39,2371747,185.51,209.92,-0.1308
Central,Madhya Pradesh,District_107,2005,579.7,31.64,336.07,341.21,2453168,140.98,138.53,0.0173
South,Telangana,District_142,2005,671.63,16.21,317.07,322.9,393954,72.55,67.99,0.0619
East,Assam,District_63,2018,802.04,5.02,322.61,309.02,2876450,296.66,310.55,-0.0466
West,Maharashtra,District_35,2003,1472.41,25.54,313.04,299.29,1357894,196.51,208.44,-0.0604
North,Himachal Pradesh,District_97,2005,627.13,23.43,95.58,122.6,1195268,227.64,216.75,0.0476
North,Uttar Pradesh,District_125,2002,1479.59,23.08,257.26,278.58,1482770,295.28,317.93,-0.0764
North,Uttar Pradesh,District_2,2005,1139.22,32.45,294.35,257.5,3273610,520.78,503.25,0.0336
East,Bihar,District_73,2013,1311.63,41.06,67.62,61.57,3205008,317.04,273.14,0.138
North,Punjab,District_33,2006,473.57,19.67,212.75,174.89,376046,48.28,71.42,-0.4696
Central,Madhya Pradesh,District_70,2016,795.54,9.47,339.47,293.73,754378,40.31,40.09,0.0053
East,Assam,District_106,2007,596.16,2.12,208.25,222.79,2072610,121.83,151.72,-0.2434
South,Tamil Nadu,District_10,2019,566.23,37.42,326.78,353.43,334117,31.34,36.99,-0.1748
South,Tamil Nadu,District_128,2019,852.68,10.77,319.8,290.24,762750,51.76,59.09,-0.1388
East,Bihar,District_78,2011,684.22,27.16,138.07,101.74,3163326,506.12,474.78,0.0618
East,Jharkhand,District_2,2017,1044.51,19.97,306.11,323.08,1639520,317.17,300.27,0.0531
South,Karnataka,District_50,2003,1026.26,49.15,249.48,237.72,2154682,106.66,123.14,-0.1531
North,Haryana,District_25,2019,939.04,32.09,246,214.07,2832558,136.1,150.74,-0.1067
South,Telangana,District_139,2016,770.86,12.31,242.96,256.06,1632243,124.4,115.16,0.0737
South,Karnataka,District_119,2020,493.99,18.62,212.51,223.94,3182011,274.6,278.09,-0.0127
West,Rajasthan,District_71,2001,998.99,35.47,255.37,264.99,1523948,284.46,282.72,0.0061
West,Rajasthan,District_29,2004,505.51,45.36,200.16,184.25,2519152,394.64,359.91,0.0878
North,Punjab,District_128,2005,778.86,12.96,164.77,193.01,2782676,309.46,300.86,0.0277
South,Tamil Nadu,District_12,2001,396.74,41.69,82.07,84.19,1692166,285.61,247.87,0.1317
South,Telangana,District_73,2006,874.89,31.77,232.9,194.01,591587,42.37,53.36,-0.2536
East,Jharkhand,District_65,2010,544.69,44.79,332.9,317.33,1713087,358.69,323.34,0.0983
North,Himachal Pradesh,District_117,2001,1684.25,2.28,122.5,150.51,2734914,485.78,453.12,0.0671
East,West Bengal,District_14,2017,1037.58,31.73,277.13,265.31,828089,126.67,89.11,0.2942
South,Tamil Nadu,District_41,2000,646.26,30.19,150.12,100.19,3417958,452.16,421.18,0.0684
North,Punjab,District_132,2003,1265.84,25.87,337.42,307.21,1059583,117.74,77.95,0.3351
East,Bihar,District_61,2023,699.69,44.48,137.97,148.47,942562,180.05,155.35,0.1364
East,Assam,District_149,2010,960.81,19.73,249.5,233.34,341603,61.75,78.6,-0.2685
East,Jharkhand,District_51,2023,1083.22,34.79,199.65,176.29,3002072,276.96,291.5,-0.0523
East,Odisha,District_59,2003,1216.11,24.82,209.13,222.47,753322,40.47,1.42,0.9418
East,Odisha,District_59,2003,921.11,25.1,275,278.74,446083,69.94,75.65,-0.0805
South,Karnataka,District_106,2006,994.36,46.49,192.05,200.78,150282,14.06,10.96,0.2057
South,Kerala,District_57,2002,619.03,31.79,281.13,252.29,1239117,56.74,83.16,-0.4575
North,Punjab,District_150,2015,484.91,39.89,214.59,198.34,1031491,88.66,70.79,0.1994
West,Maharashtra,District_112,2004,1767.04,41.99,215.91,204.56,3395842,256.46,279.49,-0.0894
West,Rajasthan,District_117,2005,908,5.62,302.27,297.25,851073,51.07,21.47,0.5685
South,Kerala,District_96,2004,1036.94,31.38,116.04,108.17,1151206,77.92,89.71,-0.1494
East,Assam,District_50,2020,759.11,48.68,103.79,75.71,2073350,106.17,67.01,0.3654
South,Telangana,District_70,2006,932.24,40.57,122.48,110.29,1950025,316.63,303.3,0.042
East,Odisha,District_33,2001,532.71,19.7,119.47,92.64,2286656,390.04,378.84,0.0286
North,Uttarakhand,District_16,2008,1336.81,45.6,180.84,185.68,3200258,337.58,314.81,0.0672
Central,Madhya Pradesh,District_29,2014,559.17,10.58,165.36,172.06,2228406,154.42,143.27,0.0718
East,Assam,District_108,2005,912.83,34.81,81.82,75.9,730577,73.4,92.37,-0.2549
East,Odisha,District_57,2009,1223.66,8.88,108.65,135,3395136,445.45,431.6,0.031
North,Himachal Pradesh,District_41,2020,954.02,25.47,215.7,179.08,1859975,392.57,368.32,0.0616
North,Himachal Pradesh,District_44,2018,745.45,5.39,257.72,232.78,2536669,447.13,438.25,0.0198
Central,Chhattisgarh,District_59,2002,592.96,27.47,207.11,180.38,3457992,266.82,257.26,0.0357
East,Jharkhand,District_134,2015,1385.48,11.79,95,84.12,217132,11.74,32.62,-1.6386
West,Rajasthan,District_122,2014,826.3,45.15,284.32,244.62,755904,48.09,33.65,0.2941
West,Gujarat,District_4,2023,1037.66,34.27,70.8,32.37,89745,3.99,-33.74,7.5633
East,Jharkhand,District_64,2007,847.96,5.89,283,301.7,2499733,338.56,297.43,0.1211
East,Odisha,District_112,2018,719.16,15.94,191.75,166.21,760089,88.05,51.12,0.4147
South,Karnataka,District_39,2018,999.94,18.71,89.39,88.45,1444412,127.6,125.24,0.0183
North,Uttar Pradesh,District_107,2001,717.05,20.18,243.67,208.62,932658,44.92,33.12,0.2569
West,Maharashtra,District_121,2023,858.91,29.21,294.08,279.21,2783818,422.68,445.83,-0.0546
North,Haryana,District_9,2013,823.66,22.77,125.92,135.58,826147,179.93,152.69,0.1506
North,Haryana,District_101,2015,1326.29,15.12,142.24,119.9,3201137,274.38,287.13,-0.0463
East,West Bengal,District_116,2015,1022.55,31.34,211.62,241,104299,15.79,1.96,0.8237
South,Karnataka,District_22,2017,1345.93,42.66,109.32,109.94,290850,35.15,38.46,-0.0917
North,Uttar Pradesh,District_105,2006,1298.31,34.75,340.27,341.23,3024662,164.58,133.02,0.1906
Central,Madhya Pradesh,District_92,2009,770.93,45.34,71.37,60.15,887409,113.48,109.68,0.0332
South,Karnataka,District_24,2000,919.58,17.91,337.72,301.91,1944327,355.89,319.17,0.1029
North,Punjab,District_79,2005,1165.52,26.38,259.59,211.26,2592978,133.23,103.57,0.221
East,Assam,District_147,2023,878.83,31.84,151.33,168.23,481910,60.7,62.57,-0.0303
North,Uttarakhand,District_7,2014,571.36,23.48,241.14,260.01,687661,31.93,34.54,-0.0794
East,Assam,District_36,2022,758.76,25,114.06,134.45,816391,153.16,138.11,0.0976
South,Kerala,District_48,2011,929.98,39.66,314.5,287.33,3447331,744.9,739.56,0.0072
East,Assam,District_1,2020,1009.32,9.81,118.6,77.44,2378066,308.01,285.65,0.0724
East,Bihar,District_99,2022,527.52,12.72,149.8,123.75,2411123,199.28,173.49,0.1288
East,Odisha,District_136,2001,1508.7,24.73,145.49,111.33,1838391,241,231.47,0.0394
South,Andhra Pradesh,District_110,2008,291.72,17.3,309.81,324.07,1137939,240.95,207.15,0.1397
North,Himachal Pradesh,District_139,2018,879.07,16.14,62.19,68.45,274718,21.33,4.89,0.7361
West,Rajasthan,District_21,2019,1043.01,6.99,69.39,92.32,2919107,458.95,417.11,0.0909
East,Odisha,District_15,2016,803.74,18.14,121.68,106.72,3102658,503.06,466.38,0.0728
South,Telangana,District_14,2003,1166.56,43.56,187.14,186.65,851776,80.13,48.97,0.3841
South,Kerala,District_94,2014,865.71,22.42,88.04,39.81,947774,87.64,44.97,0.4813
North,Himachal Pradesh,District_11,2011,725.32,35.96,272.86,280.02,3437992,606.06,621.8,-0.0259
South,Telangana,District_45,2020,822.45,17.96,91.55,73.37,686924,126.72,107.11,0.1535
Central,Chhattisgarh,District_18,2017,953.1,23.35,158.28,120.42,481606,21.15,33.19,-0.5436
West,Rajasthan,District_36,2010,330.07,28.06,268.11,227.67,1807360,238.14,228.9,0.0386
South,Karnataka,District_139,2003,1096.32,6.07,226.26,210.6,555853,47.36,55.99,-0.1785
North,Punjab,District_149,2022,644.41,33.07,106.66,62.23,2809971,128.13,119.64,0.0658
West,Rajasthan,District_58,2010,882.42,46.78,268.73,292.54,2493199,364.5,361.71,0.0076
South,Telangana,District_69,2016,661.42,3.15,328.08,357.24,3121283,431.66,389.83,0.0967
East,Jharkhand,District_71,2001,1079.13,18.99,220.77,201.53,1281488,244.27,219.77,0.0999
East,Bihar,District_96,2011,1026.7,18.93,298.16,284.98,2589116,530.55,526.22,0.0081
East,Assam,District_125,2016,682.8,45.41,224.9,192.47,2144848,92.46,83.06,0.1006
North,Haryana,District_32,2015,978.15,41.44,72.91,26.42,1439018,306.81,314.27,-0.0242
Central,Chhattisgarh,District_137,2009,668.78,18.03,70.38,33.87,22799,1.47,10.04,-3.4612
East,Assam,District_95,2021,1112.64,14.16,238.4,231.93,3133319,640.04,615.25,0.0387
East,Bihar,District_49,2014,1048.97,32.27,183.82,141.65,2497248,423.9,435.08,-0.0263
East,Bihar,District_21,2012,1099.09,9.54,140.64,170.49,2300879,403,416.29,-0.0329
South,Tamil Nadu,District_74,2002,1090.39,17.46,155.91,140.83,2713430,297.16,322.57,-0.0852
East,West Bengal,District_43,2008,1168.13,19.97,120.12,74.98,52459,7.42,-15,2.6634
East,West Bengal,District_38,2015,1078.61,35.59,337.98,320.26,2422237,503.19,522.3,-0.0379
Central,Madhya Pradesh,District_53,2016,1143.62,16.01,148.24,175.83,618133,41.11,33.18,0.1884
North,Uttar Pradesh,District_76,2013,923.28,31.34,288.07,291.35,2122317,123.8,99.13,0.1977
Central,Chhattisgarh,District_34,2015,897.93,10.67,80.2,76.04,2198817,321.11,282.47,0.12
South,Telangana,District_108,2014,753.09,22.52,129.13,158.8,2371869,265.91,245.98,0.0747
North,Uttar Pradesh,District_75,2006,1113.13,40.85,241.6,215.71,1971479,249.02,264.24,-0.0609
East,Bihar,District_6,2007,598.91,2.06,330.79,336.31,1488080,325.18,355.11,-0.0918
North,Haryana,District_86,2013,1094.84,11.47,114.63,87.26,1000926,93.32,114.5,-0.2245
North,Uttarakhand,District_88,2020,456.04,3.25,316.86,275.98,864868,147.3,145.91,0.0094
East,Odisha,District_125,2018,704.28,20.31,88.48,76.57,170812,21.22,-4.31,1.1491
North,Haryana,District_141,2014,1044.17,8.91,240.4,263.97,1244874,103.22,133.07,-0.2864
East,Assam,District_78,2018,1091.14,43.88,188.7,199.59,421582,19.2,8.9,0.5099
Central,Madhya Pradesh,District_79,2005,946.76,48.64,99.57,84.11,1189602,176.77,139.03,0.2123
West,Gujarat,District_59,2015,1105.34,21.1,295.09,256.8,3454632,611.53,583.72,0.0454
South,Telangana,District_74,2001,584.62,21.4,285.08,238.8,1648932,111.85,126.35,-0.1286
Central,Madhya Pradesh,District_91,2009,1081.39,21.21,274.64,284.28,1607614,290.07,258.58,0.1082
East,Assam,District_43,2019,489.48,18.07,224.03,191.44,2556954,202.66,185.29,0.0853
South,Tamil Nadu,District_138,2009,1429.01,20.36,199.81,162.92,272091,47.7,48.69,-0.0204
South,Tamil Nadu,District_45,2022,1023.84,17.32,183.03,173.63,733131,98.37,101.18,-0.0283
Central,Madhya Pradesh,District_42,2007,399.07,13.89,178.52,167.26,105638,22.5,-1.13,1.0056
East,West Bengal,District_11,2010,786.54,7.28,137.35,146.57,1953003,254.56,237.76,0.0657
North,Uttarakhand,District_33,2014,1341.89,13.14,268.42,254.65,2128537,320.87,332.91,-0.0374
West,Gujarat,District_95,2005,504.56,28.79,136.85,163.91,1412693,248.03,245.53,0.01
West,Rajasthan,District_144,2022,855.97,28.27,78,100.81,1405889,130.98,157.1,-0.1979
West,Maharashtra,District_82,2011,710.31,44.71,174.57,147.15,494221,88.9,80.96,0.0884
Central,Madhya Pradesh,District_96,2014,1244.2,26.45,270.34,260.45,412931,27.43,5.04,0.7875
Central,Chhattisgarh,District_42,2017,652.57,38.98,311.13,265.55,1795096,158.93,129.97,0.1811
South,Andhra Pradesh,District_32,2000,980.59,14.95,272.58,253.76,334631,56.63,70.32,-0.2376
South,Kerala,District_128,2004,1149.46,10.54,131.31,159.9,1411013,242.45,220.44,0.0904
East,Assam,District_82,2004,663.95,40.03,134.44,128.9,1369539,162.71,150.12,0.0769
North,Uttar Pradesh,District_140,2016,1527.62,10.69,216.81,210.78,371450,32.78,33.29,-0.0152
East,Odisha,District_76,2015,870.32,15.44,126.06,91.64,2321128,110.73,84.93,0.2309
South,Andhra Pradesh,District_147,2021,339.84,8.71,81.81,108.22,2864116,626.42,607.6,0.03
Central,Madhya Pradesh,District_145,2023,857.48,12.44,119.11,123.14,1278097,77.5,44.83,0.4162
East,Assam,District_87,2022,509.92,7.65,86.53,89.69,2993715,508.41,481.78,0.0523
East,West Bengal,District_123,2001,1244.57,12.61,205.29,207.27,1826920,144.82,114.97,0.2047
Central,Madhya Pradesh,District_142,2003,1069.61,17.99,229.1,256.01,561499,101.67,101.06,0.0059
South,Andhra Pradesh,District_7,2012,662.39,49.13,170.08,148.99,981163,212.4,189.6,0.1068
North,Himachal Pradesh,District_57,2014,1111.14,34.25,144.65,135.48,370675,42.19,26.12,0.3722
South,Telangana,District_24,2010,1102.45,27.36,169.88,168.85,3354382,180.41,141.41,0.2149
West,Maharashtra,District_50,2018,234.28,27.68,242.21,198.45,237047,22.09,-21.09,1.87
North,Haryana,District_57,2008,1096.06,19.82,66.54,84.73,569236,124.2,133.28,-0.0726
West,Rajasthan,District_6,2002,782.12,5.92,199.66,197.17,3058218,533.64,491.85,0.0782
Central,Chhattisgarh,District_115,2021,925.21,25.36,255.51,219.6,205091,13.63,26.4,-0.8731
East,Bihar,District_132,2012,334.23,22.31,344.92,362.39,3335032,384.02,354.32,0.0771
West,Rajasthan,District_126,2010,939.81,28.05,331.64,345.95,1963092,183.8,165.61,0.0984
North,Himachal Pradesh,District_131,2001,269,8.69,99.1,72.18,2971038,344.45,373.01,-0.0827
South,Telangana,District_102,2004,908.33,49.3,166.46,134.18,1952801,187.98,151.56,0.1927
East,Jharkhand,District_95,2012,586.41,11.72,150.27,133.05,1508340,99.82,85.48,0.1422
South,Telangana,District_4,2009,918.81,44.83,263.01,281.12,2785208,610.88,614.2,-0.0054
South,Telangana,District_90,2009,1268,6.25,172.08,195.23,2737951,563.85,589.77,-0.0459
East,Assam,District_144,2002,815.01,14.76,209.35,200.95,949609,146.51,137.57,0.0606
West,Rajasthan,District_114,2023,933.55,42.79,295.52,310.9,557118,90.65,82.73,0.0864
East,Jharkhand,District_114,2009,928.21,35.32,110.1,71.89,1635269,331,313.73,0.052
South,Tamil Nadu,District_109,2023,649.32,31.29,178.01,172.71,457850,95.17,89.29,0.0612
East,Jharkhand,District_36,2018,630.03,28.94,232.87,230.07,2557881,422.34,392.94,0.0695
North,Himachal Pradesh,District_23,2004,1069.91,47.86,322.98,289.83,1787200,198.31,193.2,0.0257
West,Rajasthan,District_78,2015,672.62,45.5,329.9,288.27,2916462,481,439.59,0.0859
North,Haryana,District_86,2002,614.93,30.89,97.93,81.33,2743332,351.98,335.45,0.0468
North,Uttarakhand,District_97,2002,669.94,5.37,120.02,123.19,1881724,214.7,236.61,-0.1016
North,Uttar Pradesh,District_105,2020,1315.64,46.22,132.99,134.57,2766681,523.67,513.09,0.0202
West,Gujarat,District_107,2005,710.62,27.34,264.33,225.56,1146021,64.09,39.38,0.3797
Central,Chhattisgarh,District_119,2022,1364.36,45.14,287.35,254.88,1844458,371.74,397.75,-0.0698
North,Uttarakhand,District_36,2006,1193.47,31.25,96.15,119.88,165161,7.43,33.16,-3.0524
South,Tamil Nadu,District_98,2009,936.25,26.06,166.98,188.53,3429228,589.49,573.35,0.0273
Central,Chhattisgarh,District_126,2001,832.1,43.65,107.35,62.83,3080356,262.2,227.83,0.1306
South,Andhra Pradesh,District_150,2009,1621.54,42.35,68.58,69.54,1147516,219.07,190.83,0.1283
North,Punjab,District_144,2023,882.05,17.71,250.88,270.94,924329,167.6,179.21,-0.0689
East,Assam,District_58,2000,811.32,49.34,228.17,207.56,1252863,215.76,208.64,0.0328
North,Uttar Pradesh,District_40,2008,1368.68,2.87,236.49,200.05,2049277,289.97,248.67,0.1419
South,Andhra Pradesh,District_121,2003,1053.31,49.51,200.41,192.96,1872643,395.71,372.47,0.0586
South,Andhra Pradesh,District_107,2005,936.85,23.36,109.01,102.13,1400052,172.4,154.43,0.1036
North,Punjab,District_63,2000,340,2.78,110.48,101.4,1680745,129.27,116.14,0.1008
East,West Bengal,District_71,2015,312.51,9.15,136.13,137.23,537881,104.26,128.38,-0.2291
East,Bihar,District_93,2018,647.59,49.75,147.7,158.6,2195735,145.62,157.83,-0.0832
North,Punjab,District_145,2013,1263.98,29.49,346.7,370.83,719259,39.27,0.7,0.9578
West,Gujarat,District_122,2022,72.93,48.72,347.21,325.2,728695,99.72,63.85,0.3561
East,West Bengal,District_96,2016,753.53,9.28,280.99,256.53,1259588,234.16,215.54,0.0792
North,Uttarakhand,District_5,2008,818.37,30.32,312.47,325.29,1689154,152.93,144.9,0.0521
South,Tamil Nadu,District_149,2001,1158.79,39.12,264.64,285.13,1580393,334.85,293.59,0.1228
Central,Madhya Pradesh,District_82,2014,925.9,10.77,95.73,120.95,602465,122.35,125.36,-0.0244
Central,Madhya Pradesh,District_92,2005,1436.63,5.02,234.17,254.19,3012050,475.66,470.82,0.0102
West,Maharashtra,District_70,2011,915.09,9.57,175.55,130.14,797170,171.41,146.23,0.146
East,Jharkhand,District_92,2001,563.46,2.74,315.2,337.13,1269022,218.54,183.66,0.1588
South,Andhra Pradesh,District_75,2016,391.7,18.86,159.44,163.3,3116706,271.16,294.03,-0.084
East,Bihar,District_132,2006,987.59,8.57,289.91,285.05,353084,61.27,21.45,0.6394
South,Tamil Nadu,District_25,2019,837.21,27.99,238.19,229.77,1448774,77.56,50.89,0.3395
South,Tamil Nadu,District_140,2010,840.97,21.27,159.48,148.75,98335,14.01,-16.17,2.0105
East,Odisha,District_78,2008,1246.4,35.45,116.01,141.82,343520,16.59,-27.42,2.5023
South,Telangana,District_25,2017,1055.61,14.66,96.72,97.14,1199491,262.21,228,0.13
North,Uttarakhand,District_91,2004,595,25.21,177.33,177.64,95684,5.89,23.64,-2.5762
North,Uttar Pradesh,District_36,2016,600.13,32.76,295.89,297.93,2524065,358.3,329.79,0.0793
South,Andhra Pradesh,District_96,2015,1078.67,11.15,325.53,334.85,806588,152.59,161.16,-0.0558
East,Jharkhand,District_88,2005,896.99,10.89,341.85,314.47,263670,22.75,9.22,0.5695
East,West Bengal,District_56,2004,1007.87,34.01,161.62,112.06,1297642,107.02,115.66,-0.08
North,Haryana,District_57,2006,317.72,7.37,243.15,253.75,1199348,153.2,119.27,0.22
Central,Chhattisgarh,District_135,2017,860.3,10.03,229.94,186.54,996706,178.44,135.58,0.2389
Central,Chhattisgarh,District_30,2013,854.5,47.28,137.13,149.03,1987585,313.9,300.47,0.0427
East,Assam,District_20,2003,858.68,34.23,294.58,251.94,594632,30.68,40.49,-0.3097
Central,Madhya Pradesh,District_5,2015,856.07,31.13,95.7,87.97,1664211,261.69,230.54,0.1186
South,Telangana,District_80,2022,928.56,33.78,219.96,228.04,1664264,280.54,294.21,-0.0485
South,Telangana,District_36,2014,411.41,10.48,163.91,141.65,2583551,449,444.77,0.0094
North,Himachal Pradesh,District_134,2010,515.95,28.67,123.48,137,3491555,680.65,709.94,-0.043
South,Tamil Nadu,District_78,2000,810.3,48.39,159.01,109.78,2876895,141.26,125.5,0.1108
East,West Bengal,District_57,2004,1152.73,32.19,126.04,118.56,1697118,209.4,232.65,-0.1105
Central,Madhya Pradesh,District_59,2009,984.37,49.83,219.94,193.91,2129797,119.74,79.11,0.3365
Central,Madhya Pradesh,District_54,2004,1173.12,49.92,112.97,87.44,1164089,63.67,71.28,-0.1177
East,Bihar,District_109,2022,1006.45,26.68,177.82,204.23,1992000,250.58,272.86,-0.0886
East,West Bengal,District_20,2000,845.99,3.01,105.22,72.71,1938309,359.27,353.16,0.017
North,Punjab,District_111,2001,517.29,33.43,114.89,102.21,2562909,524.69,496.53,0.0536
West,Rajasthan,District_28,2001,729.83,31.59,134.48,121.99,1720585,114.79,93.81,0.1812
North,Haryana,District_16,2015,827.42,7.04,312.91,301.58,1626081,237.14,221.03,0.0677
East,West Bengal,District_65,2001,1075.65,6.23,157.69,155.87,2291248,268.24,254.85,0.0497
East,Bihar,District_78,2021,999.44,24.22,108.89,137.41,1890436,157.9,185.23,-0.172
North,Uttar Pradesh,District_25,2003,1164.53,22.45,209.89,166.51,1870319,93.31,52.74,0.4302
North,Himachal Pradesh,District_53,2018,593.27,28.92,251.05,251.63,3211702,307.84,289.26,0.0602
West,Rajasthan,District_48,2021,895.12,8.43,297.72,297.27,996153,63.14,30.09,0.5153
South,Telangana,District_8,2002,697.92,39.77,250.38,243.08,2557967,441.67,463.82,-0.05
Central,Madhya Pradesh,District_72,2018,640.29,6.7,279.58,238.42,3282568,607.29,562.95,0.0729
South,Telangana,District_91,2005,1057.86,8.47,339.89,321.8,3249787,169.58,171.96,-0.0139
North,Haryana,District_62,2016,987.19,17.52,332.07,355.94,1291502,58.9,68.56,-0.1611
North,Uttarakhand,District_18,2003,1031.49,12.47,74.39,65.05,2579118,494.26,494.16,0.0002
North,Uttarakhand,District_4,2016,583.57,4.28,245.95,270.8,1869054,198.14,194.23,0.0196
West,Rajasthan,District_50,2009,836.9,9.53,257.82,227.7,1939071,356.64,351.99,0.013
South,Tamil Nadu,District_138,2000,1028.59,10.96,274.18,265.83,2663986,108.65,114.59,-0.0542
East,West Bengal,District_55,2016,698.18,6.31,174.25,156.43,1494394,64.71,53.81,0.1658
North,Punjab,District_94,2022,1114.61,38.51,270.45,245.09,1092153,160.63,152.37,0.0511
North,Uttarakhand,District_48,2014,1301.24,2.21,221.02,176.4,2563256,228.13,232.47,-0.019
East,West Bengal,District_47,2011,936.59,10.59,252.47,203.21,922842,126.07,154.26,-0.2219
South,Kerala,District_109,2006,1100.74,14.17,150.1,101.13,2788971,277.14,302.48,-0.0911
North,Haryana,District_59,2013,411.13,36.33,337.56,312.28,939178,195.07,162.45,0.1664
East,West Bengal,District_81,2003,848.97,29.77,255.86,235.88,1077563,164.5,141.96,0.1362
East,Assam,District_29,2016,1111.43,47.62,194.92,168.83,3011956,419.92,434.78,-0.0353
Central,Madhya Pradesh,District_127,2011,731.37,40.13,164.07,117.55,2380412,457.09,436.54,0.0449
South,Andhra Pradesh,District_143,2023,993.5,41.51,265.52,285.02,1760639,89.08,103.38,-0.1587
West,Maharashtra,District_22,2010,793.63,28.75,258.48,277.46,2953563,592.38,557.19,0.0593
North,Punjab,District_30,2012,685.93,34.04,248.42,206.33,3084180,511.08,509.83,0.0025
South,Andhra Pradesh,District_117,2019,1080.86,36.39,321.23,340.93,2790555,416.76,418.23,-0.0035
South,Andhra Pradesh,District_114,2007,944.43,17.75,195.66,171.12,2771229,185.58,184.09,0.008
Central,Chhattisgarh,District_105,2009,789.1,45.76,161.24,129.8,2540076,152.37,109.54,0.2793
East,Jharkhand,District_49,2002,611.51,18.93,218.64,206.01,1505852,191.9,199.15,-0.0376
North,Punjab,District_95,2005,957.29,17.07,202.82,216.77,813001,52.68,79.55,-0.5005
North,Uttar Pradesh,District_126,2021,1313.13,7.37,150.87,147.44,1219377,55.71,21.79,0.5982
East,West Bengal,District_102,2014,494.91,8.6,317.93,274.84,3191129,182.43,180.63,0.0098
North,Haryana,District_22,2003,964.1,41.15,312.86,265.04,2382656,95.67,52.18,0.4499
Central,Madhya Pradesh,District_102,2012,1018.7,21.52,210.03,224.45,2450324,304.15,279.87,0.0796
North,Uttarakhand,District_27,2023,111.77,21.69,206.34,206.99,3135070,149.07,174.34,-0.1684
South,Tamil Nadu,District_17,2011,843.17,47.24,345.52,367.92,1013573,96.97,72.47,0.2501
West,Rajasthan,District_87,2006,819.46,19.93,269.23,273.07,2818777,182.51,211.19,-0.1563
North,Himachal Pradesh,District_104,2003,864.81,23.39,323.27,328.85,2782333,271.02,268.61,0.0089
South,Karnataka,District_109,2023,1195.97,34.2,272.2,237.26,154972,25.06,7,0.6932
North,Punjab,District_72,2022,705.17,48.26,340.32,340.1,3160523,520.98,481.63,0.0754
North,Uttarakhand,District_70,2020,678.98,33.69,155.68,115.51,688589,34.91,34.79,0.0035
South,Kerala,District_92,2015,497.24,49.44,233.78,222.69,2971380,522.99,540.67,-0.0337
North,Himachal Pradesh,District_104,2015,836.22,34.19,125.37,136.14,2121471,264.17,246.75,0.0657
North,Haryana,District_72,2004,1099.99,22.69,100.15,52.51,2902993,581.51,564.82,0.0287
East,Assam,District_28,2003,870.45,29.45,269.23,255.2,2965731,269.52,285.73,-0.0599
West,Gujarat,District_126,2015,824.95,4.59,226.26,201.17,324982,48.89,74.98,-0.5229
South,Karnataka,District_35,2000,982.92,19.67,254.69,218.15,373100,41.78,56.08,-0.3343
East,West Bengal,District_14,2002,735.32,34.65,165.69,183.92,2713404,218.13,188.44,0.1355
North,Punjab,District_7,2005,591.3,5.19,64.16,23.68,405305,39.19,24.74,0.3596
South,Kerala,District_84,2004,1148.51,19.2,65.99,88.24,2008632,375.24,349.35,0.0688
South,Andhra Pradesh,District_25,2002,760.69,11.66,189.57,143.08,865086,139.14,134.38,0.0339
North,Haryana,District_127,2014,847.12,41.89,88.68,107.1,3423779,401.89,377.93,0.0595
West,Rajasthan,District_76,2021,944.57,22.4,111.02,103.27,3123746,440.53,461.09,-0.0466
North,Punjab,District_126,2016,905.41,47.6,309.35,326.9,2239462,256.62,239.43,0.0667
West,Gujarat,District_139,2010,1092.51,34.23,103.22,105.53,2205305,373.81,332.37,0.1106
Central,Chhattisgarh,District_140,2000,1193.62,14.68,85.43,77.39,1101245,61.85,61.55,0.0048
West,Maharashtra,District_111,2003,984.39,12.68,71.63,57.36,3469207,352.79,344.53,0.0234
South,Kerala,District_116,2010,1251.01,45.38,83.73,60.24,1773406,118.11,92.19,0.2176
South,Kerala,District_114,2014,582.2,10.2,312.4,308.82,1216048,165.66,129.04,0.2198
West,Maharashtra,District_9,2005,1038.46,26.71,274.34,280.47,2932392,288.63,310.44,-0.0753
Central,Chhattisgarh,District_78,2022,1310.56,20.96,248.55,217.86,2036242,140.19,152.4,-0.0865
South,Tamil Nadu,District_126,2013,771.04,35.24,286.13,297.01,585864,101.17,64.61,0.3579
Central,Madhya Pradesh,District_80,2022,850.81,17.06,250.78,251.29,1511418,159.44,157.04,0.015
South,Kerala,District_125,2003,868.06,20.64,338.4,306.95,356030,27.25,48.93,-0.7674
North,Uttarakhand,District_126,2021,1133.01,40.94,159.64,115.18,1478735,286.57,260.24,0.0916
Central,Chhattisgarh,District_139,2018,1188.9,39.37,337.36,346.04,315826,27.2,52.76,-0.9062
North,Punjab,District_122,2017,760.02,34.98,247.33,201.54,3393188,230.85,251.25,-0.088
South,Tamil Nadu,District_130,2001,331.08,2.58,242.77,244.05,3004704,449.39,476.41,-0.06
South,Kerala,District_68,2015,986.27,36.36,104.51,129.8,2561288,429.86,412.16,0.0411
North,Uttarakhand,District_97,2019,768.52,47.42,120.03,70.91,1946886,284.27,264.6,0.069
South,Telangana,District_73,2010,759.19,12.46,338.83,326.08,1835724,76.87,91.52,-0.1881
West,Maharashtra,District_8,2018,947.45,39.26,139.97,130.03,2055885,143.35,101.6,0.2892
West,Maharashtra,District_33,2011,835.36,7.51,234.95,234.92,2739723,448.72,436.03,0.0282
South,Telangana,District_150,2000,477.59,19.98,249.69,266.61,71400,10.43,36.28,-2.261
East,Odisha,District_98,2003,776.02,31.67,201.98,154.61,3202515,591.87,588.57,0.0056
East,Jharkhand,District_89,2011,1174.49,38.72,63.66,91.36,1233296,176.15,199.76,-0.1333
East,Jharkhand,District_90,2001,1361.77,12.58,174.29,156.41,368497,21,-3.49,1.1132
South,Karnataka,District_64,2007,1141.05,18.17,290.53,307.43,1958955,348.32,322.84,0.073
South,Andhra Pradesh,District_22,2022,626.62,39.34,183.38,201.07,2155335,364.65,383.91,-0.0527
East,Bihar,District_79,2003,1517.62,17.79,188.19,202.81,3196836,146.31,174.21,-0.1894
East,Odisha,District_44,2000,1263.15,38.07,83.05,37.03,947114,199.69,205.01,-0.0265
Central,Chhattisgarh,District_84,2001,1022.17,35.31,309.38,308.95,84468,5.44,7.39,-0.3029
East,Assam,District_109,2018,981.06,7.22,168.11,178.69,2539106,376.11,358.52,0.0466
North,Haryana,District_108,2008,1268.11,38.62,104.39,56.52,322402,28.1,12.52,0.5355
North,Uttar Pradesh,District_121,2018,373.62,49.55,315.75,285.78,1029530,46.3,15.52,0.6508
North,Uttar Pradesh,District_82,2012,1287.38,16.4,96.74,117.68,819491,162.92,181.83,-0.1153
North,Uttarakhand,District_100,2010,1518.25,26.81,317.88,268.71,2593189,414.71,372.13,0.1024
North,Uttarakhand,District_26,2015,935.11,22.43,118.06,82.68,267988,30.28,13.21,0.5458
East,West Bengal,District_53,2010,976.36,27.9,85.59,82.73,697932,85.95,48.4,0.4319
North,Punjab,District_129,2021,1327.37,45.51,298.36,298.33,2172269,257.3,276.1,-0.0728
East,Odisha,District_43,2019,1317.72,42.7,193.43,175.87,717240,69.15,31.47,0.5372
South,Andhra Pradesh,District_94,2013,731.03,12.99,115.38,103.86,2748197,130.34,86.86,0.3311
West,Rajasthan,District_128,2020,819.34,46.82,116.56,79.06,21586,2,-22.83,8.2741
East,Bihar,District_138,2006,600.1,39.44,339.32,329.44,2596867,434.51,444.12,-0.0221
South,Andhra Pradesh,District_68,2001,950.35,4.26,99.36,114.1,2194000,376.32,399.65,-0.0618
South,Andhra Pradesh,District_147,2012,1033.23,18.83,324.3,309.77,1610489,341.86,353.54,-0.0341
South,Karnataka,District_24,2022,974.77,37.55,281.83,271.31,554439,110.12,83.9,0.236
North,Uttarakhand,District_25,2018,1034.17,38.36,249.15,238.59,2407272,471.95,454.94,0.036
East,Odisha,District_70,2002,784.21,15.34,205.6,188.61,2384612,153.43,159.82,-0.0414
North,Uttarakhand,District_136,2015,923.1,17.36,263.11,284.01,1639611,290.18,306.21,-0.055
East,Jharkhand,District_54,2011,1162.76,37.91,114.79,132.18,684419,64.2,38.99,0.3866
East,Bihar,District_78,2016,1241.73,28.29,154.32,177.15,176468,7.43,-15.01,2.6627
South,Andhra Pradesh,District_111,2021,640.71,28.25,89.7,68.28,445703,68.59,36.04,0.4678
Central,Chhattisgarh,District_81,2006,555.08,10.21,329.95,317.5,342282,59.89,39.61,0.3331
East,Jharkhand,District_103,2008,634.39,24.28,272.56,295.06,377486,40.72,54.23,-0.3236
North,Himachal Pradesh,District_132,2014,657.39,31.19,240.97,235.84,1225822,156.26,174.11,-0.1135
Central,Chhattisgarh,District_47,2000,1020.87,9.33,165.51,187.48,661520,64.96,62.01,0.0447
North,Haryana,District_48,2018,1037.39,17.55,149.91,120.12,2144955,271.56,239.52,0.1175
North,Punjab,District_55,2021,974.51,40.56,201.54,201.03,1396219,285.36,313.13,-0.097
East,Assam,District_69,2020,970.74,19.67,124.9,89.68,1153270,115.86,126.31,-0.0894
Central,Chhattisgarh,District_112,2018,1051.9,42.28,280.16,262.26,817735,112.47,79.25,0.2927
West,Maharashtra,District_134,2006,1252.45,27.19,70.44,98.06,162712,22.33,6.49,0.6791
South,Telangana,District_119,2004,875.92,49.58,192.09,153.94,2161000,383.14,404.1,-0.0546
South,Karnataka,District_39,2023,974.07,38.61,187.52,149.08,2805060,201.28,177.16,0.1193
South,Andhra Pradesh,District_112,2013,683.38,7.43,91.45,63.5,503124,44.94,19.35,0.5571
East,Odisha,District_17,2020,962.61,46.27,68.34,98.34,1661062,220.58,215.75,0.0218
West,Rajasthan,District_106,2008,1187.64,17.88,135.22,105.75,1683416,202.59,181.69,0.1026
South,Andhra Pradesh,District_42,2008,818.79,42.91,215.37,218.49,67810,6.9,-24.35,3.9549
North,Himachal Pradesh,District_61,2012,888.11,41.59,262.91,215.52,2427215,515,471.24,0.0848
South,Karnataka,District_30,2004,1041.91,11.7,103.1,104.87,757068,155.89,116.44,0.2515
West,Rajasthan,District_8,2007,864.26,26.17,305.78,266.83,2599529,538.29,530.78,0.0139
South,Andhra Pradesh,District_119,2015,848.41,44.67,191.68,199.5,1721358,309.69,304.51,0.0167
Central,Chhattisgarh,District_112,2013,935.68,37.71,149.72,134.77,2036694,82.91,85.59,-0.032
West,Maharashtra,District_52,2005,921.31,10.09,279.63,305.58,3238680,684.69,668.75,0.0232
West,Gujarat,District_35,2000,1334.28,8.08,323,305.76,2844103,129.83,136.18,-0.0486
West,Gujarat,District_72,2021,936.24,14.84,335.38,350.56,102941,10.38,-12.17,1.9813
Central,Chhattisgarh,District_46,2020,986.65,39.65,277.24,261.5,2848741,155.75,123.51,0.2057
West,Maharashtra,District_125,2000,1213.99,23.66,311.11,333.96,2177417,272.45,288.01,-0.0569
West,Maharashtra,District_22,2010,974.27,44.54,248.74,267.21,1415736,116.59,135.21,-0.1584
North,Himachal Pradesh,District_77,2002,777.84,20.68,316.15,338.83,74092,4.15,-1.12,1.0229
East,Jharkhand,District_94,2021,730.61,15.26,247.13,272.73,3154353,365.96,376.96,-0.03
East,Bihar,District_102,2023,686.03,41.28,345.89,355.38,2023021,158.56,185.72,-0.1702
Central,Madhya Pradesh,District_61,2003,1661.87,45.06,315.81,311.83,3134715,273.1,293.65,-0.075
North,Uttarakhand,District_129,2003,782.42,12.76,90.78,44.47,1056095,138.19,133.95,0.0305
North,Haryana,District_149,2016,1040.76,24.07,167.49,176.33,360961,56.19,19.44,0.6426
West,Gujarat,District_128,2002,616.49,27.7,140.41,100.01,1978659,317.46,328.06,-0.0333
South,Karnataka,District_32,2010,773.28,39.1,79.25,94.2,984242,153.98,118.76,0.2273
East,Odisha,District_150,2023,726.86,39.24,242.73,194.15,572331,50.85,26.01,0.4791
South,Kerala,District_61,2013,581.11,30.59,290.19,317.52,2202186,188.02,146.93,0.2174
West,Rajasthan,District_37,2003,1117.38,27.83,69.68,67.41,2126169,142.33,116.4,0.1809
South,Tamil Nadu,District_55,2008,739.3,40.06,87.06,82.06,2602493,292.77,308.52,-0.0536
East,Assam,District_105,2008,709.52,39.09,201.81,207.01,2353760,138.63,94.33,0.3173
North,Uttarakhand,District_15,2015,759.54,2.24,178.47,158.09,650665,50.71,22.8,0.5397
Central,Chhattisgarh,District_96,2022,831.62,10.49,133.59,155.54,1287149,73.06,80.1,-0.0951
East,West Bengal,District_82,2017,850.48,28.03,147.18,123.8,2391219,281.5,254.4,0.0959
East,Jharkhand,District_122,2021,0,41.43,254.84,245.53,198761,40.93,34.89,0.144
South,Karnataka,District_72,2004,889.99,41.39,286.22,275.15,3217220,378.15,359.03,0.0504
South,Telangana,District_122,2022,820.44,9.63,273.8,248.61,505226,64.9,68.32,-0.0518
South,Telangana,District_79,2000,893.79,49.75,192.56,217.12,2230944,107.97,119.18,-0.1029
North,Himachal Pradesh,District_9,2023,1283.22,18.98,274.45,264.91,1413518,264.39,252.73,0.0439
West,Maharashtra,District_62,2008,901.97,20.99,145.97,114.27,383590,65.12,27.32,0.5718
Central,Chhattisgarh,District_99,2009,850.61,3.62,189.78,165.44,1893360,231.27,261.25,-0.1291
South,Telangana,District_32,2017,1126.88,11.56,245.54,223.99,864277,112.44,69.63,0.3774
South,Karnataka,District_114,2012,903.46,8.22,319.84,294.54,904109,120.66,140.57,-0.1637
North,Uttar Pradesh,District_101,2008,720,44.31,159.54,121.04,2095871,328.92,344.57,-0.0474
South,Andhra Pradesh,District_24,2007,906.89,21.77,109.39,137.62,3394827,463.55,457.44,0.0132
South,Andhra Pradesh,District_54,2005,436.89,34.89,264.24,265.6,1349526,116.3,77.6,0.33
East,Assam,District_82,2020,902.75,26,254.15,261.67,2134626,401.39,422.15,-0.0516
East,Jharkhand,District_9,2008,1317.28,33.3,309.5,328.28,1098404,68.57,62.56,0.0865
East,Bihar,District_126,2015,574.39,6.08,66.57,22.76,843444,139.12,104.24,0.249
East,Jharkhand,District_86,2022,1053.94,42.67,173.33,159.11,2321978,128.32,93.92,0.266
East,Jharkhand,District_26,2005,1216.64,9.53,310.72,315.81,2639124,169.87,189.15,-0.1129
West,Gujarat,District_130,2002,1129.59,20.15,82.45,111.48,320005,16.5,0.91,0.8911
South,Telangana,District_108,2019,1164.95,25.02,131.19,148.11,3262983,657.03,643.12,0.0211
Central,Chhattisgarh,District_84,2014,846.63,34.5,119.36,99.89,2933338,256.28,236.56,0.0767
North,Uttar Pradesh,District_14,2020,1050.4,47.36,190.56,160.61,2430710,240.64,240.59,0.0002
South,Tamil Nadu,District_114,2020,1055.97,46.42,67.38,40.72,1086844,231.72,242.51,-0.0463
Central,Madhya Pradesh,District_1,2012,1388.32,42.12,236.24,187.72,134755,15.29,14.63,0.0406
West,Rajasthan,District_79,2010,659.97,2.21,341.37,295.89,1097097,51.66,39.13,0.2378
North,Uttarakhand,District_22,2003,775.4,37.28,133.47,145.46,3344435,513.07,479.83,0.0647
South,Tamil Nadu,District_64,2016,866.03,4.33,114.6,139.28,1145785,102.08,82.72,0.1878
Central,Madhya Pradesh,District_106,2010,1159.86,19.48,263.72,239.12,362983,42.56,24.22,0.4209
East,Assam,District_123,2023,1344.11,12.34,300.37,256.46,3096156,418.8,395.91,0.0545
Central,Madhya Pradesh,District_67,2005,910.66,42.62,128.29,144.74,648194,119.15,138.8,-0.1636
North,Uttarakhand,District_84,2009,1011.3,14.72,251.79,233.15,3140550,311.86,311.29,0.0018
West,Rajasthan,District_22,2013,499.42,39.02,185.38,141.29,1253515,153.84,162.32,-0.0547
South,Telangana,District_47,2012,837.19,49.11,241.19,231.14,1976386,270.94,272.43,-0.0055
South,Kerala,District_147,2007,880.55,19.28,194.54,202.47,1571510,204.34,230.96,-0.1296
North,Uttar Pradesh,District_6,2017,1048.76,42.28,268.65,226.9,47835,5.75,-38,6.4834
North,Himachal Pradesh,District_59,2002,1169.9,16.22,129.69,108.64,978292,111.77,71.15,0.3602
East,Assam,District_51,2008,1662.16,30.81,137.82,137.15,2175687,467.22,443.48,0.0507
South,Tamil Nadu,District_13,2012,1467.63,34.77,222.11,242.04,3273784,421.46,381.07,0.0956
North,Himachal Pradesh,District_110,2019,1512.31,36.17,153.08,127.16,1839190,162.63,120.74,0.256
West,Gujarat,District_39,2002,1186.49,14.78,145.99,160.18,734050,42.85,22.26,0.4696
South,Telangana,District_44,2018,943.62,12.56,148.18,167.81,2680528,117.64,118.87,-0.0104
East,West Bengal,District_4,2022,703.73,5.3,289.71,260.73,2681761,444.73,455.16,-0.0234
North,Haryana,District_112,2014,1161.17,24.05,259.71,254.14,2526101,348.08,315.91,0.0922
North,Punjab,District_31,2007,1176.39,15.05,321.96,272.07,1531660,268.87,243.77,0.093
West,Rajasthan,District_49,2008,1264.39,28.96,272.2,235.69,3249686,529.9,486.44,0.0818
South,Andhra Pradesh,District_127,2012,152.06,10.51,154.54,141.19,1272379,180.57,154.24,0.145
Central,Madhya Pradesh,District_111,2006,1075.07,3.06,212.69,238.35,407235,85.95,113.3,-0.3145
North,Himachal Pradesh,District_56,2009,1089.48,37.8,246.4,256.43,2087602,284.01,288.8,-0.0168
West,Rajasthan,District_108,2005,1097.94,23.74,177.67,204.48,301876,53,10.85,0.7806
East,Jharkhand,District_38,2000,816.33,16.2,107.72,97.48,2281243,483.07,468.21,0.0307
South,Andhra Pradesh,District_68,2007,1130.34,43.94,335.31,362.71,2986286,378.48,369.06,0.0248
North,Himachal Pradesh,District_116,2007,1174.02,8.67,325.26,280.96,3491370,278.35,259.71,0.0667
South,Telangana,District_150,2021,938.95,26.61,270.46,274.35,1781220,328.03,327.49,0.0016
East,Assam,District_22,2000,1008.38,17.34,194.34,212.59,2681414,536.43,543.04,-0.0123
North,Punjab,District_35,2010,933.86,34.84,220.54,195.87,1375855,91.06,52.43,0.4196
South,Kerala,District_55,2022,796.64,44.34,69.35,39.21,840787,69.06,84.71,-0.2234
South,Kerala,District_109,2023,1070.11,22.12,182.22,176.74,2243592,107.96,107.37,0.0054
North,Himachal Pradesh,District_66,2002,763.33,21.99,339.99,322.06,1861983,313.53,285.78,0.0882
East,West Bengal,District_143,2001,538.75,43.95,272.31,242.97,2003527,211.12,228.44,-0.0817
West,Maharashtra,District_86,2007,1085.64,25.98,270.33,293.67,2153256,311.15,316.45,-0.017
North,Punjab,District_91,2019,1034.03,36.6,349.17,358.42,468928,49.23,16.91,0.6434
North,Himachal Pradesh,District_12,2000,1073.35,48.22,331.18,348.13,2241599,422.51,411.61,0.0257
West,Gujarat,District_130,2019,714.73,20.31,342.15,371.7,1365619,98.17,124,-0.2605
South,Kerala,District_78,2012,580.64,42.82,224.21,243.93,3453018,154.46,167.64,-0.0847
South,Telangana,District_34,2017,678.63,15.75,85.55,46.78,1090439,188.13,199.92,-0.0623
West,Maharashtra,District_149,2005,923.99,26.18,297.08,296.69,603160,71.01,55.97,0.2089
West,Gujarat,District_44,2016,1047.84,21.61,107.26,94.52,2575282,417.04,372.24,0.1072
North,Punjab,District_87,2014,935.15,3.47,86.46,110.3,1107886,208.16,174.85,0.1592
Central,Madhya Pradesh,District_23,2010,1034.72,17.5,85.56,110.91,2464078,356.6,320.83,0.1
North,Haryana,District_111,2004,980.44,7.7,180.34,188.6,1219895,62.81,34.78,0.4393
West,Gujarat,District_30,2010,873.68,37.64,155.96,128.19,2691330,355.37,356.51,-0.0032
West,Maharashtra,District_33,2015,889.13,12.12,277.85,295.82,333629,48.72,77.77,-0.5841
West,Gujarat,District_93,2013,929.16,43.69,315.99,310.4,3087305,301.24,266.63,0.1145
South,Andhra Pradesh,District_68,2019,1156.57,45.34,318.56,283.86,2903967,636.73,622.07,0.023
West,Gujarat,District_133,2010,1088.76,18.82,167.84,139.91,28369,4.05,-19.42,4.6486
East,Jharkhand,District_43,2010,1100.55,39.32,138.74,157,3360858,452.53,417.52,0.0772
North,Punjab,District_39,2017,691.44,2.86,87.22,105.42,3152731,365.89,374.58,-0.0237
East,Assam,District_14,2006,748.85,45.4,113.58,89.07,3140723,430.16,394.42,0.0829
Central,Madhya Pradesh,District_14,2007,895.03,23.94,62.35,56.89,1069275,171.69,131.31,0.2338
South,Tamil Nadu,District_10,2015,599.96,6.12,154.97,149.44,475650,41.17,43.88,-0.0645
West,Gujarat,District_42,2022,875.2,12.55,161.32,117.17,1525369,121.6,133.96,-0.1008
East,Assam,District_112,2003,928.1,22.68,329.16,317.42,2984514,384.27,387.49,-0.0084
North,Punjab,District_11,2014,1061.84,3.96,161.71,137.14,1894638,102.69,130.86,-0.2717
South,Telangana,District_144,2015,1187.82,14.06,86.56,89.65,2044817,332.84,316.55,0.0488
East,Assam,District_127,2003,1230.46,36.02,317.97,325.44,2039108,230.34,252.99,-0.0979
Central,Madhya Pradesh,District_32,2011,902.86,48.82,100.17,102.9,1993596,367.18,342.53,0.0669
East,Bihar,District_53,2009,1170.96,34.27,349.43,368.33,1192377,81.07,66.89,0.1728
South,Tamil Nadu,District_44,2023,514.06,8.49,250.24,215.94,769769,166.79,135.69,0.1854
North,Haryana,District_70,2018,658.21,13.63,318.32,275.16,939061,148.54,166.12,-0.1176
North,Uttarakhand,District_55,2018,435.99,22.88,243.13,242.3,778001,153.17,147.74,0.0352
North,Uttar Pradesh,District_135,2018,1275.45,17.1,94.63,99.81,3031032,666.44,652.21,0.0213
South,Tamil Nadu,District_107,2002,638.5,34.7,257.9,220.28,2270888,180.86,160.95,0.1095
South,Karnataka,District_128,2021,987.67,21.85,164.85,135.82,129919,19.64,10.77,0.43
East,West Bengal,District_85,2000,1086.92,38.54,284.06,237.27,1633859,128.38,132.58,-0.0324
South,Andhra Pradesh,District_32,2012,79.29,38.06,141.75,154.22,1525067,183.53,171.41,0.0657
South,Telangana,District_28,2010,1452.47,2.02,93.13,93.12,2572305,385.55,384.04,0.0039
Central,Madhya Pradesh,District_8,2002,986.43,30.65,63.11,22.73,1438932,226.3,253.02,-0.1176
East,Assam,District_123,2014,1030.61,23.15,251.42,203.14,2748795,277.19,280.83,-0.0131
West,Gujarat,District_2,2010,744.82,44.81,166.8,138.85,3091265,663.26,628.62,0.0521
West,Maharashtra,District_116,2010,616.15,11.8,268.74,275.61,3144747,502.67,512.24,-0.019
North,Uttarakhand,District_34,2006,798.8,4.43,308.95,334.96,418365,34.72,-1.85,1.0239
West,Maharashtra,District_73,2010,832.13,17.98,115.62,88.38,3066045,438.32,411.8,0.0604
West,Maharashtra,District_19,2017,720.04,9.88,80.56,84.96,587959,129.13,126.8,0.0179
North,Himachal Pradesh,District_98,2002,1031.76,36.86,261.09,274.73,480196,76.56,68.6,0.1026
South,Kerala,District_66,2005,1125.6,49.15,198.1,215.13,3457498,171.27,195.39,-0.14
South,Karnataka,District_103,2002,574.7,3,167.54,137.88,3068316,457.34,465.68,-0.0182
North,Uttar Pradesh,District_54,2005,1064.59,39.22,212.2,219.44,3467674,254.87,263.14,-0.0323
South,Kerala,District_104,2009,1063.82,10.83,255.52,230.62,729014,124.84,107.14,0.1407
Central,Madhya Pradesh,District_31,2009,899.57,22.4,164.44,165.51,1645329,105.07,104.65,0.0039
North,Punjab,District_111,2023,904.95,12.91,130.84,89.44,2101212,415.76,417.88,-0.0051
South,Andhra Pradesh,District_34,2011,1150.1,21.59,293.99,289.57,3217442,300.79,294.61,0.0205
East,West Bengal,District_95,2016,945.36,35.18,130.36,117.57,450157,38.9,65.91,-0.6772
West,Rajasthan,District_126,2014,649.61,41.42,165.52,165.66,3388476,434.08,397.71,0.0836
South,Kerala,District_122,2008,1304.57,30.33,129.79,114.33,424853,82.16,47.07,0.422
North,Uttarakhand,District_109,2002,1230.16,30.69,118.85,114.59,2515341,121.79,128.45,-0.0543
East,Jharkhand,District_95,2019,1249.62,12.67,93.9,111.57,2488984,375.74,336.5,0.1042
South,Tamil Nadu,District_112,2020,901.94,23.9,178.96,142.11,3293490,713.71,672.87,0.0571
East,Jharkhand,District_24,2001,641.44,10.16,341.88,296.23,2437685,186.9,168.41,0.0984
North,Haryana,District_88,2014,590.4,30.83,258.61,251.28,3361201,537.89,527.39,0.0195
South,Karnataka,District_40,2015,1136.61,20.84,112.73,94.63,569358,30.59,19.1,0.3637
North,Haryana,District_135,2002,680.52,24.38,60.98,58.84,1159684,136.26,131.97,0.0313
South,Andhra Pradesh,District_120,2013,800.69,25.98,251.2,243.92,2730487,245.83,238.81,0.0284
East,Bihar,District_123,2009,436.66,35.62,96.68,122.44,432933,53.45,23.65,0.5474
Central,Madhya Pradesh,District_33,2021,772.87,37.12,110.6,121.66,305678,33.84,26.37,0.2146
South,Andhra Pradesh,District_64,2016,1438.95,36.14,169.51,166.43,2808006,153.78,144.27,0.0614
East,Jharkhand,District_76,2018,980.08,42.3,94.5,115.48,614881,103.08,60.26,0.4115
West,Maharashtra,District_142,2002,999.91,9.59,75.22,58.89,422039,61.39,54.35,0.1128
West,Maharashtra,District_132,2003,929.26,16.93,166.89,171.25,1583340,267.04,223.91,0.1609
North,Haryana,District_109,2013,814.04,17.68,167.75,166.18,3064975,263.73,289.52,-0.0974
East,West Bengal,District_119,2021,1063.72,45.73,153.5,149.41,851301,185.52,162.27,0.1247
North,Uttarakhand,District_65,2011,227.09,26.89,154.14,134.33,903368,109.83,96.91,0.1166
West,Gujarat,District_150,2002,1024.21,11.7,259.83,274.88,2622005,306.2,330.78,-0.08
North,Haryana,District_5,2003,968.49,7.55,208.17,198.39,2753641,410.94,380.31,0.0743
East,Assam,District_46,2005,1141.76,37.95,118.86,79.88,3216005,255.41,280.37,-0.0973
South,Kerala,District_12,2002,913.31,13.43,221.31,222.97,1285664,55.62,39.99,0.276
East,Jharkhand,District_77,2010,1369.95,25.59,116.85,67.19,2926217,347.36,358.66,-0.0324
North,Uttarakhand,District_117,2021,679.44,43.2,132.68,133.76,3484028,451.92,452.18,-0.0006
East,Assam,District_68,2010,1004.03,47.04,208.02,200.62,2417611,384.1,343.86,0.1045
South,Tamil Nadu,District_55,2005,938.74,13.27,307.73,280.04,1280598,275.14,281.24,-0.0221
East,Bihar,District_67,2021,519.76,9.7,208.16,207.13,1722454,262.72,232.9,0.1131
East,West Bengal,District_112,2017,793.96,39.7,125.35,137.97,1586130,108.45,133.13,-0.2255
North,Uttar Pradesh,District_2,2012,299.08,2.47,148.74,147.35,3431046,170.95,194.62,-0.1377
East,West Bengal,District_4,2005,782.61,17.81,227.91,209.72,1366849,83.61,68.59,0.1775
North,Punjab,District_118,2022,802.35,21.67,321.89,278.93,2573514,439.51,442.43,-0.0066
South,Kerala,District_125,2009,1472.05,31.78,264.45,287.86,786736,119.47,136.02,-0.1373
North,Himachal Pradesh,District_93,2022,1070.14,12.13,61.85,35,1132093,145.84,171.11,-0.1721
South,Kerala,District_78,2002,684.34,30.98,213.62,165.02,2598262,230.16,192.55,0.1627
Central,Madhya Pradesh,District_35,2000,1052.19,4.27,251.61,278.16,2829084,535.53,498.52,0.069
West,Rajasthan,District_29,2000,837.2,26.17,138.77,120.27,338904,20.06,40.27,-0.96
West,Rajasthan,District_7,2006,847.5,4.99,85.42,80.86,2388174,240.71,256.29,-0.0645
North,Punjab,District_38,2020,746.94,49.13,86.76,96.01,190666,10.57,-22.62,2.8691
South,Karnataka,District_112,2020,627.03,18.23,123.29,83.58,3307867,236.4,219.44,0.0714
Central,Chhattisgarh,District_49,2002,739.11,46.17,177.44,160.15,2790939,243.31,205.14,0.1562
South,Andhra Pradesh,District_119,2004,859.08,47.61,138.05,107.72,2135688,131.49,140.86,-0.0707
North,Punjab,District_109,2000,712.1,27.1,226.06,233.52,379485,81.99,50.27,0.3822
East,West Bengal,District_43,2004,987.56,22.92,215.62,223.26,2745918,490.2,510.04,-0.0404
East,Assam,District_125,2015,1399.08,8.49,233.37,199.46,1664291,219.79,186.92,0.1489
North,Uttar Pradesh,District_116,2018,753.19,49.3,112.58,87.27,2503638,410.87,373.14,0.0916
South,Karnataka,District_52,2009,650.11,31.95,261.77,266.02,2984841,580.35,565.02,0.0264
North,Uttarakhand,District_101,2001,1162.47,10.09,182.24,137.98,1484740,78.13,87.98,-0.1245
East,Odisha,District_3,2003,932.95,38,145.71,115.07,3222580,648.39,646.45,0.003
East,Jharkhand,District_107,2015,563.3,39.91,128.63,82.72,1559016,288.98,304.62,-0.0539
North,Uttarakhand,District_142,2009,905.67,4.24,349.18,319.59,506564,51.87,32.12,0.3735
West,Maharashtra,District_125,2012,1015.16,25.14,274.19,227.29,1457026,223.79,197,0.1191
North,Punjab,District_132,2018,1092.38,20.82,80.23,94.06,265942,53.7,28.06,0.4687
North,Himachal Pradesh,District_125,2007,574.86,48.66,233.73,244.39,2190807,357.31,315.53,0.1166
West,Maharashtra,District_136,2000,792.17,7.41,204.73,232.58,2173505,172.56,194.49,-0.1264
East,Jharkhand,District_148,2010,1145.93,39.7,92.62,64.69,885376,47.11,16.15,0.6434
Central,Chhattisgarh,District_17,2008,486.66,44.94,73.12,86.98,417860,91.89,114.43,-0.2426
East,Jharkhand,District_122,2003,1024.56,26.31,306.31,312.25,1736894,347.97,355.11,-0.0205
North,Punjab,District_89,2014,1256.2,39.85,348.48,314.22,3288438,703.23,716.04,-0.0182
East,Jharkhand,District_6,2005,1124.55,8.9,324.74,301.22,2102444,352.72,377.08,-0.0689
South,Andhra Pradesh,District_50,2015,696.19,47.6,158.24,131.18,141164,16.21,1.62,0.848
South,Telangana,District_113,2007,803.43,22.16,104.37,96.81,2111530,196.82,174.9,0.1108
North,Haryana,District_57,2018,1087.26,15.73,233.88,186.65,1192798,218.65,242.33,-0.1078
East,Odisha,District_120,2004,588.87,27.19,120.58,145.21,33262,3.54,-8.79,2.714
South,Andhra Pradesh,District_100,2013,949.29,4.03,247.94,268.53,503594,106.01,121.54,-0.1452
South,Telangana,District_121,2005,715.16,45.48,75.5,80.83,269745,40.05,19.18,0.5084
North,Himachal Pradesh,District_54,2009,981.85,29.62,299.14,250.18,1635618,310.01,302.56,0.024
East,Bihar,District_124,2004,1017.7,35.69,224.41,207.37,3211343,395.56,419.7,-0.0609
South,Tamil Nadu,District_52,2005,1285.28,47.75,339.29,324.83,774950,85.7,73.74,0.1379
North,Himachal Pradesh,District_126,2003,619.34,27.36,238.63,193.26,3192500,605.32,620.95,-0.0258
East,Jharkhand,District_127,2009,857.22,45.46,211.05,162.86,1916508,343.77,349.65,-0.017
South,Karnataka,District_54,2017,315.02,40.63,110.42,100.99,2321955,446.1,469.9,-0.0532
West,Maharashtra,District_5,2011,554.95,7.57,318.93,297.76,1657767,82.99,95.49,-0.1489
West,Gujarat,District_92,2021,1064.1,32.39,135.37,150.15,3427362,364.45,342.29,0.0606
South,Tamil Nadu,District_45,2016,1037.23,44.48,141.7,120.22,662404,70.23,79.81,-0.1345
West,Maharashtra,District_17,2010,970.89,23.8,294.07,287.56,211382,31.58,4.65,0.8264
East,Jharkhand,District_30,2019,1003.6,4.75,230.86,214.17,717081,31.67,37.99,-0.1933
South,Karnataka,District_31,2017,884.76,10.87,330.15,306.59,2014379,433.13,425.85,0.0168
South,Karnataka,District_125,2008,706.33,12.7,265.49,292.26,2505326,339.26,367.32,-0.0825
East,Odisha,District_91,2001,731.99,25.1,125.31,122.24,1825173,325.85,337.7,-0.0363
Central,Chhattisgarh,District_69,2004,1539.86,45.26,244.48,231.55,552240,99.92,79.6,0.2014
North,Haryana,District_27,2022,1508.52,30.71,115.72,128.07,2048267,196.04,194.04,0.0102
West,Maharashtra,District_113,2014,1293.23,15.55,112.81,96.2,3266475,704.67,716.68,-0.017
East,West Bengal,District_28,2019,778.35,43.39,240.33,204.95,954367,106.75,87.78,0.1761
North,Himachal Pradesh,District_27,2017,1028.5,10.65,172.09,183.05,2557160,483.04,455.37,0.0572
West,Maharashtra,District_130,2003,775.28,15.52,64.15,84.7,1531405,233.27,193.71,0.1688
South,Tamil Nadu,District_31,2006,605.11,10.62,254.25,251.65,292460,24.47,15.04,0.3702
South,Telangana,District_41,2023,800.92,13.21,294.32,293.37,2975984,282.35,295.73,-0.0472
South,Andhra Pradesh,District_114,2016,1123.71,32.35,133.8,94.87,2856419,409.18,401.09,0.0197
North,Punjab,District_26,2004,1025.64,42.29,311.07,299.29,2181878,333.92,298.03,0.1072
South,Telangana,District_86,2004,411.04,27.55,85.04,96.62,2620574,492.87,478.36,0.0294
East,West Bengal,District_52,2014,1149.64,49.87,288.19,296.3,2906572,173.38,154.31,0.1093
East,Jharkhand,District_2,2007,730.3,15.36,177.15,142.64,3488024,277.11,242.41,0.1248
North,Punjab,District_88,2009,1566.99,44.9,134.28,130.64,2640780,503.57,482.48,0.0418
North,Haryana,District_44,2002,444.96,12.76,253.62,210.58,2047122,280.63,246.53,0.1211
West,Gujarat,District_96,2022,1261.99,5.9,304.67,311.21,2414976,450.98,413.67,0.0825
East,Jharkhand,District_93,2020,799.5,49.54,189.68,146.33,556427,54.66,65.73,-0.1988
South,Karnataka,District_39,2016,1556.34,15.39,335.25,336.51,2912167,582.48,556.03,0.0453
East,Jharkhand,District_59,2004,667.87,31.59,180.68,170.44,1025405,127.26,142.94,-0.1222
East,Jharkhand,District_106,2013,509.13,26.99,163.27,170.02,2882876,343.12,306.63,0.1061
East,Assam,District_133,2021,1142.39,24.62,60.53,63.29,2987290,137.63,126.29,0.0818
South,Telangana,District_8,2014,1237.93,48.54,344.56,352.02,2431232,124.81,89.31,0.2822
Central,Madhya Pradesh,District_3,2022,347.89,7.41,334.56,322.14,3027329,572.97,597.16,-0.0421
North,Haryana,District_18,2002,1229.5,30.77,127.54,136.42,645856,79.36,47.37,0.3981
East,Odisha,District_81,2012,466.69,49.2,148.13,152.23,1883554,120.13,86.43,0.2783
South,Tamil Nadu,District_112,2001,765.48,47,140.32,143.65,1446781,155.54,177.18,-0.1382
South,Kerala,District_10,2021,1282.13,23.06,185.26,170.72,2746158,447.87,473.23,-0.0565
Central,Madhya Pradesh,District_148,2001,789.57,24.55,137.25,91.41,2263474,210.78,213.7,-0.0138
North,Haryana,District_76,2013,530.85,46.18,226.72,183.12,2187916,315.07,290.29,0.0784
South,Kerala,District_142,2009,1068.26,21.13,79.23,90.9,1102963,130.71,151.89,-0.1608
East,Odisha,District_89,2000,1226.23,31.91,273.66,275.73,280232,59.27,30.49,0.4774
West,Gujarat,District_136,2019,819.94,11.48,221.95,242.9,473216,79.1,77.82,0.016
Central,Madhya Pradesh,District_104,2014,1105.78,31.18,205.39,185.47,1208034,78.04,80.9,-0.0361
West,Rajasthan,District_140,2019,645.66,24.27,182.92,178.27,2022437,375.19,360.55,0.0389
North,Himachal Pradesh,District_114,2022,1117.25,27.73,209.33,235.97,362983,45.01,10.15,0.7577
South,Telangana,District_104,2006,924.4,6.5,249.39,252.74,3052631,457.01,464.77,-0.0169
South,Andhra Pradesh,District_22,2001,805.61,4.55,115.56,124.15,377895,67.8,37.82,0.4358
Central,Chhattisgarh,District_86,2012,994.32,12.26,135.88,146.75,3367995,443.19,404.05,0.0881
Central,Madhya Pradesh,District_134,2017,1273.42,32,240.62,258.85,3323027,325.17,289.06,0.1107
South,Andhra Pradesh,District_55,2002,1219.61,33.54,145.7,138.64,2767436,142.3,98.83,0.3034
North,Haryana,District_142,2009,804.3,44.78,199.99,219.13,1911096,366.73,327.11,0.1077
North,Haryana,District_88,2020,748.82,13.42,305.28,282.04,2667976,388.12,372.65,0.0398
South,Tamil Nadu,District_6,2000,737.79,42.57,85.48,46.84,1267383,137.73,150.22,-0.09
Central,Chhattisgarh,District_67,2007,588.89,6.83,91.98,59.58,2327763,189.33,146.37,0.2257
South,Andhra Pradesh,District_109,2016,1338,48.12,177.43,205.41,1549472,313,290.84,0.0706
East,West Bengal,District_16,2011,1087.8,47.65,90.43,117.18,2327511,126.7,127.73,-0.0081
West,Gujarat,District_130,2011,1134.08,14.22,68.43,56.72,1771172,387.88,368.97,0.0486
East,West Bengal,District_13,2020,992.37,31.12,178.88,183.87,140183,30.06,22.8,0.2337
East,West Bengal,District_115,2009,1172.53,8.36,282.02,246.5,361142,77.95,34.03,0.5562
North,Uttarakhand,District_2,2014,688.33,46.96,203.85,214.16,1698711,196.35,210.9,-0.0737
East,Odisha,District_61,2023,1412.02,5.4,156.69,185.27,2042519,408.65,416.98,-0.0203
North,Uttarakhand,District_145,2022,661.55,27.37,166.15,196.04,1433447,257.66,228.56,0.1125
Central,Chhattisgarh,District_60,2011,933.26,25.14,73.01,58.06,871412,73.43,89.46,-0.2154
South,Andhra Pradesh,District_73,2021,1126.69,36.75,162.42,113.33,3372462,219.71,246.29,-0.1205
North,Uttarakhand,District_36,2022,1300.41,31.3,226.74,202.29,3357056,489.93,509.65,-0.0402
South,Kerala,District_134,2023,956.29,28.95,76.27,57.72,2133795,285.37,264.06,0.0744
South,Karnataka,District_27,2010,885.27,23.31,193.34,144.95,2620325,210.81,215.6,-0.0226
North,Haryana,District_150,2006,733.37,12.74,191.13,150.32,2078881,368.89,393.61,-0.0668
South,Telangana,District_117,2003,1375.04,11.24,283.57,300.22,1778672,98.57,115.17,-0.1667
Central,Madhya Pradesh,District_109,2013,867.25,21.41,203.5,156.24,2639887,182.39,165.03,0.0947
East,Bihar,District_24,2001,963.37,11.39,104.16,113.98,3372941,638.64,620.23,0.0288
East,Jharkhand,District_34,2015,1053.8,19.48,205.19,162.78,3101913,631.51,639.42,-0.0125
West,Rajasthan,District_115,2002,395.23,14.33,236.06,200.62,1367762,122.6,137.22,-0.1182
South,Telangana,District_135,2012,1108.44,40.32,330.68,354.28,1334235,281.31,240.13,0.1459
North,Uttarakhand,District_144,2016,1144.96,30.83,98.97,97.67,2556707,241.7,230.02,0.0481
South,Kerala,District_68,2018,1031.26,44.05,300.97,326.34,224884,11.08,32.15,-1.7434
North,Punjab,District_109,2014,1025.27,5.04,146.62,175.81,1368970,183.33,182.05,0.0069
North,Punjab,District_107,2005,786.22,41.03,282.35,249.46,3203770,595.91,615.51,-0.0328
Central,Madhya Pradesh,District_130,2004,436.6,10.07,272.95,259.91,1582769,102.85,118.99,-0.1554
North,Punjab,District_118,2004,875.71,27.37,342.81,325.66,990509,150.84,152.58,-0.0115
North,Haryana,District_136,2003,851.83,30.51,143.27,105.44,3062427,158.25,168.23,-0.0627
West,Rajasthan,District_117,2015,694.39,20.77,131.02,141.56,2947807,330.54,324.68,0.0177
West,Maharashtra,District_41,2017,414.5,27.11,207.61,212.32,539864,37.68,44.08,-0.1653
South,Telangana,District_31,2019,994.28,37.2,274.13,225.17,108435,17.85,19.48,-0.0867
East,Jharkhand,District_29,2003,1160.08,49.08,241.75,201.22,23000,4.2,27.85,-4.5477
South,Telangana,District_147,2009,551.03,30.82,99.33,94.49,687982,83.06,73.23,0.1169
West,Maharashtra,District_134,2004,933.1,14.26,186.33,175.02,187444,18.02,24.81,-0.3572
East,West Bengal,District_96,2009,1156.7,25.17,209.44,239.33,2767031,530.06,534.42,-0.0082
South,Telangana,District_78,2009,674.23,49.27,205.66,159.58,641889,56.89,16.59,0.6962
North,Punjab,District_8,2004,1112.45,2.61,270.52,270.02,375347,17.5,27.96,-0.5659
Central,Madhya Pradesh,District_108,2001,1016.84,30.75,281.47,234.92,2096256,423.92,412.19,0.0276
South,Andhra Pradesh,District_73,2006,808.77,34.87,63.19,25.48,45796,9.21,-2.78,1.1746
South,Tamil Nadu,District_126,2000,1184.66,26.28,107.02,90.87,1139096,54.15,63.23,-0.1645
East,West Bengal,District_141,2011,656.19,16.15,311.1,312.93,557519,60.51,81.46,-0.3406
East,Bihar,District_12,2013,469.81,33.16,154.67,180.64,100643,6.12,-27.08,4.663
North,Punjab,District_147,2009,1644.8,49.66,166.24,159.95,3148948,458.78,466.48,-0.0167
North,Uttarakhand,District_116,2010,846.02,11.99,218.22,184.62,493706,64.67,36.67,0.4265
South,Kerala,District_122,2023,1133.38,6.97,321.81,330.65,2943004,443.94,450.3,-0.0143
North,Himachal Pradesh,District_34,2004,1154.36,46.83,166.65,141.77,346642,47.93,49.86,-0.0393
North,Haryana,District_118,2014,1099.02,8.47,265.18,230.09,2415396,311.64,305.28,0.0204
East,Assam,District_39,2023,1225.16,6.78,119.46,149.33,2017131,186.41,151.38,0.1869
East,Odisha,District_23,2019,731.33,37.8,84.5,55.22,2572794,199.99,160.61,0.1959
North,Himachal Pradesh,District_105,2012,1566.96,16.53,340.34,347.79,61408,11.8,33.05,-1.6598
South,Karnataka,District_102,2010,963.69,3.73,236.48,239.14,1407097,109.14,108.72,0.0038
Central,Chhattisgarh,District_12,2021,559.1,38.5,229.44,256.39,2142534,437.68,418.6,0.0435
East,Assam,District_72,2020,538.29,32.01,322.22,279.64,3384384,269.77,259.82,0.0367
East,Bihar,District_43,2022,694.24,31.33,71.84,24.29,3040452,667.79,665.46,0.0035
North,Uttar Pradesh,District_147,2020,663.95,46.72,184.93,140.68,3126723,281.59,278.08,0.0124
South,Andhra Pradesh,District_144,2020,1049.54,10.41,85.98,45.53,880936,73.44,44.31,0.3913
East,West Bengal,District_144,2002,876.87,34.43,124.67,132.04,3464219,510.11,539.09,-0.0567
West,Rajasthan,District_139,2018,1036.96,16.59,332.55,342.54,483648,39.31,37.05,0.0561
West,Maharashtra,District_146,2016,844.55,43.82,79.9,80.43,1841911,379.42,394.7,-0.0402
West,Rajasthan,District_122,2016,832.74,41.97,254.78,270.71,353531,15.76,20.57,-0.2871
North,Uttar Pradesh,District_31,2021,1160.68,4.15,260.74,225.23,3215508,420.14,387.86,0.0767
Central,Chhattisgarh,District_47,2000,943.79,36.14,309.57,264.73,1991664,301.27,302.52,-0.0042
West,Gujarat,District_53,2007,576.2,33.96,112.46,105.83,3056508,527.6,556.35,-0.0544
North,Uttarakhand,District_114,2002,1579.12,35.1,268.72,254.07,3039017,332.12,354.36,-0.0668
Central,Chhattisgarh,District_83,2012,877.85,24.25,247.93,276.96,1343467,268.35,267.97,0.0014
North,Uttarakhand,District_12,2015,1137.97,30.04,243.81,216.43,2066125,393.53,361.31,0.0817
North,Uttar Pradesh,District_88,2013,501.77,9.58,67.38,18.72,2891863,540.09,513.64,0.0489
South,Tamil Nadu,District_107,2000,1050.16,37.3,138.82,89.38,2370621,518.89,512.11,0.013
North,Haryana,District_82,2012,1187.04,42.12,295.95,320.24,413169,63.31,54.31,0.14
West,Gujarat,District_24,2003,858.06,18.02,307.87,325.88,2657969,295.33,257.74,0.1268
East,West Bengal,District_139,2005,1001.67,48.62,323.77,317.38,2493135,381.01,373.18,0.0205
South,Andhra Pradesh,District_37,2005,998.56,16.11,167.77,189.6,2387786,337.54,314.2,0.0689
West,Gujarat,District_23,2004,840.17,22.06,79.22,84.02,2452928,437.79,399.32,0.0877
South,Andhra Pradesh,District_105,2021,1451.42,25.66,262.36,289.64,63993,8.57,10.83,-0.2372
South,Tamil Nadu,District_16,2019,1054.54,7.92,171.79,174.16,769719,93.7,91.55,0.0228
East,Odisha,District_47,2000,869.94,39.87,81.32,95.99,3249111,657.33,675.05,-0.0269
West,Maharashtra,District_77,2012,1334.39,18.18,235.52,193.06,2400495,425.95,402.67,0.0545
East,West Bengal,District_82,2004,879.12,25.11,148.34,115.94,670423,140.71,145.13,-0.0312
East,Jharkhand,District_83,2008,554.07,36.23,212.02,224.2,2270691,457.78,479.75,-0.0479
South,Kerala,District_31,2001,1189.84,8.17,137.55,113.07,1963803,155.39,184.28,-0.1847
West,Rajasthan,District_62,2019,776.81,14.89,115.41,104.74,2498716,546.24,540.2,0.011
North,Uttarakhand,District_61,2015,1146.83,2.05,343.03,344.3,3122621,552.07,553.09,-0.0018
North,Haryana,District_130,2012,991.08,38.16,337.44,365.57,3473842,713.18,733.97,-0.0291
East,West Bengal,District_69,2001,1308.97,43.75,226.07,221.35,3227499,620.72,626.73,-0.0097
East,Odisha,District_119,2017,1313.33,23.03,196.42,204.12,1639937,242.27,228.76,0.0556
East,Jharkhand,District_17,2015,507.18,17.16,237.37,256.74,452455,90.19,109.72,-0.2142
North,Uttar Pradesh,District_105,2020,1261.68,33.85,284.91,264.43,1879776,296.81,322.23,-0.0853
South,Karnataka,District_5,2008,1134.4,39.98,148.58,104.59,2355457,448.94,466.7,-0.0395
Central,Chhattisgarh,District_26,2007,864.1,3.07,323.36,307.33,1327348,213.47,228.88,-0.0719
Central,Chhattisgarh,District_33,2009,859.81,45.76,62.9,30.3,1492110,188.13,170.28,0.0943
North,Uttarakhand,District_105,2014,503.73,34.96,76.96,73.47,1688298,87.6,107.47,-0.2242
East,Bihar,District_129,2006,977.28,9.77,215.22,172.2,2875959,447.71,472.19,-0.0545
Central,Madhya Pradesh,District_96,2017,1484.44,2.31,103.69,99.86,2532658,382.94,402.62,-0.0513
South,Tamil Nadu,District_63,2017,624.7,4.81,201.02,208.92,1381977,252.66,266.74,-0.0555
East,Jharkhand,District_143,2014,1212.09,37.44,335.03,363.93,140154,21.95,-0.69,0.9863
West,Maharashtra,District_1,2014,589.91,2.99,287.15,310.77,1844326,126.34,142.04,-0.1232
North,Himachal Pradesh,District_75,2020,1006.48,26.41,190.48,163.21,744438,160.34,170.01,-0.0599
South,Tamil Nadu,District_1,2001,1016.63,34.94,257.52,269.62,855210,120.8,98.29,0.1848
North,Punjab,District_70,2019,955.26,49.85,69.76,94.54,3457998,273.05,274.36,-0.0048
West,Gujarat,District_98,2011,392.49,8.87,202.58,206.66,929065,166.87,182.6,-0.0937
West,Rajasthan,District_150,2016,1265.48,9.33,160.83,157.85,1636467,279.18,305.49,-0.0939
South,Andhra Pradesh,District_12,2005,700.23,16.75,104.68,67.49,1581874,302.54,313.46,-0.036
Central,Chhattisgarh,District_145,2002,1363.52,45.55,244.66,239.57,3212996,302.59,262.56,0.1318
South,Andhra Pradesh,District_23,2012,611.7,24.71,222.89,188.19,325541,64.1,37.29,0.4119
East,West Bengal,District_36,2023,508.54,36.69,85.17,113.44,1143298,70.23,69.51,0.01
Central,Chhattisgarh,District_72,2013,542.6,3.99,180.08,149.31,772370,34.81,34.19,0.0173
West,Rajasthan,District_130,2010,863.07,29.97,264.74,229.95,813289,84.07,86.67,-0.0306
East,Odisha,District_67,2022,1538.85,23.75,133.35,98.51,663180,56.44,14.9,0.7232
East,Assam,District_70,2007,505.1,23.64,97.64,118.86,264336,25.43,35.49,-0.3811
East,Odisha,District_88,2006,918.06,24.37,214.85,225.47,28635,3.2,-29.44,7.7703
East,Assam,District_85,2000,921.61,20.74,63.27,65.08,1951249,411.36,370.79,0.0984
Central,Madhya Pradesh,District_1,2019,770.07,9.84,288.79,318.31,977388,143.72,135.1,0.0596
North,Punjab,District_2,2000,768.3,9.51,347.39,363.58,2294752,302.9,259.46,0.1429
South,Tamil Nadu,District_106,2017,813.55,46.74,314.29,312.75,3069054,201.22,174.84,0.1305
North,Punjab,District_101,2017,644.8,29.93,94.42,68.39,2655641,195.77,178.23,0.0891
East,Bihar,District_20,2017,1390.62,3.25,219.13,201.54,2157714,189.87,159.88,0.1571
North,Uttar Pradesh,District_114,2021,1192.04,2.47,62.95,44.08,604522,56.35,17.95,0.6696
East,West Bengal,District_91,2012,723.65,6.57,134.53,87.98,3421192,238.81,243.59,-0.0199
North,Himachal Pradesh,District_92,2012,1309.36,30.12,210.88,215.33,1321002,151.36,148.83,0.0166
South,Tamil Nadu,District_3,2003,931.06,41.1,297.59,263.73,2329570,156.32,178.43,-0.1405
East,Assam,District_95,2006,164.32,41.62,72.76,49.59,2288248,319.06,283.44,0.1113
East,Assam,District_3,2007,1291.75,13.14,108.47,77.7,780480,166.14,170.38,-0.0253
North,Uttar Pradesh,District_72,2021,1073.83,48.58,229.12,222.19,2295220,311.13,268.46,0.1367
South,Telangana,District_50,2002,907.72,45.47,177.25,188.81,1115815,94.49,56.26,0.4004
North,Himachal Pradesh,District_78,2022,1159.48,2.65,219.14,236.44,2325161,115.62,105.67,0.0853
South,Karnataka,District_60,2015,1039.09,28.5,229.87,235.67,852795,139.75,165.12,-0.1802
South,Telangana,District_10,2008,575.76,3.88,224.25,183.29,54875,8.93,-31.4,4.0625
North,Punjab,District_54,2000,708.21,9.15,273.65,271.12,855281,66.05,23.2,0.6392
West,Rajasthan,District_102,2003,673.52,2.89,241.56,230.15,53877,6.57,11.29,-0.6236
West,Gujarat,District_146,2016,1323,34.37,145.39,133.09,1227930,141.24,106.54,0.2439
North,Punjab,District_44,2017,974.15,15.61,325.42,318.39,2530296,440.62,422.16,0.0418
West,Rajasthan,District_145,2021,820.26,29.13,220.05,218.98,912004,37.2,28.18,0.236
North,Himachal Pradesh,District_145,2005,948.14,12.42,275.61,302.17,2162476,458.42,449.19,0.0201
East,Bihar,District_33,2023,506.15,22.73,313.2,264.79,1725281,98.3,88.65,0.0972
East,Bihar,District_33,2008,1180.84,15.98,342.06,303.49,675959,42.68,49.38,-0.1532
North,Uttarakhand,District_59,2016,1019.89,40.53,280.23,252.09,1152660,50.14,5.36,0.8757
West,Gujarat,District_50,2021,472.76,7.87,217.42,184.17,408983,47.61,72.21,-0.5059
North,Uttar Pradesh,District_137,2019,763.97,47.66,115.54,76.6,2335918,265.96,226.94,0.1462
West,Gujarat,District_144,2014,788.41,44.24,200.17,201.43,1400842,287.43,273.52,0.0482
North,Uttar Pradesh,District_110,2020,718.04,45.88,299.01,315.67,942613,156.69,147.81,0.0563
West,Maharashtra,District_83,2013,1360.89,25.83,147.13,104.76,2774708,364.3,376.85,-0.0344
East,Jharkhand,District_71,2003,1128.47,11.18,134.44,154.45,2122923,97.26,117.23,-0.2033
North,Haryana,District_120,2015,255.14,32.51,252.15,222.42,2243390,208.64,172.16,0.174
South,Telangana,District_133,2001,1234.22,13.86,110.83,72.88,157841,27.02,24.99,0.0727
South,Karnataka,District_13,2008,897.73,3.19,79.13,57.24,104567,10.96,13.39,-0.2037
East,Jharkhand,District_137,2014,925.51,10.7,348.26,367.15,3252813,550.35,513.25,0.0673
East,Odisha,District_2,2012,742.03,46.97,239.22,265,2713312,574.25,549.08,0.0438
West,Rajasthan,District_86,2002,1204.12,17.48,271.48,282.85,1597247,139.14,99.78,0.2808
North,Uttarakhand,District_7,2023,1124.7,10.62,322.42,327.41,1220943,233.13,210.89,0.095
South,Karnataka,District_109,2002,895.96,24.41,101.33,67.35,2003730,211.91,237.45,-0.12
South,Karnataka,District_51,2005,617.17,41.84,109.56,109.78,3216080,639.91,661.73,-0.034
East,Odisha,District_80,2002,687.84,48.64,102.66,71.35,2899817,417.15,441.15,-0.0574
East,West Bengal,District_8,2015,977.56,30.92,306.68,332.85,289518,53.19,17.49,0.6587
East,Jharkhand,District_7,2018,166.59,31.84,271.47,272.98,3174524,149.3,144.46,0.0322
East,Odisha,District_65,2007,1663.65,41.24,270.6,261.5,2913587,546.33,512.02,0.0627
East,West Bengal,District_122,2007,960.46,18.07,207.2,174.83,3356814,473,476.34,-0.0071
East,Odisha,District_14,2010,946.76,29.31,134.66,129.44,2170964,180.92,143.38,0.2063
North,Haryana,District_61,2002,977.6,12.56,147.09,101.38,1973191,119.72,139.32,-0.1624
North,Himachal Pradesh,District_113,2003,750.03,31.64,236.17,249.1,3409686,288.56,296.05,-0.0259
East,Assam,District_149,2003,736.91,23.45,333.1,331.35,2623244,327.04,324.79,0.0069
East,Bihar,District_16,2001,985.7,29.51,86.28,41.88,2772647,601.13,559.86,0.0685
South,Kerala,District_81,2022,857.68,43.8,124.04,90.71,2883997,210.61,195.35,0.0721
East,Bihar,District_33,2001,1224.83,4.71,236.68,222.36,1333146,257.38,213.83,0.1685
East,Assam,District_15,2009,804.85,4.35,302.9,293.73,674521,74.38,79.11,-0.0626
North,Himachal Pradesh,District_111,2002,951,27.13,312.3,341.6,2270396,442.88,413.4,0.0664
East,West Bengal,District_15,2017,599.14,4.23,64.56,56.4,1005890,75.36,41.85,0.4388
West,Maharashtra,District_76,2012,516.69,29.41,243.75,258.76,2320560,374.46,403.95,-0.0785
South,Kerala,District_25,2019,1226.91,30.36,183.17,166.45,2469290,219.15,244.14,-0.1135
East,Jharkhand,District_60,2019,1034.72,2.42,105.91,65.47,2661783,207.07,186.87,0.0971
North,Himachal Pradesh,District_3,2014,882.9,20.78,104.57,85.3,3096060,525.69,549.51,-0.0452
South,Kerala,District_119,2013,943.79,34.19,247.61,260.11,2738853,545.42,525.34,0.0367
North,Himachal Pradesh,District_26,2010,722.27,39.82,90.31,60.29,1921999,132.43,104.93,0.2061
North,Uttar Pradesh,District_117,2016,609.28,4.83,303.72,258.34,896373,70.22,73.21,-0.042
East,Odisha,District_50,2003,1579.3,34.1,220.72,222.62,1270358,104.18,126.34,-0.2108
East,West Bengal,District_4,2019,752.22,14.81,215.38,178.76,2076351,389.42,369.85,0.0501
East,Bihar,District_50,2018,566.49,48.21,248.96,255.2,57928,12.72,-19.05,2.3152
Central,Madhya Pradesh,District_131,2008,702.27,18.5,183.6,192.86,2218324,295.29,258.08,0.1256
South,Telangana,District_108,2015,1154.03,4.59,344.81,301.84,233371,41.88,15.46,0.6161
North,Himachal Pradesh,District_114,2005,791.94,45.26,149.1,141.86,3201004,545.69,545.58,0.0002
South,Karnataka,District_36,2001,1024.69,44.3,112.61,84.75,1312244,175.45,164.59,0.0615
West,Maharashtra,District_33,2009,891.12,17.91,110.82,79.34,2429118,527.7,536.04,-0.0158
North,Uttarakhand,District_112,2016,710.44,22.91,342.86,311.57,1696762,212.18,169.46,0.2004
South,Telangana,District_80,2018,1104.41,28.27,193.29,196.78,1425091,177.48,155.67,0.1222
Central,Chhattisgarh,District_38,2004,803.15,23.17,321.62,283.09,3425432,743.77,751.89,-0.0109
North,Punjab,District_80,2019,879.25,23.17,89.95,99.1,2079063,454.35,441.12,0.029
East,Odisha,District_75,2011,1252.38,10.64,117.78,73.79,3253544,312.15,301.37,0.0344
North,Uttar Pradesh,District_133,2018,488.36,45.19,286.62,313.12,2793223,411.45,368.09,0.1051
Central,Madhya Pradesh,District_15,2007,858.19,19.12,345.82,319.2,2975331,458.47,486.36,-0.0607
North,Haryana,District_144,2001,181.49,18.38,276.78,242.14,2632221,360.86,351.22,0.0266
East,Jharkhand,District_89,2006,493.77,35.75,133.18,90.3,792309,108.56,85.53,0.2102
West,Rajasthan,District_52,2002,782.51,22.11,254.07,274.34,316970,34.76,29.51,0.1468
East,Odisha,District_49,2021,1158.57,31.88,133.95,144.81,952116,117.83,81.32,0.3072
North,Punjab,District_120,2019,1389.91,9.73,90.06,119.85,2264763,92.96,61.95,0.33
East,Odisha,District_149,2018,1268.42,19.83,235.81,214.07,3003851,427.7,450.42,-0.053
East,Odisha,District_77,2013,647.6,30.56,349.61,304.05,3098224,492.73,459.19,0.0679
East,Odisha,District_42,2003,709.36,24.61,127.91,78.77,3196819,558.9,570.46,-0.0206
East,Assam,District_11,2015,1186.83,17.44,149.43,150.41,2733166,389.25,372.88,0.042
South,Karnataka,District_1,2020,957.49,27.35,300.01,312.24,2983020,564.09,559.21,0.0086
South,Karnataka,District_59,2014,749.35,16.19,284.71,246.36,2192900,197.68,208.17,-0.0528
North,Himachal Pradesh,District_55,2007,893.96,7.33,143.98,104.23,1675807,291.02,253.81,0.1274
North,Punjab,District_85,2023,1109.29,8.69,270.11,258.95,3412868,149.97,163.21,-0.0877
South,Kerala,District_53,2012,1130.3,8.4,326.22,328.59,318204,19.36,14.08,0.2595
South,Tamil Nadu,District_2,2011,959.47,10.75,233.17,207.72,2857565,537.68,542.08,-0.0082
North,Uttar Pradesh,District_19,2011,1085.75,47.98,183.19,133.8,700712,95.18,82.62,0.1306
North,Uttar Pradesh,District_143,2003,1257.04,46.28,241.91,260.27,3470079,333.76,292.09,0.1245
Central,Madhya Pradesh,District_75,2014,538.3,26.64,69.79,58.51,2241086,435.66,416.14,0.0447
West,Rajasthan,District_150,2011,814.7,37.28,81.08,107.76,888174,35.72,2.52,0.9041
West,Maharashtra,District_8,2006,16.88,13.46,189.72,143.69,2235945,161.5,173.35,-0.073
West,Rajasthan,District_73,2005,1039.7,28.49,329.79,313.88,1382582,258.84,284.73,-0.0997
South,Karnataka,District_68,2023,746.78,37.1,328.96,298.96,2416316,464,422.3,0.0897
South,Tamil Nadu,District_87,2017,1401.14,47.27,89.12,43.54,1365162,66.62,28.91,0.5576
South,Karnataka,District_46,2006,393.66,36.39,316.91,346.89,1527618,192.04,153,0.2023
North,Uttar Pradesh,District_46,2008,860.94,18.05,125.69,116.08,1056597,203.44,225.33,-0.1071
East,West Bengal,District_6,2021,1055.37,18.65,260.18,290.18,689451,44.72,46.79,-0.0453
Central,Madhya Pradesh,District_98,2020,1081.05,46.38,169.92,195.07,124538,18.65,-19.43,1.9381
East,West Bengal,District_87,2006,561.39,45.85,257.67,231.73,574152,79.52,60.06,0.2417
South,Andhra Pradesh,District_117,2007,984.77,48.17,182.36,151.16,1345604,287.87,283.78,0.0142
South,Telangana,District_96,2021,590.97,31.18,341.29,292.28,3271716,188.43,171.53,0.0892
South,Tamil Nadu,District_135,2019,1120.21,22.26,137.17,131.91,1690042,125.74,124.2,0.0122
East,Jharkhand,District_17,2003,1382.23,16.01,326.98,283.77,2018564,190.5,176.85,0.0713
Central,Madhya Pradesh,District_34,2006,1316.12,47.44,317.52,285.98,1658667,138.47,105.58,0.2358
West,Rajasthan,District_137,2012,1011.18,23.07,195.72,189.35,2317494,95.42,89.64,0.0599
South,Telangana,District_82,2019,564.52,40.11,242.71,234.79,490710,63.8,21.7,0.6497
East,Jharkhand,District_63,2001,975.11,17.95,69.17,64.53,3427078,368.09,355.68,0.0336
North,Himachal Pradesh,District_49,2017,20.58,40.27,187.05,140.25,1343752,286.37,295.04,-0.0302
South,Andhra Pradesh,District_39,2010,1020.02,35.64,181.17,188.83,992154,134.12,104.33,0.2204
South,Karnataka,District_14,2020,1319.96,48.48,76.04,58.7,2654108,332.63,320.87,0.0352
West,Gujarat,District_33,2016,1079.67,20.74,80.66,64.6,2116778,356.77,354.58,0.0061
North,Uttarakhand,District_126,2006,788.73,36.93,101.68,118.68,3119279,494.55,487.94,0.0133
East,Bihar,District_121,2021,1105.87,14.61,158.73,173.53,2253997,175.41,184.1,-0.0493
North,Himachal Pradesh,District_17,2005,685.58,46.18,183.87,166.91,1154067,124.78,138.03,-0.1054
North,Haryana,District_100,2020,1217.54,15.19,288.81,250.45,3250066,506.44,467.32,0.0771
North,Haryana,District_96,2015,1170.91,16.4,227.95,182.73,2474082,486.77,492.29,-0.0113
North,Haryana,District_119,2005,523.43,42.72,157.99,116.61,3142587,365.03,387.2,-0.0606
East,Odisha,District_96,2016,300.04,18.82,106.95,110.64,1560152,107.53,102.01,0.0509
North,Punjab,District_127,2015,742.89,44.14,287.99,249.39,1956305,188.49,215.96,-0.1449
West,Gujarat,District_149,2012,466.46,40.91,97.38,69.64,1234990,119.59,85.27,0.2846
North,Uttarakhand,District_10,2006,965.57,25.92,266.72,248.02,1202847,143.9,113.71,0.2084
South,Karnataka,District_52,2014,1136.65,46.5,342.56,300.69,111729,7.18,-23.94,3.8045
South,Karnataka,District_102,2006,1299.41,24.2,119.13,147.21,2353701,128.69,141.24,-0.0968
South,Andhra Pradesh,District_109,2012,1024.52,48.19,205.2,203.37,431918,27.53,-13.34,1.4324
North,Uttarakhand,District_41,2011,799.26,16.63,311.24,308.43,101170,15.71,-23.25,2.3314
West,Gujarat,District_141,2002,651.32,26.42,146.41,163.68,295202,31.56,17.31,0.4374
Central,Madhya Pradesh,District_22,2009,771.35,28.7,140.08,120.69,2932068,495.46,453.41,0.0847
East,Assam,District_133,2011,962.21,9.92,349.24,347.87,2351027,113.52,122.07,-0.0746
South,Karnataka,District_150,2001,586.98,7.6,167.34,172.72,1830081,208.01,226.39,-0.0879
East,Assam,District_132,2019,1019,27.72,149.21,140.07,47400,3.58,-3.63,1.5751
East,Odisha,District_110,2014,861.63,9.86,329.7,333.4,572235,118.76,112.86,0.0492
East,Assam,District_111,2013,1426.15,18.34,275.11,234.96,2576431,219.6,179.76,0.1806
South,Telangana,District_128,2010,544.04,5.81,172.97,171.82,2012992,319.12,340.43,-0.0666
West,Gujarat,District_98,2000,828.9,20.59,241.27,248,3318844,144.96,136.03,0.0612
South,Tamil Nadu,District_114,2007,510.8,47.79,197.95,167.96,735143,71.02,90.69,-0.273
West,Gujarat,District_20,2011,282.63,37.63,315.16,269.63,123336,6.12,21.36,-2.1397
East,Bihar,District_76,2016,1079.08,14.07,143.87,144.48,666288,68.73,41.06,0.3968
North,Haryana,District_140,2020,1374.93,43.44,165.8,153.75,945135,124.3,104.82,0.1554
East,Bihar,District_71,2007,720.28,10.06,119.1,85.37,2242712,160.81,129.51,0.1935
East,West Bengal,District_31,2002,1040.39,15.28,327.5,300.77,493061,100.55,76.9,0.2329
South,Telangana,District_10,2017,1530.53,31.56,163.85,159.95,1135388,249.69,236.18,0.0539
West,Rajasthan,District_86,2006,826.84,6.42,210.54,236.54,2446446,145.03,117.83,0.1863
East,Odisha,District_65,2009,977.95,9.74,64.41,38.35,1453782,120.36,94.06,0.2167
West,Gujarat,District_49,2022,1211.45,44.17,252.12,255.91,1220852,168.66,152.51,0.0952
North,Himachal Pradesh,District_36,2022,415.16,49.86,257.44,254.76,1159557,198.7,194.8,0.0195
Central,Chhattisgarh,District_67,2000,1072.71,16.97,308.21,292.79,3257493,613.65,589.48,0.0393
South,Andhra Pradesh,District_73,2011,807.93,7.5,304.31,294.46,1831376,299.9,274.61,0.0841
South,Kerala,District_104,2018,1189.74,17.61,263.37,241.67,2760712,531.29,540.19,-0.0167
North,Uttar Pradesh,District_121,2020,884.38,37.11,170.6,172.83,2331198,430.33,430.77,-0.001
North,Haryana,District_39,2012,1308.83,24.01,247.46,216.51,2791947,173.36,164.81,0.0491
South,Karnataka,District_59,2023,762.06,33.32,119.42,111.78,2594262,236.18,212.41,0.1002
West,Rajasthan,District_122,2007,1371.51,32.47,83.6,104.43,1238411,215.33,182.86,0.1501
North,Haryana,District_142,2014,1133.01,26.07,138.21,137.01,748456,120.2,147.12,-0.2221
East,Assam,District_88,2002,857.08,20.69,247.5,254.84,416272,73.5,98.96,-0.3417
East,Odisha,District_49,2013,975.05,43.73,86.96,44.26,1527624,231.21,256.06,-0.107
East,Jharkhand,District_54,2014,824.77,20.27,190.71,172.72,1602424,197.21,155.24,0.2118
East,Assam,District_143,2000,788.95,36.24,81.62,72.99,2826816,562.84,552.05,0.0191
South,Telangana,District_36,2018,797.73,3.93,326.77,317.63,1840726,121.93,124.63,-0.022
Central,Madhya Pradesh,District_79,2023,1218.29,41.04,117.29,144.44,343499,40.95,57.81,-0.402
North,Uttar Pradesh,District_128,2021,1137.75,48.48,121.81,136.54,2474817,186.84,171.35,0.0824
South,Telangana,District_87,2007,733.87,40.29,120.49,111.16,174506,22.51,21.64,0.0372
East,Jharkhand,District_109,2021,1008.58,44.74,62.68,14.58,1601245,122.68,131.22,-0.069
South,Kerala,District_138,2009,620.22,12.74,273.5,249.31,1777753,239.6,210.26,0.1219
East,Odisha,District_6,2018,829.47,5.9,318.02,301.76,1858217,223.73,203.79,0.0887
West,Maharashtra,District_36,2004,754.03,7.16,185.58,198.41,1903840,415.78,402.72,0.0313
East,Odisha,District_146,2020,1123.84,35.29,256.6,220.94,3318798,431.24,438.24,-0.0162
North,Himachal Pradesh,District_147,2012,1315.67,2.93,141.92,167.66,3196223,465.97,480.82,-0.0318
South,Kerala,District_53,2012,1709.38,48.54,184.04,168.75,1958584,238.09,251.4,-0.0557
East,Bihar,District_137,2012,1021.59,13.29,110.86,85.17,1778791,140.95,113.03,0.1967
West,Rajasthan,District_122,2003,971.73,12.92,318.21,279.29,396230,70.86,56.69,0.1972
East,Odisha,District_146,2014,961.56,33.36,341.44,325.03,1189806,221.73,226.43,-0.0211
South,Andhra Pradesh,District_24,2005,868.37,48.27,66.36,34.87,3078758,292.48,319.08,-0.0906
East,West Bengal,District_142,2005,505.51,48.09,259.22,211.29,1157834,111.4,124.25,-0.1144
West,Maharashtra,District_126,2000,1022.49,22.67,256.54,271.56,2869820,357.81,378.02,-0.0563
South,Tamil Nadu,District_51,2002,1173.83,49.66,242.35,208.34,3063237,561.6,523.75,0.0673
South,Kerala,District_73,2006,1225.7,34.4,144.14,104.56,2196009,363.98,327.47,0.1
South,Karnataka,District_75,2021,1112.19,20.9,94.44,63.37,636062,37.98,49.42,-0.2933
North,Haryana,District_18,2014,622.88,44.36,164.65,145,1911118,345.39,361.68,-0.047
West,Maharashtra,District_95,2016,763.55,19.51,345.04,308.25,850671,88.67,96.54,-0.0878
North,Uttar Pradesh,District_44,2010,384.49,38.34,126.87,109.92,1132350,138.33,160.27,-0.1575
East,Jharkhand,District_101,2005,713.81,37.97,81.16,58.4,845355,49.49,37.33,0.2408
East,West Bengal,District_34,2017,468.01,30.48,304.61,301.19,694258,104.1,88.25,0.1508
East,Jharkhand,District_123,2023,661.26,35.62,325.71,354.84,1448487,114.94,110.75,0.0362
East,Bihar,District_100,2006,1238.42,42.91,298.93,257.58,1838899,290.81,291.53,-0.0024
Central,Madhya Pradesh,District_53,2009,653.84,37.67,205.42,170.29,450033,88.71,79.33,0.1045
East,Jharkhand,District_122,2005,362.79,28.19,141.46,134.43,2376471,329.31,292.88,0.1103
North,Himachal Pradesh,District_148,2009,1022.52,38.22,71.12,98.95,1481811,136.53,107.07,0.2142
North,Uttarakhand,District_52,2016,1393.45,30.96,261.5,261.51,3238396,292.06,297.93,-0.02
East,Assam,District_71,2006,1250.86,24.74,210.13,192.77,1118660,197.82,203.43,-0.0282
North,Uttar Pradesh,District_37,2014,609.52,23.14,139.56,135.67,2619578,297.82,310.48,-0.0424
East,Bihar,District_103,2019,899.28,49.81,202.04,214.46,2662662,469.88,448.45,0.0455
South,Karnataka,District_135,2010,1015.12,7.27,341.05,353.18,2862303,413.23,368.48,0.108
North,Uttarakhand,District_126,2014,1154.49,29.91,343.01,306.78,2069040,88.87,112.69,-0.2651
East,Assam,District_148,2001,698,14.37,220.66,189.24,2205372,313.31,313.51,-0.0007
East,Bihar,District_74,2020,867.28,16.36,242.51,217.14,155631,32.57,44.54,-0.3564
East,Assam,District_89,2022,1201.55,6.56,80.09,69.72,487124,35.59,48.42,-0.3506
South,Andhra Pradesh,District_101,2019,1037.85,25.94,291.23,316.33,987473,172.09,192.03,-0.1152
South,Tamil Nadu,District_107,2007,604.35,17.07,94.38,87.99,1073566,99.46,90.33,0.0909
South,Tamil Nadu,District_111,2014,268.68,36.44,233.89,223.23,1807892,213.79,239.32,-0.1188
South,Kerala,District_47,2022,947.36,24.66,209.86,171.49,2531306,137.39,151.7,-0.1034
North,Uttarakhand,District_25,2012,700.6,23.93,345.45,334.28,2897939,155.59,142.65,0.0826
West,Maharashtra,District_62,2005,802.22,41.33,282.29,300.2,2889341,204.77,208.76,-0.0194
West,Gujarat,District_138,2009,1040.56,21.41,202.09,203.68,161628,25.87,29.33,-0.1286
East,Bihar,District_56,2015,422.08,29.55,171.52,177.22,1929372,165.66,163.61,0.0123
East,Jharkhand,District_142,2003,870.88,11.46,106.36,98.52,1235921,271.28,242.23,0.1067
South,Telangana,District_20,2003,1156.9,44.1,276.87,235.24,537582,25.83,25.02,0.03
North,Haryana,District_84,2013,666.94,20.18,255.11,256.18,1305983,191.6,177.56,0.0729
East,Assam,District_43,2008,781.96,27.42,93.93,106.45,1141975,91.31,80.15,0.1209
West,Rajasthan,District_130,2001,671.51,6.55,172.65,155.64,174765,37.82,56.85,-0.4902
East,Assam,District_7,2002,662.24,16.2,64.6,31.65,2482105,362.36,389.42,-0.0745
East,Assam,District_98,2010,969.09,36.8,288.97,311.83,979191,153.72,144.97,0.0566
South,Kerala,District_50,2012,1406.29,10.76,290.72,240.93,2249487,130.04,110.24,0.1511
West,Maharashtra,District_3,2008,742.31,22.12,317.25,327.64,1239981,123.06,95.22,0.2244
East,West Bengal,District_35,2010,1560.77,45.99,306.44,272.62,1998519,262.56,244.29,0.0693
East,Assam,District_125,2014,1074.57,17.99,212.94,236.9,2858596,569.12,535.98,0.0581
East,Bihar,District_22,2017,885.5,47.4,215.84,245.29,1355959,121.97,105.09,0.1373
South,Karnataka,District_113,2004,1331.89,17.07,263.36,218.81,15570,2.61,7.97,-1.486
North,Punjab,District_72,2005,898.39,6.92,136.81,156.32,3394973,394.3,373.78,0.0519
South,Tamil Nadu,District_5,2019,381.56,37.69,118.86,132.71,644104,73.77,79.41,-0.0754
East,West Bengal,District_46,2009,704.51,42.62,322.56,316.41,1191967,143.64,166.45,-0.1577
East,West Bengal,District_137,2023,935.96,23.68,308.81,292.83,2480638,340.87,333.13,0.0226
South,Kerala,District_44,2002,847.08,15.95,148.51,114.78,3395404,226.33,242.24,-0.07
North,Uttar Pradesh,District_70,2004,945.47,44.82,188.62,170.81,3245794,659.62,677.66,-0.0273
East,Assam,District_92,2005,1078.63,35.11,232.22,202.33,915440,124.88,80.46,0.3528
West,Rajasthan,District_9,2021,935.2,27.47,79.98,59.27,3114342,339.81,320.48,0.0567
Central,Chhattisgarh,District_56,2014,644.76,6.48,273.33,299.9,704844,52.97,70.79,-0.3303
West,Maharashtra,District_134,2020,890.01,13.41,88.05,53.94,3274470,283.91,250.21,0.1183
East,West Bengal,District_100,2022,492.53,11.35,179.87,165.21,117116,6.87,23.09,-2.0626
South,Andhra Pradesh,District_114,2001,1206.98,10.34,91.8,80.53,458318,30.37,13.19,0.5476
North,Himachal Pradesh,District_2,2001,745.42,23.62,109,112.89,1356640,63.33,44.46,0.2933
South,Kerala,District_52,2007,1293.19,29.43,305.56,285.81,1248899,206.37,181.7,0.119
South,Telangana,District_62,2006,574.69,33.27,87.33,61.7,759227,96.79,81.81,0.1533
East,Bihar,District_5,2013,894.64,7.53,200.76,222.01,1617356,290.48,311.14,-0.0709
North,Uttar Pradesh,District_4,2010,1096.54,33.38,145.76,114.94,614479,133.03,162.78,-0.222
West,Rajasthan,District_17,2007,935.51,47.88,348.33,332.94,2145047,148.76,121.47,0.1822
East,West Bengal,District_43,2023,612.59,30.41,219.14,211.88,2270947,121.05,120.52,0.0044
South,Tamil Nadu,District_12,2013,1215.47,21.69,258.53,240.34,241707,19.51,30.42,-0.5322
North,Haryana,District_28,2010,720.04,8.48,233.07,240.6,2963706,154.9,162.24,-0.0471
East,Odisha,District_144,2020,711.98,10.12,203.9,180.84,1276049,133.88,122.22,0.0865
West,Rajasthan,District_54,2017,384.38,43.63,181.38,179.49,1887026,374.86,395,-0.0536
South,Kerala,District_110,2003,818.51,21.58,153.91,137.06,3164415,627.15,627.35,-0.0003
South,Karnataka,District_55,2003,963.64,13.81,125.59,87.57,698933,70.25,36.69,0.471
South,Telangana,District_83,2005,1101.77,33.15,160.86,167.35,2787538,236.39,201.54,0.1468
North,Uttar Pradesh,District_103,2020,260.18,13.99,84.49,48.87,331882,70.73,56.5,0.1984
East,Odisha,District_4,2012,568.24,21.43,216.22,178.73,2743166,404.37,380.59,0.0587
West,Rajasthan,District_118,2007,1032.64,48.94,294.08,301.98,2569734,213.07,202,0.0517
East,Bihar,District_72,2020,834.6,8.38,171.1,124.74,3161335,270.06,295.67,-0.0945
North,Himachal Pradesh,District_95,2001,1232.76,21.26,297.76,317.64,1570890,63.86,85.63,-0.3357
East,Bihar,District_56,2013,715.4,42.6,310.58,280.13,1269696,99.28,82.68,0.1655
South,Andhra Pradesh,District_128,2003,833.88,22.13,206.21,160.09,1361853,77.68,85.42,-0.0985
Central,Chhattisgarh,District_146,2005,865.04,47.07,347.51,335.37,2986251,544.51,562.56,-0.0331
West,Gujarat,District_25,2019,1110.43,14.1,287.62,282.92,1587239,65.86,86.12,-0.3031
East,Odisha,District_100,2021,1016.96,11.34,165.93,176.51,2173472,366.16,346.47,0.0536
Central,Madhya Pradesh,District_86,2005,538.64,2.3,101.22,113.36,2039936,364.94,339.51,0.0695
East,Odisha,District_124,2002,832.43,18.48,167.08,169.54,1882158,328.57,358.22,-0.09
East,Odisha,District_5,2019,751.09,16.23,240.86,261.24,362493,68.55,64.6,0.0568
North,Uttarakhand,District_115,2012,974.5,44.88,74,89.11,1066097,174.8,194.29,-0.1109
North,Haryana,District_60,2016,981.9,19.2,322.61,307.24,877735,107.37,89.63,0.1637
North,Uttarakhand,District_4,2007,758.28,43.82,68.47,55.85,3141670,434.58,459.95,-0.0582
North,Uttar Pradesh,District_32,2009,506.51,44.28,101.22,77.31,2499397,159.67,177.87,-0.1133
South,Karnataka,District_110,2007,1103,32.77,329.33,291.93,1057576,157.91,141.74,0.1018
North,Himachal Pradesh,District_21,2001,1010.16,39.88,335.24,335.1,1456640,115.52,96.96,0.1593
Central,Madhya Pradesh,District_96,2015,1066.53,4.24,289.15,301.19,854843,39.04,36.54,0.0626
South,Andhra Pradesh,District_52,2004,1236.75,35.81,191.79,185,285298,24.48,-1.92,1.036
South,Kerala,District_53,2020,808.49,33.49,300.23,266.9,40391,5.03,-19.82,4.1214
West,Maharashtra,District_61,2023,595.5,23.96,74.91,49.71,3154870,666.56,690.86,-0.0364
North,Himachal Pradesh,District_114,2023,1491.25,36.11,246.72,215.12,429809,36.54,66.19,-0.7895
East,Odisha,District_35,2008,1046.37,21.04,200.68,171.26,962955,94.24,77.13,0.1797
East,Odisha,District_11,2016,736.58,11.27,341.59,327.63,2164915,414.22,414.58,-0.0009
East,Jharkhand,District_74,2000,789.54,45.16,135.6,134.14,293963,37.18,58.22,-0.5513
South,Karnataka,District_85,2010,1209.49,4.34,152.69,151.09,72529,13.1,9.36,0.2653
South,Karnataka,District_53,2017,1367.13,27.54,184.4,158.16,1504875,197.63,191.56,0.0305
West,Maharashtra,District_64,2021,612.6,47.08,151.66,117.61,2176522,450.93,455.09,-0.0092
South,Karnataka,District_98,2016,757.85,27.15,100.16,54.52,525407,80.29,52.37,0.3435
East,Odisha,District_47,2014,1160.16,39.37,301.04,306.01,1486481,140.87,115.44,0.1792
North,Uttar Pradesh,District_17,2015,653.24,24.22,233.29,230.02,2391116,172.27,196.45,-0.1396
East,Bihar,District_50,2001,1193.54,3,79.21,72.61,1801932,106.78,79.67,0.2515
Central,Madhya Pradesh,District_53,2004,999.41,46.07,123.21,79.15,271039,36.7,40.93,-0.1122
East,Bihar,District_45,2018,771.76,7,101.27,131.11,3440905,495.18,463.72,0.0634
Central,Chhattisgarh,District_53,2007,861.85,11.28,83.45,55.09,1519139,221.03,227.11,-0.0274
North,Haryana,District_21,2013,242.54,32.75,201.27,230.9,1160772,254.15,259.62,-0.0214
East,Assam,District_80,2005,898.4,46.25,115.11,130.08,3447480,169.3,139.22,0.1766
West,Rajasthan,District_63,2013,1401.69,10.38,246.28,228.76,3358386,358.04,327.75,0.0844
South,Tamil Nadu,District_64,2009,747.92,17.38,192.9,165.19,3167606,366.34,391.99,-0.0698
South,Andhra Pradesh,District_148,2014,798.17,31.06,205.5,211.62,260828,22.26,50.59,-1.2179
West,Rajasthan,District_70,2015,773.77,8.52,251.14,202.92,590593,37.75,32.25,0.1419
East,Bihar,District_93,2012,1183.49,16.22,222.59,193.11,924102,182.21,173.88,0.0455
South,Kerala,District_43,2015,871.91,4.8,223.38,189.58,1390504,191.6,147.4,0.2295
East,Assam,District_109,2016,783.48,31.36,124.87,103.74,3491334,746.65,758.61,-0.016
North,Himachal Pradesh,District_111,2004,804.09,45.28,228.35,248.49,2229061,354.88,329.27,0.072
North,Punjab,District_6,2012,645.65,39.93,83.06,111.46,560219,71.4,53.42,0.2483
East,Jharkhand,District_22,2009,966.14,2.14,133.43,141.14,3105541,464.17,477.24,-0.0281
North,Himachal Pradesh,District_138,2004,1182.86,23.8,313.96,275.57,565903,71.13,52.6,0.2569
Central,Chhattisgarh,District_45,2008,1080.44,4.67,267.93,289.94,2737456,473.56,462.45,0.0234
South,Kerala,District_119,2009,935.45,5.21,64.15,22.98,2842376,323.54,342.63,-0.0588
East,Assam,District_73,2012,650.01,35.1,97.58,112.33,1374330,258.65,224.46,0.1317
Central,Chhattisgarh,District_124,2002,938.95,40.82,97.18,119.22,2315993,496.71,455.03,0.0837
East,Odisha,District_35,2022,634.72,21.8,297.98,284.52,174508,23.27,20.28,0.1233
North,Punjab,District_51,2004,1362.93,39.19,248.2,262.29,2758003,226.09,232.4,-0.0278
West,Rajasthan,District_2,2000,1039.64,29.82,165.79,150.93,121017,10.69,35.85,-2.1518
North,Haryana,District_96,2015,885.58,18.55,119.15,137.42,3440995,587.99,616.85,-0.049
South,Kerala,District_107,2012,523.31,12.88,341.83,307.14,1705486,149.95,159.43,-0.0628
South,Telangana,District_99,2015,669.06,5.96,304.18,324.46,278735,46.81,65.18,-0.3843
South,Andhra Pradesh,District_19,2013,265.1,27.92,83.38,52.03,2855290,158.5,124.85,0.2109
West,Maharashtra,District_32,2012,1125.65,46,326.95,350.72,1737813,292.39,290.96,0.0049
North,Uttarakhand,District_42,2006,925.17,47.52,340.89,296.08,2962145,564.91,536.1,0.0509
East,Jharkhand,District_66,2023,711.96,21.84,202.47,219.08,1396313,94.72,88.12,0.069
South,Telangana,District_131,2022,468.13,24.96,320.63,350.48,1871643,298.27,268.47,0.0996
North,Punjab,District_95,2022,1207.74,9.05,159.16,116.42,768145,53.89,22.28,0.5759
West,Maharashtra,District_99,2013,517.45,18.07,264.72,238.73,2319080,327.18,326.01,0.0036
South,Karnataka,District_63,2015,862.88,39.95,293.42,252.03,2959008,244.25,250.38,-0.025
West,Maharashtra,District_93,2020,694.21,35.72,274.1,251.49,2595797,458.26,483.43,-0.0548
North,Uttar Pradesh,District_38,2008,1392.98,8.4,154.49,179.32,2614951,561.59,529.56,0.0569
North,Himachal Pradesh,District_117,2021,664.68,48.78,305.23,266.81,138505,25.89,-1.76,1.0282
Central,Madhya Pradesh,District_66,2007,676.66,14.59,193.09,201.81,1647826,355.65,330.99,0.0692
North,Himachal Pradesh,District_149,2021,972.99,17.77,262.37,226.94,1066687,175.52,195.41,-0.1127
South,Tamil Nadu,District_4,2003,1126.85,3.34,137.59,156.99,1825103,296.28,321.95,-0.0863
East,Bihar,District_99,2012,921.96,5.37,312.19,305.69,276882,54.81,45.46,0.1675
North,Uttarakhand,District_21,2016,1166.36,16.89,83.03,77.43,2194254,207.8,177.95,0.143
West,Rajasthan,District_109,2005,808.21,48.61,303.7,260.97,1503762,179.38,182.61,-0.0179
East,Jharkhand,District_65,2022,1122.3,38.43,297.81,253.97,1186114,58.52,59.84,-0.0222
South,Andhra Pradesh,District_129,2017,1270.65,20.9,349.69,355.7,622460,78.32,49.52,0.363
South,Kerala,District_79,2023,939.9,39.25,79.48,93.08,2896615,341.26,316.7,0.0718
East,Jharkhand,District_23,2003,973.89,25.58,79.42,38.2,2226352,288.99,303.13,-0.0488
North,Uttarakhand,District_89,2004,909.39,30.12,129.58,112.59,2235514,347.75,334.89,0.0369
West,Gujarat,District_54,2023,535.16,27.18,246.96,233.95,2134465,311.33,309.39,0.0062
South,Kerala,District_79,2000,1216.76,2.1,340.74,352.17,472765,24.94,30.19,-0.2026
South,Tamil Nadu,District_126,2000,510.1,32.72,212.81,199.41,1594441,313.38,292.96,0.065
East,West Bengal,District_18,2022,1012.67,44.89,185.85,169.98,3117305,227.73,227.68,0.0002
East,Jharkhand,District_135,2013,866.25,5.28,233.45,186.43,49699,3.46,17.77,-3.207
South,Andhra Pradesh,District_111,2005,941.3,13.09,176.84,176.99,253461,27.03,29.37,-0.0831
South,Tamil Nadu,District_96,2005,1500.89,40.75,292.28,258.54,2719366,581.94,582.67,-0.0013
Central,Madhya Pradesh,District_51,2015,572.26,14.78,226.51,178.16,53009,8.37,-24.98,3.559
South,Tamil Nadu,District_129,2003,1188.89,14.16,141.28,100.47,788056,105.01,127.81,-0.2151
East,Assam,District_146,2006,1469.09,6.2,203.64,159.17,515704,68.23,56.87,0.1641
South,Tamil Nadu,District_52,2001,599.94,21.89,102.83,108.56,2415205,444.93,433.99,0.0245
South,Tamil Nadu,District_50,2008,871.67,12.51,113.69,74.89,2054746,184.34,149.14,0.1899
East,Jharkhand,District_113,2020,370.67,8.96,203.68,157.46,71898,6.32,34.78,-3.8866
North,Himachal Pradesh,District_28,2020,733.47,3.63,153.18,145.22,2064255,422.68,437.29,-0.0345
South,Tamil Nadu,District_21,2009,748.84,24.13,193.72,158.86,1548808,307.07,303.54,0.0115
East,Bihar,District_97,2003,860.06,10.53,219.22,202.2,3123173,379.95,362.52,0.0458
West,Gujarat,District_17,2010,1088.79,27.88,103.68,96.78,898372,189.68,192.19,-0.0132
North,Uttar Pradesh,District_150,2007,909.42,13.64,115.58,134.25,3384100,637.83,623.63,0.0222
North,Punjab,District_125,2021,1006.94,39.61,96.46,75.32,1414992,86.91,81.43,0.0624
East,West Bengal,District_3,2001,1062.55,10.7,193.03,175.99,1600778,182.26,211.44,-0.1592
West,Gujarat,District_2,2021,811.83,40.06,178.45,154.8,2481590,278.88,306.68,-0.0993
North,Uttarakhand,District_11,2003,1182.9,26.81,127.19,156.03,349794,74.13,83.98,-0.1312
West,Rajasthan,District_134,2000,995.44,20.01,277.42,288.78,3133291,366.25,374.75,-0.0231
South,Kerala,District_134,2008,1201.74,4.04,343.59,294.13,724244,52.94,26.58,0.4888
North,Punjab,District_122,2010,881.28,38.52,269.57,259.09,147895,7.44,-16.44,2.8294
North,Himachal Pradesh,District_110,2010,564,28.15,342.39,316.78,2316714,498.06,520.81,-0.0456
South,Telangana,District_88,2010,756.86,26.56,222.46,241.4,2397393,225.8,185.22,0.1789
South,Karnataka,District_93,2021,1001.39,48.26,102.19,54.23,3287926,167.02,142.04,0.1487
South,Kerala,District_97,2019,848,31.63,342.06,315.08,2352727,388.19,345.57,0.1095
West,Maharashtra,District_92,2010,710.8,16.54,88.31,66.76,342467,32.3,39.21,-0.2077
East,West Bengal,District_1,2014,1094.35,2.2,162.71,183.42,117591,6.27,9.06,-0.3831
South,Kerala,District_36,2000,1148.57,17.57,169.98,137.35,734801,79.14,99.57,-0.2549
North,Himachal Pradesh,District_32,2016,842.25,38.76,329.09,283.09,3406429,448.15,457.33,-0.0204
West,Gujarat,District_64,2011,616.14,8.96,113.5,138.45,3260060,441.92,399.81,0.0951
East,Assam,District_122,2016,697.42,47.03,261.77,265.8,1239214,162.52,187.48,-0.1527
East,Jharkhand,District_49,2000,780.15,4.09,149.7,174.9,2918563,597.04,624.84,-0.0465
East,Odisha,District_5,2020,674.95,40.48,173.25,143.66,1235353,240.5,241.47,-0.004
South,Telangana,District_12,2023,801.24,11.46,155.6,136.85,1085372,174.88,187.11,-0.0695
East,Odisha,District_114,2007,1132.05,35.65,160.76,154.29,564546,78.81,46.97,0.3989
North,Himachal Pradesh,District_125,2012,1258.34,42.58,298.07,276.04,2367114,287.45,305.64,-0.063
North,Himachal Pradesh,District_21,2011,712.57,27.59,107.79,103.43,2202842,170.29,173.18,-0.0169
East,Jharkhand,District_122,2021,1063.4,48.05,283.18,234.77,1768040,352.45,376.49,-0.068
East,West Bengal,District_99,2009,896.2,22.45,214.89,234.97,173393,25.03,44.1,-0.7327
North,Himachal Pradesh,District_50,2022,609.32,20.74,209.64,199.09,2666838,390.15,365.09,0.0641
Central,Madhya Pradesh,District_134,2018,702.01,38.58,147.48,172.06,2205867,408.07,409.68,-0.0039
North,Haryana,District_9,2004,1042.47,38.81,69.92,33.73,302321,46,65.68,-0.4189
North,Punjab,District_23,2009,991.65,17.31,168.48,173.32,695766,85.55,112.07,-0.3064
Central,Chhattisgarh,District_120,2005,1095.56,16.86,258.76,223.01,2236800,252.57,229.38,0.0914
East,Assam,District_30,2015,436.87,48.65,106.94,131.93,2205406,206.8,213.92,-0.0343
Central,Chhattisgarh,District_62,2007,1025.48,17.83,231.85,250.74,138438,10.19,26.36,-1.4443
West,Rajasthan,District_44,2021,1017.81,27.08,255.21,279.17,858542,62.09,76.08,-0.2217
East,Bihar,District_28,2013,598.06,39.97,146.77,165.97,2968475,565.71,567.79,-0.0037
North,Uttar Pradesh,District_42,2010,1035.15,23.86,262.63,287.2,1610486,150.14,178.87,-0.1901
South,Kerala,District_72,2007,779.37,11.48,234.7,228.8,1813718,295.52,296.68,-0.0039
West,Gujarat,District_122,2021,547.76,43.72,107.07,66.36,2097929,200,201.87,-0.0093
East,West Bengal,District_35,2017,857.91,28.71,303.99,317.44,2025029,409.09,417.6,-0.0207
North,Punjab,District_24,2022,1397.05,44.86,278.65,234.19,3045092,500.6,460.74,0.0795
East,Odisha,District_58,2018,678.16,27.24,210.5,194.5,490431,20.27,12.66,0.3576
North,Himachal Pradesh,District_17,2020,784.63,9.74,339.99,353.69,2716652,195.13,184.27,0.0553
East,Odisha,District_97,2022,478.79,36.17,272.55,300.87,1088256,206.53,201.84,0.0226
South,Kerala,District_144,2013,982.26,22.86,262.65,235.45,1062328,61.57,30.28,0.5001
South,Karnataka,District_58,2008,829.89,4.19,286.6,313.46,2952380,490.67,484.57,0.0124
East,West Bengal,District_75,2002,760.47,14.25,154.63,178.9,2554855,550.1,554,-0.0071
East,West Bengal,District_23,2010,988.51,39.61,262.27,219.67,367624,64.43,22.4,0.6424
North,Uttarakhand,District_49,2023,1338.08,22.69,165.96,160.29,189036,28.33,44.37,-0.547
East,West Bengal,District_147,2011,740.11,31.77,129.49,124.73,1046998,122.29,118.79,0.0283
Central,Madhya Pradesh,District_81,2012,1473.34,41.26,187.76,176.45,2319987,182.43,138.22,0.2411
North,Uttarakhand,District_1,2009,390.15,33.57,139.81,104.19,2672989,320.31,324.56,-0.0132
West,Maharashtra,District_138,2006,981.42,12.25,323.6,282.39,1965471,339.53,320.4,0.0562
South,Kerala,District_109,2010,750.8,14.65,237.88,240.31,1992806,147.88,150.03,-0.0144
South,Telangana,District_33,2016,582.76,43.26,197.55,222.77,1871900,382.61,380.47,0.0056
North,Himachal Pradesh,District_57,2003,529.85,32.52,258.8,251.4,198937,42.83,30.06,0.2915
South,Kerala,District_3,2017,731.74,45.53,309.14,312.49,3453612,338.24,362.44,-0.0713
East,Assam,District_81,2004,1268.78,2.82,228.81,188.35,3247219,260.95,230.85,0.1149
South,Andhra Pradesh,District_57,2015,849.11,6.28,126.25,139.95,320607,63.27,46.88,0.2549
East,Assam,District_38,2019,1143.89,47.79,92.83,106.22,2654880,169.67,190.13,-0.1199
South,Andhra Pradesh,District_38,2023,233.04,17.47,276.72,304.68,2620570,181.47,139.73,0.2287
West,Maharashtra,District_82,2009,620.83,11.96,308.83,323.61,3102906,281.79,305.46,-0.0837
North,Haryana,District_32,2008,1114.83,35.17,236.8,186.81,1423449,126.32,144.28,-0.1411
North,Uttarakhand,District_123,2020,925.38,4.8,104.59,58.77,1786818,91.88,69.9,0.2367
West,Rajasthan,District_127,2009,348.18,4.97,274.27,244.28,2971422,586.12,585.37,0.0013
South,Kerala,District_16,2010,882.32,36.44,209.82,239.2,872060,186.74,210.07,-0.1243
Central,Madhya Pradesh,District_54,2023,407.99,24.92,78.1,57.68,2514678,508.59,536.99,-0.0557
South,Karnataka,District_14,2005,1005.76,5.16,247.04,198.31,2223336,325.42,288.37,0.1135
North,Punjab,District_101,2009,606.66,7.58,191.86,187.57,2205790,373.02,388.02,-0.0401
South,Tamil Nadu,District_6,2017,424.45,23.67,283.04,252.08,647600,97.82,82.56,0.1544
South,Kerala,District_87,2013,819.1,45.83,222.35,204.54,69012,3.34,-12.24,3.5918
North,Punjab,District_90,2012,1283.21,40.79,220.12,249.99,2693437,213.16,175.77,0.1746
South,Kerala,District_19,2016,705.54,16.57,233.25,242.17,903046,72.4,86.58,-0.1933
South,Andhra Pradesh,District_73,2022,1073.26,31.22,147.96,126.88,1069199,139.71,149.3,-0.0681
West,Rajasthan,District_141,2012,922.65,5.47,200.03,160.65,53353,11.06,20.45,-0.7792
East,West Bengal,District_34,2010,691.05,22.4,96.51,122.67,3182027,466.8,438.66,0.0602
North,Uttarakhand,District_14,2022,915.51,31.53,232.15,189.16,67879,13.13,42.18,-2.0565
South,Andhra Pradesh,District_118,2020,1167.12,17.74,212.35,174.01,1526010,106.71,92.25,0.1342
South,Tamil Nadu,District_148,2004,850.38,38.54,156.32,140.07,2025737,373.09,376.54,-0.0092
East,Assam,District_124,2009,1276.64,13.46,316.06,269.82,2237039,449.92,420.7,0.0648
Central,Madhya Pradesh,District_54,2006,980.09,48.67,236.43,224.66,1815312,345.86,315.22,0.0883
West,Rajasthan,District_3,2011,603.33,48.3,300.93,317.58,2754351,150.55,152.22,-0.011
North,Uttarakhand,District_27,2021,250.79,49.72,74.07,48.34,1597211,297.89,263.45,0.1152
Central,Madhya Pradesh,District_97,2013,799.77,37.22,294.24,295.92,3234994,516.86,507.01,0.019
South,Tamil Nadu,District_15,2003,723.71,4.62,336.3,302.89,2851382,445.24,410.05,0.0789
South,Telangana,District_122,2005,1304.23,35.57,240.13,268.58,1895916,161,124.37,0.2261
West,Maharashtra,District_31,2016,1111.43,29.52,235.85,252.33,1525649,113.03,99.17,0.1215
East,Odisha,District_112,2004,1054.11,16.68,151.32,111.73,2631221,422.01,400.7,0.0504
South,Kerala,District_63,2001,746.34,15.77,67.97,81.99,1576160,106.79,120.33,-0.1256
East,West Bengal,District_62,2012,1062.67,11.28,140.26,94.72,611910,84.78,75.62,0.1067
North,Punjab,District_78,2022,1120.34,36.83,135.82,91.03,1847378,249.44,239.83,0.0383
North,Himachal Pradesh,District_45,2020,708.35,36.41,227.65,180.7,2245377,253.47,263.28,-0.0385
South,Kerala,District_23,2014,1255.25,11.53,206.26,182.72,3279546,692.12,714.1,-0.0317
South,Kerala,District_71,2020,371.4,22.63,236.95,194.24,2316548,398.46,369.09,0.0735
East,Assam,District_95,2000,1096.7,28.04,176.83,138.74,588853,28.9,22.87,0.2016
East,West Bengal,District_30,2002,839.65,38,193.06,209.98,1527223,209.25,238.91,-0.1411
East,West Bengal,District_126,2020,582.09,45.19,103.08,97.04,495297,56.72,61.69,-0.086
North,Haryana,District_58,2000,347.13,21.99,291.28,308.31,2692325,352.71,359.83,-0.0201
North,Uttarakhand,District_147,2018,1107.23,36.92,219.84,211.66,2923238,371.55,376.53,-0.0134
North,Punjab,District_71,2022,936.32,7.41,105.27,56.7,1298937,73.98,64.08,0.132
East,West Bengal,District_47,2012,652.45,37.85,179.56,155.95,1996881,298.55,263.3,0.1177
North,Punjab,District_112,2009,737.02,41.82,263.35,214.16,1731395,302.97,290.21,0.042
North,Uttarakhand,District_33,2003,1118.25,30.56,89.44,119.26,1453006,241.87,267.38,-0.105
East,Odisha,District_17,2022,576.59,17.13,116.8,84.74,722054,64.8,24.37,0.6144
Central,Chhattisgarh,District_48,2012,1112.78,3.73,343.93,369.23,1628466,297.25,305.72,-0.0284
North,Uttar Pradesh,District_101,2017,806.99,34.17,192.16,146.27,2554732,377.58,379.24,-0.0044
Central,Chhattisgarh,District_136,2015,1320.36,45.95,312.61,308.51,1216080,83.11,99.12,-0.1904
East,Bihar,District_133,2018,1052.55,27.64,304.9,276.55,2877317,525.96,503.8,0.042
Central,Chhattisgarh,District_32,2006,481.49,3.54,231.01,233.24,40940,6.75,16.62,-1.2716
East,West Bengal,District_47,2019,828.56,28.65,300.05,297.88,2304033,332.06,344.81,-0.0383
South,Tamil Nadu,District_2,2017,1046.06,2.74,261.45,272.97,3196704,580.03,576.25,0.0065
East,Assam,District_81,2003,1217.05,9.09,158.86,187.24,338480,56.53,36.78,0.3433
West,Maharashtra,District_33,2018,622.18,6.98,138.73,168.28,2983328,434.86,427.64,0.0166
West,Rajasthan,District_42,2002,611.81,30.13,284.22,303.35,2820966,239.95,213.07,0.1116
Central,Chhattisgarh,District_66,2001,380.64,16.37,293.86,281.14,722023,64.74,56.63,0.1233
East,Bihar,District_32,2016,1084.21,14.8,331.64,297.25,1841659,189.1,162.04,0.1423
South,Andhra Pradesh,District_94,2017,926.62,8.35,191.8,206.99,2982473,508.59,522.6,-0.0275
South,Tamil Nadu,District_109,2021,627.73,9.62,214.24,221.72,2338553,378.85,341.23,0.099
North,Uttar Pradesh,District_64,2009,1497.42,8.5,300.7,309,1634850,255.67,217.9,0.1471
West,Maharashtra,District_133,2009,1236.1,35.75,67.64,61.65,665833,70.31,88.32,-0.2525
Central,Chhattisgarh,District_114,2004,744.72,21.4,221.04,248.67,2972827,433.09,433.03,0.0001
North,Uttarakhand,District_126,2022,983.29,47.15,132.65,107.05,2473305,411.5,425.73,-0.0345
East,Odisha,District_134,2011,1069.91,15.23,224.36,218.62,3202657,614.09,630.95,-0.0274
North,Himachal Pradesh,District_138,2016,863.58,36.74,296.09,285.68,2868752,395.01,365.76,0.0739
West,Rajasthan,District_26,2021,1149.01,20.03,348.68,303.04,1159398,242.29,255.79,-0.0555
West,Maharashtra,District_61,2001,786.15,48.59,233.25,262.68,2709599,180.32,196.25,-0.0879
West,Rajasthan,District_37,2009,1071.33,38.85,124.6,77.07,1603582,84.69,62.77,0.2558
West,Rajasthan,District_35,2019,560.68,35.08,341.18,311.55,612467,35.15,4.89,0.837
Central,Chhattisgarh,District_56,2018,682.71,43.57,229.29,230.01,1242851,268.84,272.24,-0.0126
South,Telangana,District_72,2004,508.67,38.16,138.66,118.27,734623,76.29,45.39,0.3998
North,Himachal Pradesh,District_109,2002,1228.58,46.3,334.64,309.98,1858152,311.08,288.58,0.0721
Central,Chhattisgarh,District_66,2008,1006.33,43.24,170.93,144.11,2600193,115.31,126.57,-0.0968
South,Kerala,District_42,2012,554.88,22.94,242.88,259.16,3459998,365.35,334.04,0.0855
East,Assam,District_22,2008,981.44,16.08,290.66,288.49,1348882,289,287.89,0.0038
East,Jharkhand,District_37,2017,717.85,34.89,137.6,155.39,62114,7.36,24.08,-1.9998
West,Rajasthan,District_19,2020,970.05,46.8,232.94,224.57,1153249,227.51,234.35,-0.0299
West,Gujarat,District_50,2022,943.67,35.63,309.88,323.67,156118,17.7,16.9,0.043
South,Telangana,District_145,2021,587.27,33.79,289.75,268.4,2763054,274.82,241.07,0.1224
North,Haryana,District_42,2013,926.83,6.49,72.14,61.82,409780,21.03,22.17,-0.0517
Central,Madhya Pradesh,District_81,2013,761.84,28.89,347.8,317.3,3169697,603.11,602.4,0.0012
South,Kerala,District_7,2019,277.89,31.63,321.01,287.83,2235591,427.17,398.85,0.0661
South,Karnataka,District_20,2008,613.29,33.28,79.04,101.01,382452,50.95,15.03,0.6914
East,West Bengal,District_137,2003,927.04,44.95,191.53,185.07,2327929,141.35,139.01,0.0164
Central,Chhattisgarh,District_105,2002,708.41,24.64,128.31,138.64,600690,87.31,103.98,-0.1888
East,Odisha,District_23,2011,632.86,3.61,157.97,153.77,1221022,184.38,176.63,0.0418
East,Odisha,District_70,2004,857.34,43.03,223.53,196.85,763785,159.43,188.65,-0.1822
South,Karnataka,District_71,2000,1119.09,21.81,328.76,328,1457450,83.98,109.96,-0.3057
East,West Bengal,District_97,2007,1260.85,3.73,224.32,224.58,3223804,213.32,201.06,0.0572
South,Kerala,District_27,2003,993.93,48.6,160.06,130.72,2657366,154.35,137.5,0.1084
South,Tamil Nadu,District_135,2023,811.28,10.54,110.19,90.88,566321,42.51,17.67,0.5709
South,Andhra Pradesh,District_126,2003,759.85,14.99,293.57,268.9,1939545,281.43,238,0.1538
North,Haryana,District_90,2022,1070.27,23.32,186.39,176.39,701469,83.99,54.47,0.3473
North,Uttarakhand,District_73,2017,927.28,28.74,331.52,352.52,2535810,485.95,452.78,0.0681
West,Gujarat,District_26,2001,1050.89,34.61,345.03,332.44,1911079,420.25,386.6,0.0799
South,Tamil Nadu,District_82,2012,890.64,14.48,116.58,121.46,858590,102.67,92.03,0.1026
South,Tamil Nadu,District_89,2023,1352.86,5.68,330.74,312.98,2098723,342.42,361.69,-0.0561
Central,Chhattisgarh,District_142,2019,1193.51,34.05,247.91,213.09,1756049,317.89,272.95,0.1409
South,Kerala,District_123,2018,1024.78,33.78,182.32,153.88,2356713,325.06,299.7,0.0778
Central,Madhya Pradesh,District_67,2000,1073.95,39.95,208.8,195.9,2459240,215.69,216.86,-0.0054
North,Haryana,District_40,2021,889.11,40.82,217.39,246.61,518635,27.04,-15.62,1.5214
Central,Madhya Pradesh,District_37,2012,855.15,48.67,237.15,235.78,1191813,194.32,160.49,0.1732
North,Uttarakhand,District_69,2001,733.45,25.96,96.38,59.35,2543693,118.71,108.22,0.0877
South,Telangana,District_64,2021,911.42,23.6,130.31,109.29,2319500,193.32,213.7,-0.1049
North,Himachal Pradesh,District_108,2022,1123.5,31.27,71.84,40.82,1243435,102.62,63.45,0.378
East,Assam,District_47,2014,1200.55,37.94,156.69,130.67,1122811,59.88,70.04,-0.1669
South,Telangana,District_120,2016,996.92,10.6,149.34,135.83,17607,1.59,0.57,0.394
South,Andhra Pradesh,District_71,2013,821.52,36.27,312.47,327.86,218318,22.59,-20.95,1.8459
North,Haryana,District_59,2009,565.38,4.14,262.5,233.92,3185007,604.58,621.44,-0.0278
East,Bihar,District_79,2013,914.98,43.46,283.39,267.8,2678360,203.38,213.22,-0.0482
East,Odisha,District_24,2020,394.85,39.17,166.54,183.54,2116999,171.8,140.64,0.1803
East,Bihar,District_20,2023,337.04,23.74,194.41,202.6,3278996,656.3,612.53,0.0666
South,Karnataka,District_24,2005,1137.67,26.38,331.04,294.51,2452965,354.88,348.38,0.0183
North,Uttarakhand,District_15,2002,1010.96,17.41,161.92,137.97,1950848,283.44,292.53,-0.032
South,Andhra Pradesh,District_142,2015,1588.88,44.51,227.93,239.76,1552138,138.33,132.68,0.0406
North,Uttar Pradesh,District_109,2021,509.96,21.6,162.55,184.33,638354,131.27,158.27,-0.2041
North,Haryana,District_35,2015,445,35.42,162.2,126.52,404213,79.49,51.55,0.3471
North,Punjab,District_132,2021,249.39,35.64,100.44,77.83,2907144,255.95,268.75,-0.0498
Central,Chhattisgarh,District_32,2012,958.03,14.94,248.57,251.71,265565,11.93,41.68,-2.3016
North,Uttar Pradesh,District_49,2023,66.18,15.5,325.06,282.94,905171,156.5,119.74,0.2334
North,Uttar Pradesh,District_109,2022,973.03,20.73,297.55,326.59,1461433,210.38,184.69,0.1215
Central,Chhattisgarh,District_89,2007,727.55,13.27,145.06,129.5,3040978,167.91,133.89,0.2014
North,Haryana,District_11,2019,1163.08,27.31,163.74,193.56,2521393,269.48,225.89,0.1612
East,Assam,District_44,2021,1077.83,7.05,223.09,252.6,3316770,344.06,362.93,-0.0547
North,Haryana,District_58,2005,792.08,41.45,187.11,166.51,2191779,371.69,352.83,0.0506
East,Bihar,District_94,2004,1037.37,8.93,232.53,252.02,2148274,305.94,294.03,0.0388
North,Haryana,District_91,2001,1082.09,5.93,96.95,55.54,2481223,418.5,397.35,0.0504
East,Jharkhand,District_127,2012,1140.37,19.9,314.5,339.46,2272118,138.09,158.54,-0.1471
South,Tamil Nadu,District_96,2003,957.55,25.72,239.14,198.8,419223,31.68,58.54,-0.822
East,Odisha,District_64,2017,772.74,16.66,141.61,101.73,1801574,79.46,68.22,0.1397
East,West Bengal,District_75,2009,910.22,28.82,129.63,115.08,881452,143.55,110.21,0.2306
North,Punjab,District_76,2008,350.65,24.52,300.43,267.91,2251445,443.12,460.37,-0.0388
West,Rajasthan,District_1,2023,933.7,48.6,163.6,116.92,508298,103.7,118.09,-0.1374
North,Uttarakhand,District_101,2006,554.66,19.94,187.62,143.91,2176499,165.73,173.02,-0.0438
South,Andhra Pradesh,District_132,2001,232.2,34.04,342.69,324.18,3374902,402.12,376.01,0.0648
East,Assam,District_125,2001,849.29,42.32,329.26,312.66,695569,112.89,125.78,-0.1132
South,Telangana,District_2,2019,699.18,16.6,133.62,159.65,3488898,491.33,492.59,-0.0026
East,Assam,District_85,2009,509.92,21.67,194.37,218.46,1094544,142.77,135.93,0.0476
South,Telangana,District_28,2000,428.45,33.82,205.7,208.92,1427133,240.15,257.65,-0.0726
South,Telangana,District_48,2012,1064.98,41.03,160.29,150.02,2087082,164.24,125.55,0.2341
South,Telangana,District_3,2003,1234.17,46.32,244.81,198.67,2480177,180.04,168.58,0.0633
East,Jharkhand,District_126,2006,646,45.43,288.72,246.31,2229180,253.65,228.93,0.0971
East,Bihar,District_136,2016,814.22,18.54,146.78,122.74,2512227,124.96,110.98,0.111
Central,Madhya Pradesh,District_106,2003,851.49,44.59,213.26,173.03,1923685,110.64,81.42,0.2617
North,Punjab,District_2,2004,1297,46.67,210.14,238.33,2282387,465.38,487.62,-0.0477
West,Gujarat,District_58,2015,625.03,15.43,215.89,190.03,3255475,198.3,164.79,0.1681
South,Kerala,District_96,2009,440.67,27.02,257.88,262.38,2857553,151.39,169.68,-0.12
South,Telangana,District_110,2005,808.2,4.63,176.25,179.3,2744083,109.99,83.31,0.2404
Central,Chhattisgarh,District_69,2003,1109.9,4.89,336.37,358.26,3336643,320.39,311.94,0.0263
East,Assam,District_113,2005,766.25,7.22,80.57,76.21,2104239,357.35,353.91,0.0096
Central,Madhya Pradesh,District_91,2023,848.45,5.18,142.84,145.37,2753213,582.95,597.75,-0.0253
East,Jharkhand,District_2,2011,646.48,40.79,167,118.15,731886,75.58,57.77,0.2326
West,Rajasthan,District_29,2006,1181.75,29.04,279.17,240.39,3209365,236,221.75,0.0601
South,Andhra Pradesh,District_11,2004,1129.29,4.43,296.23,304.28,2042945,158.27,154.05,0.0265
South,Kerala,District_108,2023,897.75,45.37,239.06,200.62,767886,119.87,89.46,0.2516
East,Odisha,District_9,2005,489.2,47.42,259.09,230.52,296038,61.74,54.89,0.1091
West,Rajasthan,District_123,2021,876.27,28.69,243.15,194.01,2467568,122.11,95.63,0.2151
West,Gujarat,District_31,2013,624.27,2.22,149.01,138.69,311870,61.68,58.83,0.0454
North,Punjab,District_141,2015,543.89,25.66,313.35,281.47,599249,68.11,76.85,-0.1265
Central,Madhya Pradesh,District_84,2012,974.68,6.72,198.94,153.23,1564019,72.61,57.56,0.2044
North,Haryana,District_100,2004,545.93,46.97,73.33,32,279378,17.22,0.95,0.8931
East,West Bengal,District_28,2000,1102.24,30.83,309.36,339.1,2070320,398.27,356.66,0.1042
Central,Madhya Pradesh,District_40,2011,994.54,47.27,64.92,59.9,1332212,105.46,81.02,0.2296
North,Haryana,District_4,2021,1473.25,5.9,190.8,166.7,683128,110.97,110.87,0.0009
South,Karnataka,District_14,2021,995.6,41.56,271.35,283.02,2507502,115.74,78.86,0.316
East,Odisha,District_110,2019,731.56,38.13,243.65,199.43,306929,19.44,36.18,-0.8186
North,Uttar Pradesh,District_112,2015,788.04,20.22,291.08,305.78,3261047,591.26,585.06,0.0105
South,Andhra Pradesh,District_73,2015,685.89,20.55,212.57,188.5,1387506,86.23,78.29,0.091
East,Bihar,District_110,2007,893.99,14.96,202.4,156.43,2683831,587.27,600.07,-0.0218
North,Himachal Pradesh,District_40,2023,600.86,11.99,217.99,180.63,2076948,259.75,246.29,0.0516
North,Haryana,District_48,2007,939.19,2.53,197.91,201.03,293835,22.37,-2.06,1.0452
West,Gujarat,District_30,2008,477.77,29.79,74.45,74.72,3116733,165.27,187.2,-0.1319
South,Karnataka,District_110,2006,1252.63,17.43,202.01,156.35,1007410,156.4,130.74,0.163
North,Punjab,District_27,2022,1102.72,16.03,154.79,153.05,515081,92.43,64.82,0.2955
North,Haryana,District_47,2006,1305.92,14.53,95.45,91.44,1180120,218.1,201.51,0.0757
North,Uttarakhand,District_39,2007,896.48,15.46,273.11,299.96,1307125,218.62,175.72,0.1953
East,West Bengal,District_34,2012,810.75,6.56,130.29,130.15,2609968,291.71,315.25,-0.0804
West,Maharashtra,District_71,2006,569.17,19.33,225.44,185.13,3069460,502.9,513.54,-0.0211
Central,Madhya Pradesh,District_110,2000,959.33,40.53,74.31,56.43,1168544,126.61,144.86,-0.143
North,Himachal Pradesh,District_52,2002,1046.85,18.97,103.68,70.06,2939704,417.83,435.04,-0.0411
West,Maharashtra,District_98,2013,994.96,16.92,187.86,189.06,2743017,341.84,299.58,0.1233
North,Haryana,District_79,2022,622.62,18.91,274.68,284.1,774669,108.04,113.35,-0.0488
South,Karnataka,District_57,2010,400.19,2.29,122.54,96.53,1970132,262.65,277.17,-0.0551
East,Jharkhand,District_123,2001,836.1,12.93,62.62,14.34,2237740,248.28,207.32,0.1643
North,Haryana,District_110,2020,1219.13,34.64,279.49,295.81,3208146,647.9,661.42,-0.0208
West,Maharashtra,District_78,2003,1124.78,37.59,106.13,86.87,2189852,333.69,341.64,-0.0237
West,Gujarat,District_94,2008,603.5,19.33,274.83,241.56,2827858,245.32,267.56,-0.0903
South,Telangana,District_108,2007,1127.72,26.64,80.21,92.34,1979168,187.95,213.11,-0.1331
East,Odisha,District_13,2005,921.24,32.84,337.99,296.01,1101970,198.9,175.42,0.1175
West,Maharashtra,District_1,2001,663.98,31.15,331.19,327.41,457416,49.59,16.72,0.6498
East,Odisha,District_55,2009,653.28,34.54,121.69,133.35,2484284,397.4,357.08,0.1012
North,Punjab,District_72,2019,618.4,5.61,209.8,233.25,984406,51.59,74.05,-0.4272
East,West Bengal,District_111,2005,361.11,12.59,195.21,171.89,987046,132.47,134,-0.0114
West,Gujarat,District_126,2011,1070.22,13.04,279.48,245.68,2194905,342.52,308.36,0.0994
East,Odisha,District_78,2003,1285.66,21.89,231.24,256.79,1801897,198.51,158.15,0.2023
East,West Bengal,District_4,2021,1005.94,33.69,226.97,201.13,3372837,659.86,660.13,-0.0004
Central,Chhattisgarh,District_34,2010,1019.84,22.2,248.98,240.28,462955,89.64,104.97,-0.1692
South,Telangana,District_93,2023,441.14,17.81,186.68,139.71,441228,63.11,21.6,0.6475
North,Uttarakhand,District_136,2019,1244.74,48.05,291.42,266.35,1929501,97.33,75.15,0.2256
South,Telangana,District_61,2020,510.21,35.95,164.17,176.59,183981,8.48,15.04,-0.6922
West,Gujarat,District_54,2018,847.4,18.19,292.66,306.57,727060,56.55,55.31,0.0215
South,Kerala,District_23,2003,851.41,46.53,224.27,182.12,2815799,614.22,594.04,0.0328
Central,Madhya Pradesh,District_31,2001,1175.29,33.98,235.8,208.86,3182812,327.21,310.65,0.0505
North,Uttarakhand,District_49,2006,574.74,21.31,67.41,59.29,3126652,522.67,488.62,0.065
East,Assam,District_26,2002,1146.49,2.04,161.93,182.82,1111077,118.63,75.7,0.3589
Central,Chhattisgarh,District_88,2009,841.59,13.18,297.24,270.58,2966463,384.07,376.54,0.0196
North,Punjab,District_52,2017,951.15,19.6,110.07,125.27,376470,52.7,13.01,0.739
Central,Madhya Pradesh,District_12,2004,922.08,36.23,347.96,305.2,2792717,323.76,322.05,0.0053
West,Rajasthan,District_108,2017,1077.4,6.55,223.26,192.32,263160,25.23,9.65,0.5941
West,Gujarat,District_144,2011,1036.58,19.57,116.44,92.43,2948569,544.85,568.15,-0.0427
South,Telangana,District_115,2020,781.21,2.07,127.91,150.75,2540587,247.29,268.75,-0.0864
East,West Bengal,District_112,2002,1126.14,31.53,125,100.48,2591576,306.25,284.31,0.0714
North,Punjab,District_108,2016,601.34,44.25,184.23,208.31,311856,19.35,6.61,0.6261
North,Haryana,District_6,2005,861.61,12.36,101.93,105.97,1946707,225.33,183.18,0.1862
North,Himachal Pradesh,District_71,2022,1056.64,16.83,275.99,302.17,2233856,415.4,412.83,0.0062
Central,Madhya Pradesh,District_75,2001,444.81,18.38,236.18,210.03,141566,22.07,-17.04,1.6954
North,Uttarakhand,District_16,2022,687.61,13.41,171.07,178.19,2938232,128.42,155.34,-0.208
West,Rajasthan,District_102,2015,99.24,34.67,257.72,261.3,3007633,186.21,168.99,0.092
Central,Chhattisgarh,District_132,2002,1036.28,20.39,89.49,72.89,1842753,286.18,290.82,-0.0161
South,Tamil Nadu,District_113,2016,531.21,4.09,230.08,228.63,3477783,304.6,334.15,-0.0967
South,Kerala,District_144,2012,869.62,15.24,313.57,332.13,1476505,206,217.09,-0.0536
South,Kerala,District_70,2006,525.4,7.32,320.64,279.23,1492608,154.78,136.24,0.119
South,Tamil Nadu,District_1,2005,1408.76,31.01,130.89,95.87,673620,65.57,71.63,-0.0909
North,Uttarakhand,District_56,2018,678.23,17.83,205.72,213.08,219749,28.82,-12.97,1.4016
North,Uttar Pradesh,District_132,2014,918.43,19.26,296.98,319.84,2405518,143.15,153.27,-0.0702
North,Haryana,District_135,2008,961.49,5.14,234.76,184.91,999723,216.28,223.08,-0.0313
South,Andhra Pradesh,District_57,2009,998.73,12.97,65.07,64.37,3495634,196.95,196.39,0.0028
West,Gujarat,District_142,2003,1336.62,45.76,286.64,258.81,3455018,551.26,577.01,-0.0466
South,Tamil Nadu,District_58,2001,774.83,3,94.21,48.23,234866,20.39,-4.14,1.147
Central,Chhattisgarh,District_61,2009,943.01,39.13,326.95,310.15,558264,30.97,-12.26,1.3523
West,Maharashtra,District_38,2008,671.3,4.21,339.92,335.88,3103689,184.52,205.05,-0.1107
Central,Madhya Pradesh,District_70,2001,1094.73,24.24,271.98,235.28,1799385,103.69,97.78,0.0565
South,Karnataka,District_54,2017,777.14,3.39,220.46,196.02,1993125,332.32,347.78,-0.0464
East,West Bengal,District_1,2020,1234.23,26.49,188.76,184.85,2501183,326.37,320.95,0.0166
South,Telangana,District_95,2010,598.9,26.61,148.93,107.55,2340179,279.75,261.59,0.0647
East,Bihar,District_141,2008,543.65,26.04,321.92,276.73,1883374,261.83,266.35,-0.0172
Central,Madhya Pradesh,District_105,2019,1126.17,48.63,207.54,194.52,3116507,615.66,571.07,0.0723
South,Andhra Pradesh,District_84,2001,1221.64,26.86,87.05,103.72,1630157,140.03,123.45,0.1175
North,Uttar Pradesh,District_92,2007,628.44,47.25,264.79,273.83,81856,10.15,3.21,0.6221
West,Gujarat,District_46,2008,115.27,27.71,69.04,44.14,3410037,621.9,590.75,0.05
North,Uttar Pradesh,District_138,2021,439.88,9.52,143.36,147.13,215231,9.4,-35.07,4.2764
North,Uttarakhand,District_28,2023,797.9,38.51,168.33,185.83,2332116,302.48,260.12,0.1396
South,Kerala,District_66,2020,398.44,11.28,261.41,248.5,2090770,446.5,475.27,-0.0643
North,Himachal Pradesh,District_142,2006,908.11,36.61,241.88,217.05,1108442,122.49,112.18,0.0835
East,Assam,District_57,2010,604.9,22.04,157.32,159.29,2225297,457.54,427.92,0.0646
West,Gujarat,District_53,2018,994.68,22.59,79.89,40.43,1696469,194.95,201.58,-0.0338
South,Kerala,District_40,2014,737.87,49.66,225.52,244.41,3084900,144.08,160.48,-0.113
South,Karnataka,District_112,2011,729.97,13.17,250.05,242.54,1753218,174.66,163.14,0.0656
Central,Madhya Pradesh,District_123,2002,659.02,33.31,103.6,84.22,2902577,525.09,493.86,0.0594
North,Punjab,District_47,2014,595.66,4.21,265.65,238.03,926546,130.36,153.13,-0.1733
South,Tamil Nadu,District_46,2006,1099.21,10.45,289.69,314.9,1664049,206.6,164.8,0.2014
North,Uttarakhand,District_126,2023,925.96,44.2,149.68,153.57,2402842,252,248.71,0.013
South,Tamil Nadu,District_73,2000,760.49,6.3,324.27,323.28,3155753,242.94,239.22,0.0152
South,Andhra Pradesh,District_42,2005,1182.84,29.18,267.48,231.69,734782,34.01,1.85,0.9186
South,Kerala,District_49,2002,1390.59,19.88,261.7,271.36,1931262,278.7,244.08,0.1238
Central,Madhya Pradesh,District_19,2013,622.37,6.89,147.3,137.69,2579070,484.99,499.55,-0.0299
South,Karnataka,District_117,2020,898.08,19.58,252.11,254.8,2629214,344.32,327.84,0.0477
South,Kerala,District_26,2023,1213.17,13.46,264.94,268.72,575180,74.52,65.02,0.1258
North,Haryana,District_36,2023,925.58,22.02,348.52,366.71,1272460,253.8,232.26,0.0845
North,Uttar Pradesh,District_26,2012,1440.89,44.28,157.54,165.78,2963265,480.77,436.73,0.0914
South,Kerala,District_6,2003,900.78,46.34,310.43,338.58,1137050,188.12,217.23,-0.1539
North,Uttar Pradesh,District_12,2004,861.05,32.6,217.06,229.44,235693,50.84,13.78,0.7149
South,Karnataka,District_22,2008,738.09,32.04,217.78,247.01,555267,28.91,2.01,0.8992
Central,Madhya Pradesh,District_4,2000,743.15,23.49,265.01,269.23,2451273,474.32,464.42,0.0208
East,West Bengal,District_139,2023,668.39,43.49,84.56,81.87,1497937,165.96,162.96,0.018
East,Odisha,District_22,2006,689.2,27.68,174.37,131.21,2875575,589.76,570.78,0.0321
Central,Madhya Pradesh,District_123,2018,1217.19,22.29,135.94,86.12,350058,74.25,86.89,-0.168
East,Assam,District_42,2009,800.01,25.31,343.45,307.34,444738,20.73,37.51,-0.772
East,Odisha,District_123,2004,991.15,25.39,83.9,55.47,1650434,153.95,160.47,-0.0421
South,Karnataka,District_15,2017,1047.44,7.98,181.4,132.45,715566,83.56,90.18,-0.0783
West,Gujarat,District_140,2003,768.13,44.75,220.01,241.62,1393675,92.29,98.1,-0.0623
North,Uttar Pradesh,District_12,2003,881.1,18.58,305.86,334.96,2105692,96.28,63.13,0.3408
Central,Chhattisgarh,District_76,2003,1129.32,24.97,113.04,78.89,695147,51.58,34.58,0.3233
North,Haryana,District_107,2004,759.38,49.58,318.41,300.96,1951309,270.68,280.86,-0.0375
North,Uttar Pradesh,District_58,2000,680.52,26.08,96.21,59.12,3011774,172.43,174.45,-0.0116
South,Karnataka,District_110,2012,884.13,22.33,218.79,169.45,1211569,230.63,230.27,0.0015
Central,Madhya Pradesh,District_91,2020,908.7,16.46,301.11,277.98,1769310,381.64,346.28,0.0924
South,Andhra Pradesh,District_58,2021,895.13,21.38,296.21,269.27,359604,61.99,24.24,0.5994
South,Kerala,District_29,2015,881.71,37.85,229.16,245.14,2799588,240.91,223.45,0.0721
South,Tamil Nadu,District_29,2007,714.59,45.56,172.71,152.27,1859494,353.95,317.68,0.1022
East,West Bengal,District_73,2011,396.54,4.77,329.84,354.58,1897532,205.05,163.89,0.1998
East,Bihar,District_86,2003,625.83,22.14,296.82,304.2,1134247,65.56,82.53,-0.2549
South,Telangana,District_22,2001,961.28,4.17,129.53,112,1926313,411.29,369.33,0.1018
North,Himachal Pradesh,District_39,2005,1167.23,37.86,145.91,156.3,1428008,214.1,209.71,0.0204
East,Jharkhand,District_136,2010,633.85,7.27,280.94,234.28,1436153,303.55,281.12,0.0736
North,Himachal Pradesh,District_47,2021,1105.66,38.24,279.68,304.83,369738,46.72,70.64,-0.5012
East,Jharkhand,District_39,2021,742.15,36.11,228.08,201.02,2035879,104.54,103.92,0.0059
South,Andhra Pradesh,District_74,2011,1286.5,42.37,102.05,87.68,3325775,720.18,734.07,-0.0193
East,West Bengal,District_70,2015,984.05,44.78,325.39,314.81,1274126,57.15,80.35,-0.3991
South,Telangana,District_68,2022,989.86,9.53,99.52,108.77,31134,5.49,-36.85,6.5245
East,Bihar,District_1,2004,806.14,4.49,279.56,278.34,1706644,320.79,336.23,-0.048
Central,Madhya Pradesh,District_82,2004,1022.38,6.38,155.54,154.42,2564543,337.9,294.44,0.1282
South,Kerala,District_115,2023,490.28,43.21,100.43,53.38,1155398,51.12,48.74,0.0457
North,Punjab,District_18,2003,1166.56,29.49,112.78,122.25,3369441,562.47,558.86,0.0064
North,Uttarakhand,District_110,2023,909.6,8.68,72.69,101.96,2647141,558.5,524.18,0.0613
West,Gujarat,District_38,2002,896.09,40.11,335.97,347.51,1386507,276.88,260.07,0.0605
East,Odisha,District_33,2005,1008.75,20.22,274.47,302.04,2167530,420.58,407.99,0.0299
South,Kerala,District_91,2010,886.18,6.3,307.46,294.67,2388991,406.25,428.25,-0.054
North,Punjab,District_109,2015,838.08,16.47,286.21,274.17,2292084,358.1,366.8,-0.0242
East,Jharkhand,District_86,2004,950.56,17.92,95.39,92.33,1321833,80.6,64.49,0.1974
South,Karnataka,District_99,2013,1358.16,17.11,224.86,205.84,348779,31.57,16.19,0.4721
Central,Chhattisgarh,District_128,2017,637.2,36.16,299.72,255.58,27754,5.56,6.88,-0.2009
Central,Chhattisgarh,District_127,2017,1210.18,45.44,140.19,159.89,3364243,236.89,261.34,-0.1028
Central,Chhattisgarh,District_59,2012,1042.38,13.34,76.73,57.24,3432614,507.03,535.4,-0.0558
East,Bihar,District_149,2022,776.49,17.47,78.08,94.65,2289886,338.76,315.22,0.0693
East,Jharkhand,District_135,2018,853.41,4.72,184.18,195.09,1441768,247.84,223.32,0.0985
South,Karnataka,District_23,2007,771.42,30.44,174.6,164.91,1360886,213.43,197,0.0766
South,Telangana,District_1,2006,827.17,14.71,194.97,153.43,279278,61.31,52.11,0.1477
North,Uttar Pradesh,District_93,2017,311.86,35.13,196.72,200.4,2119401,142.47,103.85,0.2692
North,Punjab,District_35,2003,1082.81,29.94,290.6,319.29,658203,48.36,64.14,-0.3199
West,Maharashtra,District_90,2011,676.48,39.53,265.6,280.23,1805666,95.39,93.31,0.0216
Central,Madhya Pradesh,District_76,2014,1363.36,45.94,198.64,155.76,3174740,544.96,554.51,-0.0175
Central,Madhya Pradesh,District_142,2013,473.43,42.26,199.36,177.93,602256,102.26,103.8,-0.0149
South,Karnataka,District_54,2007,1018.97,22.33,145.28,163.42,1885820,282.31,243.21,0.138
West,Maharashtra,District_36,2003,670.74,26.63,277.75,271.97,454499,30.46,34.29,-0.1216
Central,Madhya Pradesh,District_97,2023,678.88,29.13,82.29,103.79,2850423,518.03,514.49,0.0068
North,Uttar Pradesh,District_109,2011,727.93,19.15,157.44,147.54,1523121,235.96,208.22,0.1171
West,Maharashtra,District_28,2021,1197.12,10.25,227.02,202.88,1852264,106.3,69.2,0.3457
North,Uttarakhand,District_19,2015,1215.78,4.83,297.18,281.9,994993,57.52,21.66,0.6127
North,Himachal Pradesh,District_41,2000,1277.62,27.76,70.87,49.42,3217461,172.17,138.33,0.1954
Central,Madhya Pradesh,District_94,2004,1111.25,3.83,283.64,304.71,2299589,223.94,239.33,-0.0684
East,Bihar,District_63,2002,478.1,24.96,72.55,82.32,1195784,192.8,150.13,0.2202
North,Uttar Pradesh,District_146,2013,569.89,19.05,343.23,355.3,39193,4.33,6.56,-0.4193
Central,Madhya Pradesh,District_47,2015,1085.95,34.43,169.25,152.77,2353051,326.67,335.79,-0.0278
Central,Madhya Pradesh,District_136,2022,982.12,9.39,295.13,319.61,2628459,267.05,288.2,-0.0789
South,Andhra Pradesh,District_121,2013,415.23,24.83,175.91,148.16,2076200,364.66,381.21,-0.0452
East,Odisha,District_114,2020,855.7,24.76,182.26,189.81,2218483,395.25,370.2,0.0632
North,Uttar Pradesh,District_74,2003,1078.88,30.28,158.14,174.96,504232,47.06,25.95,0.4394
Central,Madhya Pradesh,District_16,2020,1051.54,30.83,226.59,250.04,1490178,253.97,247.09,0.027
West,Maharashtra,District_45,2016,1394.25,2.93,125.73,98.96,656144,40.58,67.93,-0.6577
South,Tamil Nadu,District_3,2012,1145.81,7.68,234.54,185.78,1133244,218.32,173.51,0.2043
East,Jharkhand,District_117,2017,554.98,30.25,149.73,125.84,537459,94.08,101.38,-0.0768
West,Gujarat,District_147,2016,614.06,39.47,300.89,267.07,2715908,403.67,417.22,-0.0335
South,Andhra Pradesh,District_59,2013,1144.91,13.03,210.88,208.14,274876,29.31,29.54,-0.0078
South,Tamil Nadu,District_70,2002,820.01,9.9,106.17,135.45,2260435,280.81,250.5,0.1076
North,Haryana,District_97,2004,780.48,31.4,301.09,290.79,1264928,95.24,57.15,0.3958
West,Rajasthan,District_103,2019,1285.81,20.75,243.19,197.4,1445242,198.25,173.61,0.1237
West,Maharashtra,District_57,2012,1462.23,28.56,335.22,357.1,2772399,362.06,335.23,0.0739
South,Tamil Nadu,District_144,2019,448.89,41.69,306.44,317.82,954320,57.06,39.12,0.309
East,Bihar,District_120,2015,612.68,8.44,216.65,189.4,2041602,147.78,145.92,0.0125
East,Odisha,District_104,2012,1080.9,49,81.46,94.12,3324131,361.42,384.93,-0.0649
South,Tamil Nadu,District_14,2011,1035.33,39.09,127.54,98.62,1928690,138.65,96.33,0.303
East,Jharkhand,District_50,2008,826.78,37.51,254.74,267.68,886431,129.86,117.46,0.0947
East,West Bengal,District_27,2002,1225.75,32.84,332.68,331.58,1604846,208.13,205.55,0.0123
South,Telangana,District_86,2000,1177.31,32.38,269.56,251.76,1902900,212.25,169.98,0.1982
South,Karnataka,District_73,2005,929.54,29.28,283.7,244.8,764165,45.03,67.76,-0.4939
Central,Chhattisgarh,District_28,2002,802.94,40.45,139.11,148.59,1109452,98.19,121.16,-0.2317
West,Rajasthan,District_3,2009,1284.62,22.47,128.23,122.36,899975,54.91,48.42,0.1162
West,Rajasthan,District_142,2006,660,14.87,68.25,28.09,1851738,323.04,348.38,-0.0782
West,Maharashtra,District_62,2008,845.35,32.23,123.42,99.8,389315,22,27.18,-0.2251
East,Bihar,District_146,2018,834.2,47.41,185.84,200.25,1298173,207.06,218.29,-0.054
West,Maharashtra,District_145,2015,847.06,3.66,338.19,342.58,2470044,165.46,150.12,0.0921
West,Maharashtra,District_13,2010,851.48,48.83,161.38,170.72,3293229,212.52,185.92,0.1246
East,Bihar,District_80,2000,897.76,17.86,144.2,152.54,653838,101.7,104.05,-0.0229
South,Telangana,District_73,2012,973.82,12.94,246.68,202.89,1591802,105.65,65.1,0.3802
North,Haryana,District_50,2010,1017.75,10.18,167.31,181.33,2442224,359.29,368.63,-0.0259
South,Kerala,District_92,2004,870.46,23.95,263.46,251.52,1346565,160.55,154.4,0.0381
East,West Bengal,District_85,2013,1042.78,45.17,231.49,191.03,2712976,170.89,139.67,0.1817
North,Haryana,District_26,2016,858.16,36.97,179.12,168.94,2329472,232.39,212.03,0.0872
Central,Madhya Pradesh,District_7,2018,1065.44,30.43,248.24,201.01,120635,5.42,-9.12,2.2655
South,Kerala,District_123,2018,1166.86,8.8,273.39,251.73,2328729,155.08,175.35,-0.1299
West,Maharashtra,District_75,2005,559.02,32.46,155.11,163.1,1142237,51.33,72.13,-0.3975
Central,Madhya Pradesh,District_119,2002,1128.34,45.51,103.93,103.16,1020511,95.27,122.78,-0.2857
East,Bihar,District_60,2006,946.96,47.68,205.43,195.23,2525752,274.41,234.5,0.1449
Central,Madhya Pradesh,District_42,2016,696.1,37.85,272.74,229.76,1833396,358.08,346.82,0.0314
North,Haryana,District_134,2010,594.13,13.01,217.09,190.06,1110351,71.02,41.63,0.4081
East,Assam,District_34,2010,791.88,4.88,256.59,256.83,2449968,421.81,450.18,-0.0671
South,Andhra Pradesh,District_93,2019,884.8,34.97,115.78,111.98,3072000,360.97,327.68,0.092
East,Jharkhand,District_11,2022,1125.56,19.43,165.38,170.66,307429,14.02,-22.79,2.4507
South,Kerala,District_62,2006,794.01,38.95,132.33,83.84,2933054,407.53,397.06,0.0256
North,Himachal Pradesh,District_20,2004,1196.11,23.99,201.99,171.57,2461594,142.71,107.82,0.2428
North,Uttarakhand,District_128,2003,351.79,16.22,261.4,225.78,234251,37.39,44.14,-0.1756
North,Uttar Pradesh,District_37,2009,1443.49,38.21,185.9,186.68,282755,36.35,34.84,0.0402
Central,Chhattisgarh,District_23,2015,726.47,46.09,164.32,119.37,1926011,178.01,149.71,0.1581
East,West Bengal,District_117,2010,1225.47,34.35,192.37,215.89,744171,113.29,88.83,0.2141
South,Tamil Nadu,District_76,2005,509.95,3.88,213.97,198.75,3034338,490,490.96,-0.002
East,Bihar,District_72,2018,1200.62,40.5,86.19,60.41,235148,26.5,41.54,-0.5469
South,Telangana,District_91,2002,995.08,44.05,264.43,292.4,3168789,214.27,227.9,-0.0633
East,Bihar,District_46,2022,632.18,32.62,288.23,257.97,1931432,94.82,66.16,0.2991
East,Assam,District_67,2015,750,26.09,248.23,201.72,554719,48.75,16.26,0.653
West,Gujarat,District_114,2020,744.78,37.07,254.89,247.01,1230833,58.74,33.07,0.4297
Central,Madhya Pradesh,District_32,2018,1124.1,44.23,183.32,180.23,2164367,432.09,445.38,-0.0307
North,Punjab,District_11,2011,1368.06,22.11,197.76,156.49,3206088,152.86,150.75,0.0137
South,Andhra Pradesh,District_103,2013,1199.85,33.66,172.05,122.07,215802,38.31,-4.22,1.0819
North,Himachal Pradesh,District_34,2014,912.69,4.13,286.8,286.32,282299,14.07,-5.34,1.2881
South,Telangana,District_132,2019,867.3,19.03,328.55,290.64,410927,89.85,90.84,-0.011
East,Odisha,District_96,2002,1289.14,29.76,70.8,33.36,3096364,171.07,154.83,0.0944
East,Jharkhand,District_130,2014,855.69,13.6,270.21,251.62,1351845,161.73,172.77,-0.0678
West,Gujarat,District_11,2019,1000.08,12.85,65.5,62.02,2867235,279.12,275.73,0.0121
West,Maharashtra,District_63,2022,664.5,34.11,238.78,193.8,610022,101.14,85.8,0.1501
Central,Chhattisgarh,District_3,2004,470.22,42.36,239.16,251.27,2529557,518.99,478,0.0788
East,West Bengal,District_75,2012,1267.48,10.05,135.93,101,3028509,221.61,216.35,0.0236
South,Tamil Nadu,District_146,2012,1090.9,46.26,71.52,79.14,1928296,357.77,341.82,0.0445
East,Bihar,District_58,2012,1418.02,33.06,341.72,322.25,1743461,77.07,58.11,0.243
East,Assam,District_24,2011,1401.68,32.39,224.15,228.01,2853512,264.58,287.67,-0.0869
East,Assam,District_120,2020,756.95,22.64,217.1,219.17,417243,80.4,62.36,0.2215
Central,Chhattisgarh,District_120,2003,903.48,39.47,262.99,215.33,2171995,262.68,227.37,0.1339
East,Bihar,District_47,2023,675.21,44.18,159.69,182.35,2550313,177.46,207.39,-0.1678
East,West Bengal,District_102,2013,864.94,47.96,140.6,165.52,266987,18.3,4.82,0.6982
West,Rajasthan,District_103,2010,1046.25,28.01,312.5,314.48,418920,80.8,90.25,-0.1155
East,Bihar,District_82,2010,832.68,30.63,288.97,315.74,2136923,138.81,141.93,-0.0223
North,Himachal Pradesh,District_125,2006,1220.32,24.69,319.67,347.88,2630015,378.48,397.44,-0.05
North,Punjab,District_30,2008,824.49,7.25,348.16,364.93,283966,54.57,55.68,-0.02
East,Assam,District_10,2017,441.38,31.63,60.01,45.98,2707655,192.57,186.61,0.0308
Central,Madhya Pradesh,District_121,2004,944.84,29.91,119.2,85.36,699388,65.09,42.89,0.3358
West,Rajasthan,District_82,2018,736.58,23.21,306.47,321,3141459,533.87,542.84,-0.0168
West,Maharashtra,District_98,2001,1141.02,4.38,295.21,319.99,1180991,72.6,28.05,0.6054
South,Telangana,District_111,2015,906.49,10.65,320.06,270.79,827457,147.8,103.94,0.2948
West,Rajasthan,District_14,2006,715.79,48.22,345.23,365.39,2822013,201.76,162.71,0.1926
North,Uttar Pradesh,District_109,2008,1165.72,4.11,273.07,299.36,55492,3.39,22.63,-4.3771
West,Gujarat,District_46,2002,1280.1,19.03,268.89,233.26,870193,157.38,139.1,0.1154
Central,Madhya Pradesh,District_18,2008,596.85,17.66,252.65,221.42,2972982,412.3,388.19,0.0583
South,Kerala,District_21,2009,755.86,39.01,123.72,104.42,2513835,472.06,472.83,-0.0016
East,Assam,District_108,2016,845.17,11.5,230.41,194.31,194669,36.7,59.64,-0.6085
West,Rajasthan,District_67,2005,129.05,12.64,147.56,164.41,1538331,66.43,48.83,0.2611
West,Maharashtra,District_24,2013,1166.81,33.94,129.36,111.51,2829931,245.99,241.27,0.0191
East,Odisha,District_77,2005,857.68,32.23,70.25,94.03,1103284,216.28,236.46,-0.0929
West,Rajasthan,District_90,2013,1136.17,32.57,256.82,234.33,3187086,268.89,266.57,0.0086
North,Punjab,District_122,2017,1149.64,18.22,173.96,134.93,3203507,227,221.66,0.0234
South,Tamil Nadu,District_112,2011,407.21,44.8,226.8,189.43,1869713,339.13,344.7,-0.0164
North,Uttarakhand,District_100,2000,792.54,28.82,111.01,67.37,1248718,116.42,108.32,0.069
Central,Chhattisgarh,District_51,2002,1244.45,8.43,171.76,187.19,505785,93.28,93.45,-0.0018
North,Uttarakhand,District_38,2010,682.46,35.77,157.5,109.17,764039,131.73,100.68,0.2339
East,Odisha,District_4,2004,507.37,24.76,309.34,326,2991311,487.08,467.41,0.0403
East,Assam,District_38,2015,1198.5,23.49,116.57,120.47,453264,75,62.83,0.1601
East,Odisha,District_30,2021,1093.06,12.07,127.57,92.69,172224,28.54,24.59,0.1339
East,Jharkhand,District_68,2016,604.02,21.49,155.51,168.38,418570,83.11,98.18,-0.1791
North,Uttar Pradesh,District_116,2004,952.65,18.9,281.07,294.39,3212812,604.67,561.16,0.0718
East,Assam,District_149,2003,1156.62,12.46,211.69,185.22,3100981,136.21,144.6,-0.0611
West,Maharashtra,District_56,2023,1150.6,4.34,248.85,270.79,31049,5.68,-19.98,3.8424
West,Rajasthan,District_108,2022,941.07,45.77,234.33,245.45,2185068,332.5,317.72,0.0443
Central,Chhattisgarh,District_43,2019,687.04,47.87,213.43,215.03,2500495,111.85,73.53,0.3396
South,Kerala,District_56,2011,923.02,8.35,321.65,291.67,1421445,96.01,55.16,0.4211
West,Rajasthan,District_49,2021,356.24,6.32,279.87,259.44,2927780,519.44,519.4,0.0001
North,Uttarakhand,District_4,2011,457.65,30.69,329.64,285.72,2461356,499.93,457.67,0.0844
South,Telangana,District_5,2009,692.2,40.17,178.27,169.61,2561287,563.26,547.88,0.0273
South,Andhra Pradesh,District_129,2003,1346.07,7.11,201.78,196.37,959537,53.14,71.52,-0.3394
North,Punjab,District_117,2013,609.33,13.88,345.04,311.27,3036489,488.18,463.8,0.0498
East,Jharkhand,District_91,2011,1280.67,45.43,234.64,260.45,708318,140.86,107.27,0.2368
Central,Chhattisgarh,District_110,2016,752.38,14.07,292.74,259.05,237580,29.29,28.8,0.0161
East,Odisha,District_30,2005,1405.15,19.72,218.85,224.58,495474,104.49,79.63,0.2356
East,Assam,District_110,2011,813.29,37.47,279.69,250.12,1604925,192.29,185.46,0.0353
South,Tamil Nadu,District_142,2019,587.86,20.52,241.2,268.89,1939147,85.68,50.88,0.4014
South,Tamil Nadu,District_139,2013,1090.33,3.2,152.42,176.16,684716,34.34,46.29,-0.3379
South,Kerala,District_73,2021,780.51,14.37,333.77,297.86,2496264,225.29,249.76,-0.1081
East,Jharkhand,District_73,2022,987.19,9.15,337.1,318.02,1563542,150.11,117.56,0.2154
North,Himachal Pradesh,District_26,2002,702.51,15.2,126.3,85.3,3049833,429.62,421.62,0.0186
East,West Bengal,District_23,2020,883.89,33.21,278.91,264.56,3388321,524.23,552.92,-0.0546
North,Uttar Pradesh,District_106,2003,1014.99,8.45,270.65,239.9,1781813,361.25,328.94,0.0892
North,Punjab,District_140,2003,852.25,21.52,106.08,109.37,2965673,381.03,394.92,-0.0364
East,Assam,District_129,2018,975.2,15.62,99.14,106.11,1031895,196.11,206.33,-0.0519
West,Maharashtra,District_75,2013,1041.5,12.07,328.63,303.15,2708540,228.59,241.04,-0.0543
West,Rajasthan,District_58,2014,1094.38,25.65,304.07,278.24,3477800,536.43,494.63,0.0778
Central,Chhattisgarh,District_98,2003,450.86,33.3,316.28,301.78,3114795,163.75,183.75,-0.1214
West,Rajasthan,District_121,2003,385.33,40.34,217.52,176.94,2815281,490.46,511.47,-0.0428
South,Telangana,District_119,2013,1293.18,39.37,167.46,143.11,2632141,490.82,447.29,0.0885
South,Kerala,District_2,2011,937.32,23.24,216.5,209.47,811613,62.19,24.41,0.5979
South,Karnataka,District_130,2009,1331.61,38.22,257.48,211.49,936900,51.88,26.68,0.4765
West,Gujarat,District_68,2009,895.69,32.36,184.91,204.81,3029073,272.48,233.86,0.1412
East,Jharkhand,District_62,2000,849.71,23.66,320.55,326.63,2780241,567.97,553.59,0.0253
East,Jharkhand,District_9,2000,711.32,30.99,177.96,193.78,1250498,207.34,206.82,0.0025
North,Uttar Pradesh,District_40,2011,709.71,4.81,264.48,254.23,2448101,200.54,207.79,-0.036
North,Haryana,District_82,2010,914.48,9.58,284.6,297.92,1590276,196.49,167.15,0.1486
South,Tamil Nadu,District_147,2013,1200.62,9.71,302.62,280.1,625021,136.3,112.49,0.1734
South,Karnataka,District_143,2012,894.6,8.76,270.92,238.7,1287193,54.61,60.25,-0.1016
West,Rajasthan,District_101,2001,957.22,5.55,293.09,243.31,3266040,525.06,509.94,0.0288
North,Uttarakhand,District_110,2004,1436.28,44.37,97.74,59.27,2904751,116.26,78.81,0.3194
South,Kerala,District_45,2012,731.88,5.92,339.63,359.16,1674122,188.23,185.13,0.0164
East,Odisha,District_133,2005,1493.79,36.89,285.28,261.56,3214964,265.47,283.47,-0.0675
East,Jharkhand,District_60,2003,874,45.55,112.33,139.1,3071358,385.85,394.44,-0.0222
Central,Madhya Pradesh,District_130,2003,606.12,13.76,98.75,120.02,2700260,259.85,287.91,-0.1076
North,Uttarakhand,District_101,2020,861.89,12.29,257.9,208.77,2939570,362.37,352.74,0.0265
West,Gujarat,District_142,2005,1217.3,45.06,286.88,279.92,3425562,380.91,350.06,0.0808
East,Odisha,District_53,2002,538.91,26.64,71.39,25.7,3033567,133.57,105.58,0.208
East,Bihar,District_7,2013,774.26,24.31,78.97,69.05,77635,12.97,-9.53,1.6106
North,Uttar Pradesh,District_40,2000,671.13,43,85.34,106.67,3382724,716.12,711.18,0.0069
North,Himachal Pradesh,District_140,2002,965.68,16.98,290.07,281,2271894,492.55,466.03,0.0537
North,Uttarakhand,District_98,2000,1068.3,49.23,92.93,43.54,188044,35.15,53.39,-0.5046
Central,Madhya Pradesh,District_117,2020,1137.15,47.39,127.31,145.79,3322910,646.74,603.98,0.066
South,Telangana,District_48,2007,919.39,48.09,124.12,136.05,3090951,296.23,303.31,-0.0238
South,Karnataka,District_77,2006,1249.75,46.96,79.68,87.44,577466,52.23,41.58,0.2
Central,Chhattisgarh,District_63,2023,1020.41,35.97,272.97,289.8,1865487,259.84,233.69,0.1002
South,Kerala,District_67,2021,1065.98,43.32,241.01,201.03,149753,10.29,-31.53,3.7046
West,Maharashtra,District_71,2002,1350.3,36.92,213.03,167.71,2328252,397.24,406.04,-0.0221
Central,Madhya Pradesh,District_6,2020,598.46,21.42,69.64,82.31,2806231,283.78,304.72,-0.0735
North,Uttarakhand,District_27,2003,975.26,22.25,85.33,106.07,3194912,516.49,482.62,0.0655
East,Assam,District_32,2003,607.58,3.21,337.19,361.52,3399723,399.55,364.1,0.0885
Central,Madhya Pradesh,District_73,2008,1412.97,42.16,333,338.38,1670317,257.92,238.1,0.0765
South,Tamil Nadu,District_24,2002,960.41,43.57,180.75,141.53,1533619,109.99,102.59,0.0667
North,Punjab,District_93,2006,999.04,46.07,222.03,231.62,159391,16.02,3.08,0.7603
South,Kerala,District_26,2015,932.3,27.12,287.2,314.89,2479915,338.64,319.96,0.055
North,Uttar Pradesh,District_106,2002,765.44,11.75,273.66,236.59,2888238,175.67,182.2,-0.037
North,Punjab,District_20,2006,1462.46,17.38,303.68,303.94,1662306,304.07,285.75,0.06
East,Jharkhand,District_97,2010,822.26,40.49,161.18,189.77,2208593,424.95,396.88,0.0659
East,Assam,District_42,2005,1149.5,36.04,210.62,162.24,2248984,218.01,235.59,-0.0803
South,Andhra Pradesh,District_3,2005,997.5,37.39,140.64,93.76,3299036,248.79,270.58,-0.0872
North,Uttarakhand,District_9,2003,1165.28,33.27,109,75.9,1361965,260.49,218.37,0.1611
East,Odisha,District_89,2015,752.65,12.19,82.63,73.92,2307435,218.03,194.38,0.108
North,Himachal Pradesh,District_140,2000,600.9,7.37,251.65,227.54,1580796,303.05,259.68,0.1426
South,Tamil Nadu,District_134,2023,1051.07,11.87,227.35,256.92,718374,154.82,182.3,-0.1764
West,Gujarat,District_32,2006,383.88,41.07,123.09,152.17,2364159,360.96,331.45,0.0815
North,Himachal Pradesh,District_8,2017,967.32,28.21,228.42,194.43,2261544,153.76,173.62,-0.1283
North,Uttar Pradesh,District_133,2016,1455.31,23.73,95.84,74.02,2082070,237.61,241.51,-0.0164
Central,Madhya Pradesh,District_56,2011,979.11,49.1,328.77,281.01,3010466,142.98,140.23,0.0191
East,West Bengal,District_56,2000,1071.12,32.04,240.98,241.03,2182456,409.22,410.89,-0.0041
East,Odisha,District_36,2007,939.35,18.93,158.26,114.41,54232,6.51,16.67,-1.3515
East,Bihar,District_33,2008,426.91,44.64,122.49,100.9,2665271,576.84,538.51,0.0663
West,Gujarat,District_124,2006,450.4,26.17,201.62,196.61,1762404,137.96,122.67,0.1101
East,Bihar,District_90,2022,863.15,44.39,103.15,58.26,1029764,111.58,106.86,0.0419
Central,Chhattisgarh,District_76,2014,1019.46,36.48,268.7,260.33,2986960,411.17,404.78,0.0155
North,Punjab,District_112,2016,928.04,29.84,152.66,105.96,311908,25.68,-2.08,1.0406
South,Kerala,District_50,2008,1125.15,2.94,267.69,289.52,685088,122.8,115.01,0.0629
South,Tamil Nadu,District_51,2021,1282.1,34.21,172.4,172.8,2928207,318,328.59,-0.0332
West,Gujarat,District_101,2003,1281.33,26.9,240.47,236.86,3168007,662.7,673.92,-0.0169
North,Uttarakhand,District_80,2005,784.34,31.75,329.72,288.94,84128,8.19,-1.75,1.0813
West,Rajasthan,District_125,2013,907.87,2.91,316.62,283.51,639959,55.08,56.25,-0.0208
East,Assam,District_109,2019,1015.37,35.12,242.58,230.63,2072707,453.99,470.29,-0.0358
West,Gujarat,District_82,2019,902.15,16.63,244.51,215.86,1841927,338.84,356.11,-0.0508
East,West Bengal,District_99,2013,1171.39,16.89,199.51,170.04,3191677,308.51,331.31,-0.0737
West,Rajasthan,District_146,2011,128.5,46.56,312.78,279.47,3071244,585.96,582.02,0.0067
South,Telangana,District_17,2014,664.2,12.23,114.32,115.61,3122134,333.42,326.37,0.0211
South,Tamil Nadu,District_9,2016,1194.86,33.03,186.95,153.51,306626,43.7,49.81,-0.1367
West,Gujarat,District_105,2009,1362.96,2.44,140.15,158.76,2832742,410.37,371.95,0.0934
North,Himachal Pradesh,District_136,2011,721.59,9.55,153.18,148.05,2759485,230.1,197.69,0.1402
South,Kerala,District_8,2003,804.55,19.99,279.5,285.89,2727868,235.57,236.52,-0.004
South,Tamil Nadu,District_83,2013,1171.96,4.51,198.82,169.62,329716,16.94,27.62,-0.5952
South,Tamil Nadu,District_92,2007,1220.64,45.34,301.38,305.09,918987,200.1,179.01,0.1049
East,Bihar,District_56,2021,899.37,16.64,155.43,150.66,3077098,254.48,236.28,0.0713
South,Telangana,District_96,2004,729.95,34.77,299.49,272.22,959919,97.69,80.06,0.1786
East,Odisha,District_32,2000,734.03,32.39,140.67,119.81,426126,49.11,63.63,-0.2897
East,Odisha,District_3,2022,908.75,46.55,173.67,200.2,498843,51.42,79.21,-0.5301
East,Odisha,District_55,2014,566.5,3.18,100.46,121.65,179806,26.22,32.04,-0.2136
North,Uttarakhand,District_83,2007,692.35,46.8,245.06,272.9,1121888,169.66,149.96,0.1154
Central,Chhattisgarh,District_17,2012,795.25,9.13,274.93,284.93,3004052,382.72,398.69,-0.0416
South,Andhra Pradesh,District_55,2016,1022.87,3.46,247.51,226.71,2293353,485.9,454.59,0.0643
West,Rajasthan,District_27,2017,1415.33,35.2,303.14,302.3,1296426,96.33,52.23,0.4531
West,Gujarat,District_20,2018,1251.63,21.55,279.99,279,707942,64.04,91.1,-0.4162
East,Jharkhand,District_112,2010,999.57,2.67,162.48,176.89,3398266,325.04,333.92,-0.0272
East,Odisha,District_51,2006,1054.28,46.34,263.05,290.65,446160,28.16,-9.88,1.3046
West,Maharashtra,District_127,2015,779.63,29.34,315.27,279.36,2911377,349.2,313.65,0.1015
West,Maharashtra,District_71,2013,681.03,36.76,203.61,217.65,325323,26.05,55.67,-1.0954
East,West Bengal,District_32,2014,1271.31,13.85,120.76,150.41,3117011,589.23,582.36,0.0116
South,Tamil Nadu,District_84,2018,589.75,18.58,124.44,92.8,1024680,132.5,108.29,0.1814
South,Kerala,District_61,2018,1397.24,48.55,161.04,150.7,3381728,399.94,367.88,0.08
North,Uttar Pradesh,District_73,2000,222.64,9.74,298,281.9,2862954,401.61,380.46,0.0525
North,Uttarakhand,District_2,2014,922.86,35.54,193.54,188.75,2769548,475.5,501.26,-0.0541
South,Andhra Pradesh,District_34,2012,1337.7,25.84,232.13,190.21,934105,53.88,32.08,0.3972
West,Maharashtra,District_137,2016,1003.29,41.5,306.64,285.31,898065,185.61,156.88,0.154
West,Maharashtra,District_87,2020,788.31,3.26,171.98,161.22,2736921,267.94,285.24,-0.0643
North,Uttar Pradesh,District_18,2015,725.06,16.11,65.7,57.87,170780,14.44,-20.91,2.2899
East,West Bengal,District_107,2023,977.5,39.1,237.25,199.24,2729399,427.92,397.8,0.0702
South,Andhra Pradesh,District_71,2010,827.22,31.57,105.5,67.25,1302054,73.07,34.42,0.5217
South,Telangana,District_103,2002,949.98,45.21,283.3,271.03,720605,88.43,50.42,0.425
Central,Chhattisgarh,District_81,2015,993.59,43.86,268.39,296.46,2458349,525.34,517.31,0.0153
North,Himachal Pradesh,District_13,2012,600.72,21.99,147.7,170.67,910144,149.58,177.97,-0.1885
South,Andhra Pradesh,District_117,2015,795.21,9.24,265.87,238.92,2324421,367.81,339.18,0.0776
East,West Bengal,District_96,2019,709.04,22.62,135.99,127.05,136483,19.56,40.52,-1.019
East,West Bengal,District_8,2007,947.14,9.95,297.88,263.62,878772,192.3,179.67,0.0653
West,Maharashtra,District_3,2004,859.09,11.28,249.49,270.92,2739758,534.62,531.72,0.0054
East,West Bengal,District_83,2022,857.85,49.99,209.08,225.71,919657,68.19,27.19,0.5926
East,Jharkhand,District_58,2005,678.25,37.5,321.04,336.63,2900194,265.24,288.29,-0.0866
East,Bihar,District_49,2023,1367.71,25.97,265.42,235.33,775762,78.5,86.89,-0.1055
South,Telangana,District_138,2000,822.67,16.37,244,203.34,3193945,343.47,368.56,-0.0728
West,Maharashtra,District_67,2001,677.5,37.43,343.61,368.17,1339302,79.24,86.01,-0.0844
East,West Bengal,District_13,2009,975.88,40.08,170.33,154.26,1136647,200.31,200.34,-0.0002
East,Bihar,District_68,2010,908.15,22.19,243.46,233.03,331133,21.18,36.15,-0.6747
North,Himachal Pradesh,District_98,2008,1135.61,21.64,344.17,356.88,2951263,593.55,556.86,0.0617
South,Tamil Nadu,District_36,2018,1026.8,27.53,132.09,114.72,1169230,156.48,122.17,0.2178
East,Assam,District_31,2004,1162.94,45.74,81.16,50.64,1993344,388.24,379.15,0.0234
East,Odisha,District_38,2018,734.21,35.96,66.11,47.44,2168502,344.75,305.58,0.1133
East,Jharkhand,District_115,2021,1228.87,7.96,95.82,116.2,2455859,190.26,162.01,0.1477
East,West Bengal,District_134,2016,963.22,16.35,228.32,236.6,1574861,326.87,317.29,0.0292
South,Karnataka,District_148,2015,1061.39,49.51,206.76,172.11,1994168,289.77,289.15,0.0021
North,Punjab,District_72,2010,990.9,33.41,336.19,323.9,1171323,99.49,83.27,0.1615
North,Punjab,District_58,2002,1066.05,17.93,309.57,263.95,1053858,222.75,205.68,0.0763
West,Gujarat,District_76,2022,990.19,20.27,289.63,295.27,2705089,305.04,288.71,0.0534
East,Bihar,District_91,2017,1114.48,12.79,231.62,205.86,1616572,125.32,126.42,-0.0086
South,Karnataka,District_53,2022,675.42,43.16,122.64,87.82,2785667,227.69,196.59,0.136
East,Bihar,District_20,2015,626.66,9.11,114.31,108.51,2871217,604.46,610.46,-0.0099
West,Maharashtra,District_55,2000,758.38,10.8,166.02,142.46,431893,86.64,85.94,0.008
West,Rajasthan,District_120,2012,565.4,8.99,291.66,287.29,1796067,215.53,178.07,0.173
West,Rajasthan,District_125,2003,1021.38,19.21,199.35,156.99,2099829,92.31,71.33,0.2249
East,Odisha,District_54,2018,856.68,9.78,238.85,197.05,2828805,118.33,96.02,0.187
North,Haryana,District_132,2010,1369.3,20.69,243.57,225.03,1575393,114.9,79.3,0.3071
South,Andhra Pradesh,District_117,2020,910.15,49.7,189.05,176.39,1981388,138.81,114.18,0.1762
Central,Madhya Pradesh,District_130,2003,1043.3,13.5,197.67,207.91,683726,87.68,117.28,-0.3337
Central,Madhya Pradesh,District_57,2011,714.88,38.08,198.39,215.61,2504554,327.43,355.96,-0.0869
South,Kerala,District_116,2019,734.54,22.36,256.64,245.22,1918915,256.71,242.54,0.055
North,Haryana,District_52,2012,641.67,42.4,336.41,326.49,3303820,654.87,633.02,0.0333
West,Rajasthan,District_18,2008,1146.69,43.21,155.23,128.27,3043921,247.24,229.55,0.0713
East,Jharkhand,District_43,2021,1158.8,12.1,287.73,308.86,2674212,549.05,568.95,-0.0362
South,Andhra Pradesh,District_148,2020,535.8,21.82,85.83,106.76,3410196,211.28,229.59,-0.0862
East,West Bengal,District_38,2014,415.73,12.66,226.99,227.18,667738,91,91.97,-0.0106
East,West Bengal,District_29,2007,994.36,37.26,89.8,70.15,2496004,282.28,294.85,-0.0444
North,Uttar Pradesh,District_118,2005,1235.74,47.48,223.85,222.08,3001884,421.47,398.84,0.0536
West,Gujarat,District_8,2015,578.16,42.33,84.24,100.69,1526223,257.11,265.87,-0.0339
North,Haryana,District_116,2011,517.78,2.32,294.21,314.38,826246,59.68,34.93,0.4078
West,Gujarat,District_31,2017,1445.23,44.42,82.85,50.04,936187,68.17,52.15,0.2316
East,Bihar,District_91,2013,793.45,4.41,66.64,62.14,1366686,100.31,71.51,0.2843
West,Rajasthan,District_39,2012,828.77,8.2,325.44,308.44,1185919,102.17,60.67,0.4023
North,Haryana,District_111,2016,1094.79,7.53,248.18,217.42,1153806,67.79,43.39,0.3547
East,Odisha,District_14,2014,659.03,13.38,99.96,90.01,147774,6.19,-20.56,3.7221
West,Gujarat,District_95,2003,856.26,3.37,107.71,66.08,2542676,130,136.01,-0.0459
West,Maharashtra,District_98,2023,949.61,8.83,335.28,286.4,2669388,257.04,268.99,-0.0463
East,Jharkhand,District_50,2009,758.15,49.62,257.4,213.28,348308,26.74,26.14,0.0218
West,Rajasthan,District_104,2005,843.47,39.47,237.44,226.33,594841,91.37,96.14,-0.0516
North,Himachal Pradesh,District_71,2016,1065.16,44.84,159.67,174.91,1377799,197.42,184.11,0.0671
North,Himachal Pradesh,District_127,2016,1102.54,42.91,173.03,161.72,814754,161.67,125.29,0.2236
East,Jharkhand,District_28,2021,617.73,14.98,192.5,162.4,3211540,313.33,335.17,-0.0695
West,Maharashtra,District_64,2003,920.4,7.7,150,176.99,3220760,242.26,267.94,-0.1056
South,Karnataka,District_30,2001,1403.39,32.87,137.58,98.79,637347,60.2,72.17,-0.1956
West,Maharashtra,District_148,2008,533.77,31.02,230.68,210.22,2933645,140.59,117.04,0.1663
South,Karnataka,District_17,2017,1023.48,14.69,69.37,33.72,1413170,304.51,325.77,-0.0696
East,West Bengal,District_71,2007,787.8,39.11,166.79,127.57,3014045,432.13,395.15,0.0854
North,Himachal Pradesh,District_104,2012,762.31,47.98,180.81,199.51,2252499,198.9,190.58,0.0416
South,Kerala,District_26,2007,1093.44,18.11,191.95,208.63,2406495,322.84,329.19,-0.0196
West,Gujarat,District_127,2006,1133.29,26.01,300.99,305.6,3026195,500.41,467.07,0.0665
South,Tamil Nadu,District_53,2011,891.22,15.74,130.24,105.73,1212019,188.07,210.99,-0.1212
South,Andhra Pradesh,District_74,2023,974,7.47,248.24,242.52,1381534,262.97,256.26,0.0254
North,Uttar Pradesh,District_25,2005,1563.15,29.02,167.94,187,1532210,89.57,57.85,0.3502
North,Haryana,District_123,2023,1155.22,15.3,272.69,244.85,1241833,170.08,152.19,0.1046
South,Andhra Pradesh,District_62,2005,432.15,32.2,265.36,244.13,3380192,551.59,519.28,0.0585
East,Odisha,District_18,2005,577.32,41.97,318.3,315.5,2321254,261.43,231.16,0.1153
South,Tamil Nadu,District_86,2014,697.22,32.58,149.5,161.47,2949332,319.02,292.79,0.082
Central,Madhya Pradesh,District_4,2021,1409.22,26.82,132.05,113.53,2507643,516.52,488.4,0.0543
North,Punjab,District_110,2010,693.11,13.15,194.41,173.08,1315372,276.7,298.92,-0.08
North,Uttar Pradesh,District_46,2008,655.34,42.1,315.3,305.19,370537,52.52,66.76,-0.2659
East,Bihar,District_44,2021,794.42,28.21,291.66,260.94,2302811,258.9,287.29,-0.1093
North,Uttar Pradesh,District_91,2015,532.59,46.15,246.12,244.22,3265583,662.75,691.53,-0.0434
North,Uttarakhand,District_1,2015,1426.53,17.69,333.62,311.29,2130319,242.4,241.77,0.0026
South,Karnataka,District_121,2003,694.48,48.5,208.03,215.47,463262,68.73,50.89,0.2558
West,Maharashtra,District_5,2018,1116.52,47.81,126.87,156.39,1092313,197.38,199.16,-0.009
South,Andhra Pradesh,District_59,2016,353.21,17.15,202.43,219.14,1123065,112.14,115.66,-0.0311
North,Haryana,District_43,2004,634.23,16.82,343.84,299.22,1266344,112.49,108.38,0.0362
East,West Bengal,District_26,2009,956.77,34.21,269.83,297.33,1163693,117.63,130.56,-0.109
East,Odisha,District_116,2015,1009.91,13.76,61.35,20.89,410365,74.44,31.17,0.5736
South,Telangana,District_140,2008,727.11,6.72,60.33,90.18,3297558,682.14,662.08,0.0294
North,Punjab,District_65,2011,851.07,36.88,208.83,219.8,1400335,259.82,227.27,0.1248
East,Assam,District_4,2011,593.58,23.89,146.17,164.17,712690,66.23,30.15,0.5366
South,Andhra Pradesh,District_86,2016,1160.54,42.21,203.15,205.95,3283566,512.3,485.93,0.0514
North,Himachal Pradesh,District_124,2003,1143.43,20.69,267.76,284.58,396945,62.6,51.95,0.1675
West,Gujarat,District_133,2023,411.74,18.94,306.63,279.86,194311,23.87,22.44,0.0575
North,Uttar Pradesh,District_38,2013,1246.61,42.39,254.36,233.03,3396647,709.44,716.18,-0.0095
South,Karnataka,District_37,2011,1011.33,18.64,232.22,215.17,301619,43.19,49.77,-0.149
North,Punjab,District_8,2007,1457.04,34.22,133.41,107.29,1839018,274.32,279.49,-0.0188
North,Uttarakhand,District_111,2011,508.96,22.06,177.66,200.73,2749791,353.18,350.2,0.0084
West,Rajasthan,District_23,2006,727.8,10.37,79.66,93.93,2897597,512.73,508.43,0.0084
South,Kerala,District_28,2008,573.04,10.44,194.81,172.98,846733,55.65,23.15,0.5738
Central,Chhattisgarh,District_116,2016,1039.83,8.21,155.89,160.58,2551599,295.67,279.8,0.0535
South,Tamil Nadu,District_68,2021,820.99,21.41,219.92,244.93,40772,4.51,-21.06,4.6416
South,Telangana,District_85,2012,1028.4,9.36,89.78,77.92,901111,79.79,105.29,-0.3156
North,Uttarakhand,District_107,2008,506.39,21.48,101.96,109.78,2404877,169.6,192.8,-0.136
South,Andhra Pradesh,District_49,2001,893.96,20.65,335.68,336,1242552,110.99,123.07,-0.1078
North,Uttarakhand,District_134,2022,1302.98,25.94,144.54,133.25,1510122,294.63,249.96,0.1511
East,Odisha,District_32,2013,648.05,9.5,74.15,71.2,1004237,217.08,190.2,0.1233
East,Assam,District_146,2011,1042.42,4.77,207.57,192.56,1372220,177.84,171.59,0.035
South,Andhra Pradesh,District_29,2000,512.46,47.42,152.1,177.03,1271502,196.66,199.89,-0.0163
North,Punjab,District_38,2014,676.06,4.51,334.91,319.22,793689,110.41,127.13,-0.15
Central,Madhya Pradesh,District_134,2009,966.21,19.59,221.83,211.96,2744803,140.9,126.3,0.1029
North,Himachal Pradesh,District_143,2021,585.19,34.12,166.45,125.98,3051611,422.29,378.66,0.1031
South,Tamil Nadu,District_78,2015,814.97,31.59,94.01,93.1,2116552,167.01,173.61,-0.0393
South,Andhra Pradesh,District_17,2009,1228.33,23.08,138.83,131.92,3483514,653.81,637.94,0.0242
North,Uttar Pradesh,District_117,2001,782.1,13.16,317.83,282.39,2740425,403.26,386.13,0.0424
West,Rajasthan,District_73,2018,867.34,7.35,176.98,138.12,1250221,238.7,216.06,0.0945
East,West Bengal,District_14,2015,1171.05,25.39,110.65,134.43,1677132,351.95,322.97,0.0821
South,Andhra Pradesh,District_2,2013,760.63,11.65,244.81,214.08,1996896,203.89,169.78,0.1665
South,Telangana,District_1,2001,1018.42,3.53,217.45,182.97,3159586,484.38,487.1,-0.0056
West,Gujarat,District_36,2011,1320.17,3.3,93.79,65.32,286881,33.02,3.25,0.875
South,Andhra Pradesh,District_129,2021,421.97,40.73,182.81,148.65,342406,18.44,-23.82,2.1741
Central,Chhattisgarh,District_40,2002,1667.98,23.73,280.65,254.16,2761096,418.31,377.07,0.0984
West,Gujarat,District_37,2023,958.84,33.57,131.61,95.32,3310963,180.57,163.71,0.0928
West,Rajasthan,District_111,2018,1062.95,43.67,303.27,303.45,516071,75.08,83.77,-0.1143
East,Bihar,District_75,2007,745.41,20.03,135.56,135.93,2473824,370.57,348.4,0.0597
West,Maharashtra,District_122,2011,945.71,46.07,287.85,300.28,3025579,571.99,529.65,0.0739
South,Karnataka,District_99,2013,1433.23,19.64,183.42,174.86,3138387,300.03,299.63,0.0014
South,Kerala,District_26,2008,1596.62,48.5,118.49,102.12,1015449,51.09,79.41,-0.5436
South,Andhra Pradesh,District_80,2005,1278.2,17.86,253.64,230.41,2042519,118.28,104.99,0.1114
North,Uttarakhand,District_112,2021,609.77,5,111.02,114.98,1552547,247.13,265.56,-0.0743
East,Odisha,District_149,2004,1312.69,23.28,108.08,113.03,2014318,286.45,264.98,0.0747
West,Rajasthan,District_65,2004,899.41,4.88,220.92,216.43,138927,29.67,-2.52,1.0496
East,Jharkhand,District_142,2006,960.21,10.56,301.8,269.63,2440619,456.16,469.68,-0.0296
South,Andhra Pradesh,District_79,2002,501.29,36.99,163.03,139.68,2198800,358.49,342.73,0.0438
South,Andhra Pradesh,District_146,2020,1107.24,40.45,137.38,99.43,172471,17.86,-8.91,1.4191
East,Assam,District_140,2005,1200.45,39.44,64.18,82.67,906450,152.87,176.83,-0.1558
South,Kerala,District_112,2003,825.19,28.77,161.56,140.09,2414092,316.34,299.79,0.0522
Central,Madhya Pradesh,District_135,2014,913.66,44.89,115.76,138.8,1126509,196.89,222.62,-0.13
East,Odisha,District_129,2021,1243.99,38.06,213.23,202.01,1024484,80.13,62.96,0.2116
South,Telangana,District_120,2011,381.23,13.72,203.28,194.68,1873116,269.64,266.14,0.0129
East,Jharkhand,District_120,2013,1180.57,5.07,316.86,322.01,2889033,139.67,101.1,0.2742
East,Jharkhand,District_119,2000,836.88,6.74,140.99,162.25,1637958,312.49,296.35,0.0515
Central,Chhattisgarh,District_7,2013,1028.61,40.43,278.56,240.75,2201388,250.25,263.61,-0.0532
East,Bihar,District_36,2019,805.66,32.35,183.91,193.9,1267952,186.28,147.31,0.2081
South,Andhra Pradesh,District_63,2018,1284.74,33.14,254.43,232.82,2253460,148.38,104.99,0.2905
North,Haryana,District_96,2004,617.9,4.17,195.64,191.64,2780788,415.84,433.86,-0.0432
North,Himachal Pradesh,District_140,2018,1023.82,12.42,182.61,166.8,92670,19.88,-3.96,1.1419
South,Andhra Pradesh,District_14,2012,446.72,8.87,66.72,30.71,537746,109.3,111.17,-0.0169
Central,Madhya Pradesh,District_104,2021,765.61,18.51,268.47,281.38,2080708,170.93,157.61,0.0775
North,Uttar Pradesh,District_119,2016,383.87,19.33,252.29,237.13,657346,39.98,59.59,-0.4786
East,Assam,District_14,2002,989.13,38.82,96.79,57.19,2618885,305.56,335.44,-0.0975
West,Maharashtra,District_70,2020,497.36,37.27,314.91,318.08,934666,70.93,38.87,0.4457
East,West Bengal,District_86,2019,809.16,45.95,173.62,184.82,1175393,247.87,237.7,0.0409
East,West Bengal,District_75,2018,1460.44,29.83,238.36,197.07,2958471,496.56,477.71,0.0379
North,Punjab,District_85,2001,317.98,19.52,142.21,165.35,2706059,366.3,377.39,-0.0302
East,West Bengal,District_150,2021,562.55,49.18,245.88,208.33,3187345,602.16,558.3,0.0727
North,Haryana,District_14,2022,981.05,30.73,97.56,69.77,2581174,454.54,471.94,-0.0382
West,Rajasthan,District_133,2004,1161.21,44.57,230.81,206.47,1351808,228.63,192.88,0.1557
Central,Chhattisgarh,District_127,2004,1022.94,2.66,324.45,332.46,1211714,80.69,89.31,-0.1055
South,Karnataka,District_40,2009,1046.5,44.29,216.74,221.04,3416148,553.94,542.77,0.0201
South,Andhra Pradesh,District_2,2015,1141.82,11.8,261.26,291.01,2600190,291.72,298.99,-0.0248
North,Himachal Pradesh,District_52,2003,529.39,26.75,247.14,199.92,258447,15.47,-25.26,2.473
East,Bihar,District_1,2004,1201.62,17.9,193.52,220.34,1456083,179.22,188.83,-0.0533
North,Himachal Pradesh,District_31,2016,1079.73,15.16,77.94,58.84,3467209,302.87,269.98,0.1082
East,West Bengal,District_64,2006,940.97,29.43,183.25,194,1446724,300.95,326.88,-0.0859
East,West Bengal,District_122,2000,510.85,9.33,181.68,162.57,1680916,271.56,263.57,0.0293
North,Haryana,District_114,2012,1174.07,18.4,113.76,129.49,1590882,227.3,215.35,0.0523
West,Maharashtra,District_32,2009,1267.89,16.74,88.26,46.52,1311592,210.88,223.35,-0.0589
South,Kerala,District_124,2005,1139.24,40.08,167.8,134.6,1669879,108.24,131.64,-0.2142
South,Karnataka,District_140,2008,631.93,36.58,264.15,238.14,3080350,433.17,417.12,0.037
North,Himachal Pradesh,District_113,2021,956.79,33.08,280.25,240.92,847050,150.37,132.9,0.1154
North,Himachal Pradesh,District_32,2013,1057.07,41.21,68.32,92.07,1560504,114.37,75.9,0.3335
Central,Madhya Pradesh,District_6,2005,956.99,17.53,221.04,232.24,201901,36.3,5.13,0.8356
Central,Madhya Pradesh,District_62,2005,625.05,49.9,179.54,207.99,1539210,168.89,198.37,-0.1735
North,Haryana,District_140,2006,1237.16,28.5,236.24,263.8,616213,114.84,135.18,-0.1756
North,Punjab,District_123,2009,903.29,46.44,118.3,141.79,2827770,139.75,96.87,0.3046
South,Andhra Pradesh,District_26,2018,1112.81,34.63,312.84,281.96,229302,35.38,51.09,-0.4317
North,Punjab,District_95,2021,355.58,29.74,214.76,228.1,2528856,502.36,521.09,-0.0372
West,Gujarat,District_101,2012,897.99,17.79,174.17,168.04,1931187,225.85,201.35,0.108
East,West Bengal,District_119,2013,710.74,12.16,195.94,173.66,1887825,202.27,197.37,0.0241
East,Jharkhand,District_38,2000,1128.21,21.95,214.27,166.26,2063589,241,197.92,0.178
South,Andhra Pradesh,District_118,2003,1017.01,7.17,119.97,122.67,257462,50.04,19.51,0.5982
North,Uttarakhand,District_100,2000,708.07,29.6,138.4,154.56,782442,35.53,42.24,-0.1837
North,Uttarakhand,District_78,2001,1273.13,40.69,192.43,210.44,344931,42.98,48.63,-0.1283
North,Himachal Pradesh,District_114,2001,791.86,33.93,272.8,265.26,2016562,356.79,337.21,0.0547
South,Telangana,District_36,2014,634.94,25.85,60.63,41.55,2113958,315.4,309.97,0.0172
East,Assam,District_71,2000,962.66,34.28,210.83,234.04,1730844,173.29,192.62,-0.1109
South,Tamil Nadu,District_92,2016,1007.47,15.53,320.75,337.99,528229,98.91,67.97,0.3097
North,Haryana,District_54,2011,824.49,17.26,341.42,301.28,152733,14.73,5.06,0.6147
North,Haryana,District_100,2016,492.49,15.37,299.11,263.58,3054215,597.14,584.43,0.0213
East,Bihar,District_45,2020,908.51,31.14,280.03,275.99,1472290,65.95,32.99,0.4923
Central,Madhya Pradesh,District_91,2020,1211.19,10.5,255.42,256.83,2745599,125.69,99.94,0.2033
North,Uttarakhand,District_87,2014,741.57,35.56,304.45,332.86,879733,112.81,137.1,-0.2134
Central,Madhya Pradesh,District_72,2021,798.27,41.72,137.13,95.99,517551,40.65,64.26,-0.5668
South,Andhra Pradesh,District_101,2002,1022.09,41.66,120.42,119.39,922495,87.7,59.51,0.3179
North,Punjab,District_97,2015,1162.92,33.32,347.02,360.7,3099002,670.61,689.1,-0.0275
North,Himachal Pradesh,District_47,2018,911.59,32.87,314.58,311.81,3123826,199.29,205.49,-0.0309
North,Haryana,District_135,2008,1121.33,20.3,170.39,171.81,727622,89.26,48.2,0.4549
Central,Madhya Pradesh,District_83,2018,982.64,30.29,141.41,142.06,1265313,223.91,202.38,0.0957
North,Uttarakhand,District_90,2018,1064.59,21.96,143.33,130.11,2926577,409.43,379.29,0.0734
North,Himachal Pradesh,District_104,2002,770.24,8.24,81.97,63.6,2654174,277.68,246.99,0.1101
West,Maharashtra,District_8,2023,529.76,7.76,193.76,213.97,1914771,117.9,112.55,0.045
South,Tamil Nadu,District_60,2003,1226.17,8.93,243.71,241.32,3099460,571.1,576.16,-0.0088
East,West Bengal,District_128,2021,1288.93,9.06,313.3,326.33,378191,28.06,33.06,-0.1722
North,Punjab,District_83,2007,304.63,43.77,321.21,325.13,1006370,93.25,71.58,0.2299
South,Karnataka,District_27,2005,1014.09,2.02,77.31,72.7,772385,89.38,104.6,-0.1685
South,Kerala,District_108,2002,1266.49,22.35,132.37,128.17,3043488,286.07,311.86,-0.0898
West,Maharashtra,District_65,2003,685.77,24.8,120.59,143.29,371470,59.42,30.1,0.4853
West,Maharashtra,District_19,2014,903.14,4.26,141.39,141.95,2034590,296.52,254.74,0.1404
South,Telangana,District_8,2005,160.63,29.55,106.04,94.63,1200997,84.99,100.93,-0.1854
East,Odisha,District_28,2022,1379.72,15.09,299.09,257.69,2989145,451.21,457.5,-0.0139
East,Assam,District_97,2004,906.25,4.19,243.35,243.47,1696641,351.41,346.58,0.0137
North,Uttarakhand,District_143,2006,894.21,40.18,247.65,200.35,2158404,358.84,323.68,0.0977
West,Rajasthan,District_65,2015,759.62,6.84,129.24,157.32,3049380,138.23,108.18,0.2158
East,Assam,District_74,2007,882.06,39.82,203.53,199.2,965364,137.32,157.96,-0.1492
West,Rajasthan,District_42,2013,366.91,38.7,134.74,110.81,3088973,504.3,508.93,-0.0092
North,Haryana,District_50,2002,659.9,23.25,134.7,89.75,1647408,259.66,247.88,0.0452
North,Uttarakhand,District_7,2020,926.5,5.1,240.31,205.2,1135210,190.08,204.4,-0.0749
East,West Bengal,District_53,2001,686.14,10.84,70.58,32,796581,69.34,72.25,-0.0414
Central,Madhya Pradesh,District_2,2011,753.63,25.65,164.17,149.95,1597459,124.56,88.38,0.2881
East,Jharkhand,District_146,2017,991.29,2.73,77.14,67.07,1172291,182.4,210.29,-0.152
East,Bihar,District_88,2005,932.81,19.76,214.46,242.81,416549,65.72,38.78,0.4038
North,Haryana,District_128,2006,444.44,13.96,226.14,185.6,262298,45.69,42.78,0.0623
West,Rajasthan,District_147,2015,1253.54,22.58,125.34,114.79,3305338,345.92,361.61,-0.0452
North,Haryana,District_91,2011,1178.95,37.44,157.05,114.5,2651620,232.89,199.67,0.142
North,Himachal Pradesh,District_144,2004,797.04,21.52,276.38,290.27,1873222,277.52,258.95,0.0667
East,Bihar,District_113,2013,1203.23,11.94,240.47,224.06,1306293,209.26,238.67,-0.1398
South,Kerala,District_19,2018,1122.35,41.99,209.72,164.21,2700247,385.47,411,-0.0661
East,Bihar,District_33,2016,653.53,37.74,320.67,329.86,1010437,48.12,49.13,-0.0205
South,Andhra Pradesh,District_26,2003,855.5,16.06,126.3,104.72,1497366,82.09,44.39,0.4537
North,Punjab,District_60,2001,1513.49,24.52,275.38,225.39,2495007,206.97,213.7,-0.0324
North,Himachal Pradesh,District_139,2010,1310.26,17.17,293.74,315.82,2467391,447.04,473.06,-0.0581
North,Uttar Pradesh,District_58,2009,1095.78,27.04,323.94,316.1,1528058,330.37,320.5,0.0298
West,Gujarat,District_100,2022,1061.72,26.72,142.8,93.03,3415216,312.63,301.13,0.0367
South,Telangana,District_18,2005,1439.35,42.1,266.25,275.38,2217518,203.06,171.95,0.1525
South,Andhra Pradesh,District_20,2017,1198.98,2.16,156.74,133.98,3004201,213.23,191.4,0.1019
North,Uttarakhand,District_62,2016,581.73,35.07,101.28,99.41,222111,36.47,7.79,0.7653
North,Himachal Pradesh,District_129,2009,957.36,10.08,295.48,324.9,3286334,682.35,663.26,0.0279
South,Kerala,District_15,2017,956.22,17.29,171.11,165.9,214257,24.97,22.42,0.0982
East,West Bengal,District_150,2015,634.53,28.54,286.93,279.16,1572552,67.12,65.24,0.0276
West,Gujarat,District_8,2001,455.66,14.45,256.72,238.58,679367,125.48,102.73,0.1798
East,Odisha,District_108,2008,1081.35,13.11,173.17,147.54,3198629,397.55,414.87,-0.0435
West,Rajasthan,District_86,2001,868.89,9.24,243.72,219.79,1109390,146.78,124.93,0.1479
Central,Madhya Pradesh,District_53,2017,811.76,17.22,248.1,241.33,548235,102.71,69.82,0.3171
East,Odisha,District_16,2007,638.59,36.57,131.5,144.33,1101422,230.84,253.78,-0.099
North,Punjab,District_19,2018,1132.59,25.38,103.96,58.06,3187983,474.37,472.21,0.0045
North,Himachal Pradesh,District_10,2011,1034.17,29.82,152.73,166.89,3039919,179.53,173.19,0.0351
East,Bihar,District_107,2019,1102.48,42.81,271.76,244.12,107981,18.09,13.17,0.2575
North,Himachal Pradesh,District_21,2017,827.31,8.37,93.2,121.36,2711099,416.44,386.93,0.0707
North,Punjab,District_34,2008,585.94,2.7,315.31,268.98,1439413,252.88,244.43,0.0333
West,Maharashtra,District_27,2001,1110.56,30.65,228.02,205.29,2310312,125,131.73,-0.0534
North,Punjab,District_130,2007,772.2,34.33,207.1,166.59,1026237,214.36,183.36,0.144
South,Telangana,District_111,2015,562.98,16.61,246.59,241.99,2983299,561.48,533.76,0.0493
South,Andhra Pradesh,District_59,2000,1271.45,33.81,320.08,329.95,1985222,399.35,402.39,-0.0076
West,Maharashtra,District_7,2006,640.4,12.3,217.94,236.15,276887,50.11,60.09,-0.1952
Central,Chhattisgarh,District_98,2021,527.57,2.74,178.06,167.44,1680222,315.87,288.22,0.0873
North,Uttar Pradesh,District_142,2015,1132.61,6.82,256.76,265.5,3087687,262.79,222.21,0.1538
West,Maharashtra,District_100,2012,1051.84,26.54,97.4,105.03,1154509,71.59,94.24,-0.3119
Central,Madhya Pradesh,District_111,2022,1449.92,24.61,252.08,205.54,3482443,648.53,656.3,-0.012
East,Jharkhand,District_141,2004,1211.32,18.63,165.85,117.51,1749938,103.59,123,-0.1856
East,West Bengal,District_113,2003,793.49,16.66,172.29,124.97,1759270,273.95,258.02,0.0579
North,Himachal Pradesh,District_95,2011,1099.87,9.67,192.36,221.75,1253015,79.3,98.47,-0.2388
West,Rajasthan,District_88,2013,737.25,14.5,119.28,120.82,649889,114.4,109.17,0.0454
West,Maharashtra,District_61,2007,1018.59,36.44,190.73,152.62,3345445,585.01,575.95,0.0154
East,Bihar,District_3,2007,1544.8,35.75,160.54,164.11,818811,91.34,70.74,0.2231
East,Jharkhand,District_138,2018,950.76,20.17,117.99,78.24,1219244,64.82,51.9,0.1962
West,Maharashtra,District_4,2023,368.41,22.21,292.04,299.58,1346639,67.39,38.22,0.4266
South,Karnataka,District_15,2002,1245.71,41.83,176.34,155.22,3432348,311.92,330.36,-0.0589
West,Maharashtra,District_33,2014,1126.81,10.89,323.56,320.67,1533282,174.12,148.53,0.1461
South,Tamil Nadu,District_73,2001,479.49,6.83,295.75,245.99,752445,158.24,159.07,-0.0052
East,Odisha,District_90,2019,623.33,4.25,206.02,230.75,475741,30.43,47.27,-0.5362
South,Karnataka,District_75,2004,1434.83,40.37,198.67,217.06,1210629,227.49,236.17,-0.038
North,Himachal Pradesh,District_102,2015,943.62,48.45,326.95,328.18,2302639,318.93,344.25,-0.0791
East,West Bengal,District_20,2002,418.42,21.38,250.82,250.03,2454389,186.01,177.98,0.0429
West,Gujarat,District_140,2006,927.84,7.93,133.02,117.99,786581,71.78,53.52,0.251
North,Punjab,District_92,2007,1240.71,40.99,150.59,128.79,2632736,445.96,407.41,0.0863
East,Assam,District_78,2011,1287.05,36.63,135.55,118.93,1639536,199.06,171.02,0.1402
Central,Chhattisgarh,District_75,2020,1216.66,6.06,289.03,310.54,1852302,208.08,175.23,0.1571
South,Karnataka,District_135,2008,1161.9,26.47,251.51,201.69,2082885,185.96,178.88,0.0379
East,Odisha,District_139,2016,888.46,45.83,265.47,241.27,2125216,416.27,440.66,-0.0584
East,West Bengal,District_14,2011,980.12,26.88,108.88,128.54,2223574,315.67,344.21,-0.0901
East,Jharkhand,District_125,2008,612.76,13.32,293.02,303.62,3442425,167.22,155.98,0.0668
East,Bihar,District_53,2004,653.13,34.37,247.54,269.43,2658187,206.61,186.52,0.0968
North,Haryana,District_60,2009,794.95,28.33,293.11,308.96,862885,130.21,96.19,0.2593
Central,Chhattisgarh,District_54,2003,835.69,10.32,297.18,310.08,1044658,101.55,69.37,0.3138
South,Telangana,District_37,2001,1131.86,2.15,246.94,223.8,2035014,444.67,457.6,-0.029
South,Karnataka,District_113,2020,880.59,34.39,259.36,219.4,2152807,154.6,149.11,0.0353
East,Assam,District_30,2000,1094.47,22.95,209.98,175.35,1348814,144.77,137.42,0.0504
North,Punjab,District_9,2008,1029.36,17.88,280.65,268.14,1575663,244.65,220.37,0.0988
West,Gujarat,District_99,2009,932.66,12.84,204.14,197.49,1966112,298.28,265.2,0.1105
East,Bihar,District_16,2008,822.16,45.64,147.79,117.47,1630789,344.24,352.35,-0.0235
North,Himachal Pradesh,District_99,2015,1382.69,28.64,292.45,281.34,797360,153.01,113.93,0.2537
North,Uttar Pradesh,District_98,2012,1126.79,42.33,322.02,276.47,1070478,62.99,21.75,0.6444
East,Assam,District_12,2007,302.96,10.76,180.16,192.95,1641070,87.72,99.49,-0.1327
West,Rajasthan,District_98,2005,876.9,9.67,268.31,232.03,2425688,393.43,402.43,-0.0228
East,Jharkhand,District_137,2001,956.13,13.62,65.21,67.48,1750579,329.11,309.33,0.0599
South,Andhra Pradesh,District_9,2017,431.55,21.65,182.91,159.63,1415077,153.98,165.89,-0.0769
South,Telangana,District_7,2019,725.09,12.44,147.69,108.55,2082285,200.08,188.11,0.0596
East,Odisha,District_68,2018,815.81,45.33,91.7,89.79,1331277,66.98,90.37,-0.3439
West,Rajasthan,District_8,2010,797.3,14.63,166.45,164.99,3015288,652.53,672.06,-0.0299
North,Himachal Pradesh,District_112,2013,716.27,45.9,178.27,172.59,2508310,245.23,245.17,0.0003
West,Maharashtra,District_28,2017,1365.22,2.84,186.9,189.99,568187,24.29,8.03,0.6431
South,Kerala,District_74,2017,771.35,35.87,98.17,92.67,1429044,94.6,97.68,-0.0321
East,Assam,District_109,2018,820.63,21.24,154.57,106.45,2518923,496.57,496.66,-0.0002
North,Uttarakhand,District_133,2008,912.74,41.94,205.25,222.4,731193,91.79,62.01,0.3209
South,Tamil Nadu,District_98,2014,932.06,18.35,322.81,309.22,2508928,266.62,252.07,0.0544
South,Karnataka,District_34,2000,1207.61,24.86,82.28,72.6,3036837,437.65,418.98,0.0426
West,Gujarat,District_71,2002,1169.97,39.28,135.2,99.03,3329270,238.44,242.18,-0.0156
South,Karnataka,District_139,2009,677.19,15.56,112.47,89.05,1243952,194.95,199.17,-0.0215
East,Odisha,District_147,2012,691.49,38.95,97.59,81.9,282791,16.7,36.05,-1.0938
West,Maharashtra,District_71,2011,737.09,13.48,250.36,279.36,2494218,512.52,509.73,0.0054
West,Gujarat,District_65,2020,846.13,47.18,173.81,127.67,1263461,200.76,230.1,-0.1454
North,Himachal Pradesh,District_4,2003,1122.35,44.49,114.34,112.41,2372901,198.03,188.68,0.047
South,Andhra Pradesh,District_146,2021,846.11,4.37,170.08,186.16,2952289,307.85,283.39,0.0792
East,Odisha,District_68,2005,964.53,21.29,349.85,357.22,2626306,452.74,431.03,0.0478
East,Assam,District_119,2000,1067.44,3.05,324.1,336.86,681396,89.85,82.34,0.0827
East,Assam,District_3,2014,546.96,35.1,132.9,85.57,429437,33.92,32.09,0.0524
West,Maharashtra,District_92,2015,1196.15,42.43,133.91,84.14,3320534,374.66,334.88,0.1059
Central,Chhattisgarh,District_56,2013,1138.05,34.66,307.46,314.11,1766920,343.14,317.72,0.0739
West,Maharashtra,District_149,2002,765.88,9.42,236.24,215.94,3127666,542.75,526.66,0.0296
West,Gujarat,District_142,2010,837.85,47.6,220.09,223.94,369235,78.06,51.97,0.33
East,Bihar,District_113,2005,1251.58,2.93,176.29,185.7,1944548,113.64,98.57,0.1314
West,Gujarat,District_71,2008,623.36,28.19,157.1,180.91,1888918,309.11,316.37,-0.0234
North,Punjab,District_33,2007,1040.53,22.9,319.73,273.74,304279,20.47,31.54,-0.5153
South,Tamil Nadu,District_38,2019,1076,34.35,134,159.52,2721600,322.48,320.28,0.0068
West,Maharashtra,District_60,2003,859.56,34.55,282.59,274.55,589287,110.31,135.1,-0.2228
West,Maharashtra,District_48,2021,1095.97,11.85,255.09,274.15,1524053,331.42,336.01,-0.0138
North,Haryana,District_113,2018,472.56,48.62,102.21,128.96,3268433,515.75,474.03,0.0807
East,Odisha,District_11,2017,1074.08,25.99,298.03,295.02,3039735,622.2,624.84,-0.0042
South,Karnataka,District_16,2022,1095.22,49.17,226.99,179.12,2993418,391.51,419.11,-0.0703
West,Gujarat,District_66,2000,1295.15,44.49,243.48,271.92,2607925,429.84,455.29,-0.0591
South,Telangana,District_139,2022,1119.18,41.24,72.48,91.49,2993677,526.9,525.97,0.0018
West,Maharashtra,District_61,2011,937.18,8.24,225.78,193.41,3359489,328.86,316.77,0.0367
East,West Bengal,District_20,2016,709.87,14.51,176.34,179.73,1862214,81.22,59.21,0.2677
East,Assam,District_29,2016,882.54,47.02,321.62,272.58,2618179,230.01,209.96,0.0868
East,Bihar,District_61,2006,1510.97,46.37,326.35,298.78,966549,202.59,189.8,0.0628
East,Odisha,District_147,2011,829.54,7.54,198.13,189.72,803929,66.29,94.47,-0.4188
East,Jharkhand,District_19,2020,830.27,21.07,199.96,216.42,457466,67.86,49.24,0.2705
East,Jharkhand,District_73,2004,904.85,11.47,167.01,175.24,703071,40.88,57.89,-0.4061
North,Uttar Pradesh,District_84,2019,1336.59,18.75,155.6,125.66,2435478,136.29,106.51,0.2169
South,Telangana,District_86,2013,1656.78,30.6,253.68,212.47,162972,34.1,3.39,0.875
South,Telangana,District_121,2009,527.82,44.68,74.4,36.47,2629511,458.36,475.66,-0.0377
North,Himachal Pradesh,District_8,2005,588.61,23.29,179.41,205.56,1818105,171.02,144.48,0.1543
South,Telangana,District_12,2009,762.07,5.55,211.81,232.03,1538525,221.16,207.47,0.0617
Central,Madhya Pradesh,District_7,2003,792.34,4.4,277.46,287.09,2604875,210.58,205.71,0.023
North,Himachal Pradesh,District_55,2010,1157.32,2.42,214.09,167.87,1775963,131.64,111.15,0.1545
North,Haryana,District_131,2018,508.56,9.54,180.27,186.01,1910614,246.93,250.34,-0.0137
South,Telangana,District_56,2012,261.7,21.88,156.92,169.93,1236525,174.64,140.76,0.1929
North,Uttarakhand,District_9,2021,754.86,10.62,84.22,78.59,770288,80.11,52.23,0.3438
Central,Madhya Pradesh,District_98,2020,605.36,31.53,165.21,179.86,2534086,506.21,487.74,0.0364
East,Bihar,District_20,2007,926.25,36.46,319.91,288.05,2910949,345.37,311.86,0.0968
North,Uttarakhand,District_129,2018,1281.52,14.23,63.3,42.68,3095542,490.38,456.78,0.0684
Central,Chhattisgarh,District_108,2017,1040.48,41.6,143.51,141.09,795765,65.16,46.18,0.2869
East,West Bengal,District_136,2001,617.11,16.17,298.39,327.25,434485,36.61,10.94,0.6825
North,Himachal Pradesh,District_121,2021,1318.94,5.36,200.71,204.81,1432072,115.93,105.17,0.092
North,Haryana,District_134,2014,1015.45,49.96,317.21,342.51,3370559,434.78,446.39,-0.0266
East,Odisha,District_69,2006,851.66,4.94,213.67,204.45,2019795,428.83,432.87,-0.0094
North,Uttarakhand,District_76,2007,817.47,43.67,338.31,292.85,2429274,488.46,496.78,-0.017
East,Odisha,District_63,2011,1011.28,25.43,88.64,64.43,1561215,171.11,152.54,0.1079
South,Karnataka,District_117,2010,621.5,49.6,128.59,85.17,1216136,252.44,220.02,0.1279
East,West Bengal,District_62,2014,1420.68,13.24,330.78,338.85,1943370,212.24,234.31,-0.1035
East,Jharkhand,District_93,2002,668.33,45.39,178.38,129.95,616230,117.42,128.19,-0.091
South,Telangana,District_144,2016,453.37,23.29,297.41,307.56,267230,18.82,37.21,-0.9282
East,Bihar,District_93,2020,1151.65,39.07,137.29,137.23,2273632,159.35,120.62,0.2415
North,Punjab,District_59,2014,1241.11,21.92,191.75,155.35,2630479,110.46,134.68,-0.2173
East,Jharkhand,District_59,2018,795.56,19.44,349.82,356.48,221376,48.66,49.87,-0.0245
Central,Madhya Pradesh,District_138,2007,1086.75,40.49,80.19,60.67,2502673,414.22,420.12,-0.0142
East,Jharkhand,District_150,2021,517.7,40.53,341.81,368.31,3048824,261.4,259.89,0.0057
Central,Madhya Pradesh,District_67,2009,1089.19,39.36,195.24,151.95,2981017,285.17,244.03,0.1437
East,Odisha,District_81,2003,1217.83,48.13,180.37,158.21,1369671,213.14,219.8,-0.0311
East,Bihar,District_105,2013,962.77,24.03,221.38,214.95,3060427,244.42,270.59,-0.1066
North,Haryana,District_38,2018,773.49,38.48,151.78,151.73,2784902,365.64,380.18,-0.0396
North,Punjab,District_51,2005,1241.62,8.83,214.54,195.8,3041505,664.58,664.22,0.0005
East,Assam,District_4,2005,1202.77,7.12,298.24,311.26,1711302,71.58,99.18,-0.3804
East,West Bengal,District_108,2008,916.17,18.13,319,304.26,576357,102.93,71.61,0.3013
Central,Chhattisgarh,District_121,2023,711.58,42.38,181.93,142.52,2361120,279.66,246.77,0.1172
East,West Bengal,District_33,2001,335.37,10.63,203.65,213.46,2170024,151.21,114.42,0.2417
East,Jharkhand,District_7,2022,1191.16,49.57,163.52,170.15,105061,21.11,-12.97,1.5413
South,Tamil Nadu,District_19,2004,1075.9,47.43,314.47,275.55,3471665,661.2,646.96,0.0215
North,Haryana,District_136,2012,960.42,32.36,327.34,282.95,819360,153.55,138.65,0.0964
East,Jharkhand,District_91,2004,886.03,12.98,158.25,138.87,254013,36.53,44.82,-0.221
South,Kerala,District_143,2007,848.89,11.97,281.71,236.88,321243,35.05,56.18,-0.5862
South,Andhra Pradesh,District_31,2010,1065.34,28.04,259.12,223.81,2214024,131.32,115.17,0.1221
East,Odisha,District_28,2023,924.67,41.47,228.79,181.75,2774897,353.52,359.59,-0.0171
West,Maharashtra,District_19,2023,874.73,44.97,342.57,306.99,2128600,426.45,440.07,-0.0318
South,Telangana,District_115,2013,1471.02,39.45,73.91,81.11,2678012,326.44,287.32,0.1195
East,Assam,District_112,2009,1121.27,5.77,300.85,270.12,1096095,58.77,43.87,0.2493
North,Punjab,District_35,2023,895.96,32.8,296.76,303.67,930428,110.82,118.62,-0.0698
South,Tamil Nadu,District_131,2002,978.15,46.96,273.2,257.03,3025817,322.26,347.98,-0.0796
Central,Madhya Pradesh,District_2,2018,295.32,39.47,264.58,252.38,957192,55.53,56.7,-0.0206
North,Uttarakhand,District_95,2021,925.11,17.36,153.85,173.29,2452341,405.25,380.18,0.0617
East,Assam,District_98,2010,1131.47,2.55,138.45,161.08,810656,142.86,167.48,-0.1712
East,Assam,District_46,2016,976.17,24.68,222.52,195.45,3276351,140.81,161.62,-0.1468
North,Uttarakhand,District_72,2003,980.98,9.8,279.15,273.94,2509318,159.85,172.28,-0.0773
South,Karnataka,District_77,2015,1246.32,37.37,306.4,262.74,2134165,381.92,410.41,-0.0744
East,Odisha,District_13,2018,839.59,47.96,284.88,302.94,729047,127.91,155.36,-0.2129
North,Haryana,District_135,2018,1120.87,5.17,77.94,85.1,1299208,172.87,176.84,-0.0229
North,Haryana,District_110,2009,1055.9,28.06,334.49,353.02,53199,8.26,29.3,-2.2733
East,Odisha,District_99,2010,1004.2,18.43,292.34,302.26,2698185,290.68,274.81,0.0544
South,Tamil Nadu,District_37,2001,827.82,10.05,283.7,267.67,2599234,328.41,354.74,-0.0799
West,Rajasthan,District_111,2016,895.79,28.22,83.17,39.4,1919334,398.55,380.36,0.0455
West,Gujarat,District_148,2019,766.4,44.12,155.5,119.19,1258517,271.93,253.35,0.0681
East,Odisha,District_26,2011,542.84,48.24,113.65,79.15,1812615,319.65,349.12,-0.0919
South,Andhra Pradesh,District_43,2003,636.63,25.84,273.86,241.24,2097832,242.12,240.69,0.0059
South,Andhra Pradesh,District_71,2015,862.47,40.74,147.05,142.45,106006,12.08,-25.83,2.8979
East,Assam,District_58,2005,638.79,37.97,103.96,88.3,2219817,112.37,102.31,0.0887
South,Andhra Pradesh,District_67,2019,853.15,2.58,296.22,269.24,431793,75.2,60.24,0.1963
East,West Bengal,District_60,2021,932.65,28.56,234.69,206.11,1039395,182.78,162.59,0.1099
West,Gujarat,District_37,2003,1054.31,9.36,127.78,136.52,612783,133.64,126.42,0.0536
West,Rajasthan,District_142,2016,1067.05,43.49,113.91,95.57,825790,40.49,34.3,0.1493
South,Tamil Nadu,District_8,2019,735.97,32.57,302,278.81,1174547,202.34,179.73,0.1112
West,Maharashtra,District_139,2017,849.73,38.91,206.54,199.9,3241314,621.97,648.62,-0.0428
West,Rajasthan,District_2,2015,941.71,48.64,287.93,288.44,363752,72.42,88.31,-0.2164
North,Uttar Pradesh,District_95,2006,413,27.06,208.48,190.17,1241769,252.48,222.68,0.1175
South,Andhra Pradesh,District_147,2013,1099.63,48.53,146.33,153.68,730382,126.74,96.94,0.2333
East,Assam,District_134,2004,1360.44,30.66,249.08,251.16,3000212,131.66,111.19,0.1543
East,Assam,District_76,2003,1352,12.48,125.75,121.3,679373,36.42,36.92,-0.0134
East,West Bengal,District_114,2013,1234.62,6.52,223.57,224.51,1497537,145.03,159.49,-0.099
North,Punjab,District_68,2002,528.75,35.51,95.94,50.08,257862,54.11,21.61,0.5897
Central,Madhya Pradesh,District_72,2023,789.36,34.67,324.57,343.43,2306472,260.07,288.91,-0.1105
East,West Bengal,District_91,2002,973.98,17.98,315.55,330.91,2629482,392.3,348.41,0.1116
South,Karnataka,District_20,2010,1072.08,26.85,183.45,183.99,3320104,583.07,605.16,-0.0378
South,Tamil Nadu,District_130,2010,875.26,35.23,205.12,178.5,1480019,64.13,37.99,0.4013
West,Gujarat,District_117,2020,924.75,18.11,172.6,189.9,103410,17.53,-15.39,1.7767
North,Haryana,District_19,2022,1229.22,6.14,216.83,178.15,1890081,143.53,100.2,0.2998
East,Odisha,District_10,2013,761.01,46.13,107.32,92.62,1747311,209.08,165.26,0.2086
East,West Bengal,District_134,2010,945.81,11.85,212.93,180.55,2733929,580.79,564.58,0.0279
West,Rajasthan,District_143,2021,741.4,39.67,214.45,196.6,2837323,330.7,302.65,0.0846
West,Maharashtra,District_3,2007,744.4,33.78,87.55,115.69,59865,4.81,28.89,-4.1431
Central,Madhya Pradesh,District_97,2007,1095.29,37.03,204.41,170.71,1938046,332.11,339.06,-0.0209
West,Rajasthan,District_68,2015,1078.93,11.6,296.47,284.64,1850793,406.7,379.62,0.0664
Central,Madhya Pradesh,District_125,2005,480.11,13.6,258.3,264.84,2543140,151.89,178.94,-0.1769
North,Punjab,District_73,2004,770.62,29.33,207.12,164.06,502106,21.95,27.59,-0.2456
West,Rajasthan,District_23,2016,309.08,21.13,244.36,199.95,1133919,203.76,231.42,-0.1351
West,Rajasthan,District_1,2013,509.98,12.86,202.6,218.93,324529,61.15,51.74,0.1515
East,Bihar,District_126,2017,733.26,48.35,61.25,25.76,3159405,496.28,474.27,0.0443
North,Himachal Pradesh,District_54,2022,1301.62,39.99,336.85,303.69,3375301,632.59,624.93,0.0121
South,Tamil Nadu,District_10,2013,695.5,5.77,272.75,231.38,33484,6.07,-35.23,5.8395
West,Gujarat,District_98,2020,562.01,25.86,174.06,174.26,664195,67.46,50.3,0.2507
North,Uttarakhand,District_61,2020,842.6,2.58,266.23,247.98,2381500,315.56,338.71,-0.0731
South,Telangana,District_124,2016,347.39,43.18,104.31,119.91,501633,36.88,17.27,0.5178
South,Tamil Nadu,District_77,2007,1073.4,25.64,172.12,178.1,1352060,77.41,80.9,-0.0445
South,Andhra Pradesh,District_125,2015,1104.76,16.94,114.31,88.87,3195838,363.01,338.56,0.0672
South,Kerala,District_92,2017,734.04,6.75,279.1,300.27,1703917,295.61,317.86,-0.075
North,Punjab,District_76,2003,1431.98,46.66,103.78,81.52,1834893,75.93,47.9,0.3643
South,Karnataka,District_29,2009,1270.31,24.59,211.93,225.26,2232223,305.15,322.83,-0.0578
East,Jharkhand,District_115,2010,1093.55,17.18,159.39,178.84,1197654,165.07,178.72,-0.0822
South,Karnataka,District_109,2003,598.87,38.7,150.52,157.03,3430799,304.05,317.72,-0.0448
South,Tamil Nadu,District_119,2010,639.26,30.54,129.24,92.69,1639611,93.76,82.98,0.1138
East,West Bengal,District_89,2022,784,43.3,311.35,292.98,2727957,428.43,401.27,0.0632
South,Kerala,District_33,2015,710.64,34.67,314.23,280.95,827773,51.64,17.68,0.6451
North,Punjab,District_106,2021,195.24,42.02,172.75,156.01,2469762,304.07,326.32,-0.0729
South,Karnataka,District_8,2009,620.05,11.62,319.26,269.27,1941964,309.2,293.44,0.0508
West,Gujarat,District_130,2006,952.45,39.29,219.96,245.19,3314099,451.78,454.8,-0.0067
East,Jharkhand,District_16,2017,1055.11,11.54,135.54,142.62,2791336,489.53,470.24,0.0393
East,Odisha,District_67,2021,687.22,49.89,193.34,166.84,264759,28.27,21.02,0.2475
East,Odisha,District_106,2012,1069.14,44.38,97.48,124.18,2791502,255.49,266.16,-0.0416
East,Assam,District_109,2012,917.5,41.38,140.62,118.01,934466,124.74,80.32,0.3533
West,Gujarat,District_14,2008,512.6,29.61,122.39,77.15,2013199,223.59,211.81,0.0524
North,Punjab,District_57,2010,727.17,16.34,200.87,204.09,1848733,290.04,269.53,0.0705
West,Maharashtra,District_79,2014,920.35,35.81,259.37,284.84,1751192,186.7,153.24,0.1783
East,Jharkhand,District_57,2018,917.88,5.35,216.17,190.59,129291,18.75,34.78,-0.8115
South,Tamil Nadu,District_138,2006,845.27,8.88,320.48,290.24,1191367,204.19,161.54,0.2078
East,West Bengal,District_85,2004,935.61,13.15,87.18,96.13,3416095,679.19,668.65,0.0155
North,Himachal Pradesh,District_139,2000,711.32,17.31,179.39,136.45,482211,95.8,56.09,0.4102
North,Uttar Pradesh,District_98,2002,1427.34,38.16,288.75,283.72,2955372,520.02,521.99,-0.0038
East,Odisha,District_91,2017,667.91,17.48,204.52,192.37,1173104,224.95,248.3,-0.1034
East,Bihar,District_13,2016,535.33,3.2,128.17,131.52,2386730,215.43,231.96,-0.0764
West,Rajasthan,District_93,2017,941.58,29.31,214.66,165.81,1278178,261.2,226.1,0.1339
West,Rajasthan,District_41,2017,696.71,44.97,78.23,40.95,2659419,264.74,246.66,0.068
South,Kerala,District_59,2009,662.62,24.33,270.71,244.44,91699,16.75,-0.77,0.9871
South,Tamil Nadu,District_96,2010,986.57,35.11,127,79.43,100240,20.66,-17.46,1.7596
East,Jharkhand,District_56,2017,527,39,126.52,114.82,1465902,150.56,109.63,0.2701
South,Karnataka,District_4,2001,695.01,15.68,105.11,55.71,2367449,203.28,197.78,0.0269
North,Uttar Pradesh,District_135,2003,530.97,31.28,270.16,288.39,1254667,263.55,219.36,0.167
North,Haryana,District_102,2015,839.3,6.88,301.95,301.38,453696,58.66,85.05,-0.4423
West,Maharashtra,District_41,2009,978.04,36.79,96.56,68.86,2507149,539.43,515.85,0.0436
South,Andhra Pradesh,District_7,2007,1302.81,25.09,325.66,309.64,1227793,172.92,128.86,0.2533
South,Karnataka,District_9,2008,1313.9,31.9,244.9,215.94,1889346,172.6,143.04,0.1703
East,West Bengal,District_97,2020,618.05,31.65,78.57,41.47,2440769,238.62,246.64,-0.0334
South,Kerala,District_34,2023,847.47,17.02,249.58,262.87,45089,9.15,-3.99,1.2947
West,Gujarat,District_22,2002,928.9,46.57,344.96,338.65,3036297,195.59,165.78,0.1516
East,Bihar,District_130,2023,1206.05,21.15,302.15,292.67,1045917,84.01,60.68,0.2744
East,Jharkhand,District_6,2000,1103.68,45.03,87.6,48.47,1053084,228.97,231.63,-0.0116
Central,Chhattisgarh,District_39,2003,1233.2,35,71.11,77.77,693138,45.1,11.66,0.7253
North,Uttarakhand,District_101,2006,1345.57,3.15,278.43,262.56,1879907,337.91,338.15,-0.0007
North,Himachal Pradesh,District_80,2010,927.77,34.69,87.49,66.96,756915,103.45,71.08,0.3099
East,Jharkhand,District_132,2023,1148.63,42,106.9,92.92,193874,20.11,42.08,-1.0405
North,Uttar Pradesh,District_78,2008,853.58,25.16,138.82,130.95,3010294,156.29,115.12,0.2617
East,Assam,District_52,2003,915.66,23.61,329.73,289.39,2099734,328.39,292.07,0.1103
West,Gujarat,District_148,2015,1119.99,33.8,69.81,69.8,2194849,376.87,385.33,-0.0224
South,Kerala,District_75,2013,752.45,49.17,258.52,258.69,1498276,141.93,118.23,0.1658
East,Bihar,District_57,2013,1102.9,19.15,295.19,250.19,3226785,141.05,141.16,-0.0008
Central,Chhattisgarh,District_72,2015,1349.62,38.68,175.86,139.01,2460375,193.98,152.94,0.2105
South,Andhra Pradesh,District_137,2016,597.61,19.81,90.34,72.57,1072471,194.65,164.66,0.1533
South,Karnataka,District_98,2000,1090.45,42.85,137.33,97.63,3337965,357.15,315.93,0.1151
North,Punjab,District_101,2011,679.19,32.53,286.01,303.17,1638547,284.74,313.2,-0.0996
Central,Chhattisgarh,District_28,2014,906.82,3.39,256.3,228.29,729304,37.27,38.4,-0.0296
South,Karnataka,District_148,2000,422.62,14.38,158.25,175.18,582599,103.32,93.22,0.0968
South,Kerala,District_60,2014,661.19,6.7,104.37,66.27,3264394,319.3,279.02,0.1258
South,Telangana,District_123,2018,1396.46,30.92,100.9,55.74,728692,99.69,68.02,0.3145
East,West Bengal,District_80,2010,712.28,36.78,97.15,117.28,619855,63.48,46.3,0.2665
Central,Madhya Pradesh,District_22,2003,1036.18,36.36,109.77,130.83,1017628,46.94,37.31,0.2009
Central,Chhattisgarh,District_44,2006,618.39,33.37,280.21,272.52,978379,47.47,12.88,0.7137
North,Punjab,District_64,2002,773.46,5.45,99.67,76.41,891969,177.78,186.72,-0.05
Central,Madhya Pradesh,District_104,2019,601.91,12.08,238.19,251.24,985647,83.34,105.93,-0.2678
North,Punjab,District_134,2023,368.73,27.15,119.77,82.72,2908845,204.52,187.44,0.0831
North,Uttarakhand,District_60,2001,1038.2,34.55,292.61,254.82,2001062,352.36,365.2,-0.0363
North,Punjab,District_65,2013,1309.87,37.57,120.08,82.18,330345,52.09,76.18,-0.4538
South,Andhra Pradesh,District_87,2004,1149.71,4.43,172.65,200.51,3193621,139.33,167.1,-0.198
West,Maharashtra,District_83,2022,1014.87,27.99,251.25,209.77,844806,40.46,13.2,0.6575
North,Uttarakhand,District_105,2000,597.34,40.97,74.47,85.04,397185,59.53,52.55,0.1152
West,Gujarat,District_54,2017,452.85,47.37,273.16,251.95,1288650,224.82,239.62,-0.0655
North,Punjab,District_140,2015,847.91,4.33,88.8,51.49,777435,73.4,66.56,0.0919
East,Odisha,District_61,2010,795.8,45.11,337.96,334.58,2246329,414.44,403.64,0.026
East,Assam,District_124,2016,929.92,9.18,288.19,293.56,1220208,152.16,112.96,0.2559
Central,Chhattisgarh,District_21,2003,1056.73,4.58,84.22,58.34,714957,156.4,131.16,0.1603
East,Jharkhand,District_20,2012,821.7,34.05,296.32,312.31,2905990,483.45,441.83,0.0859
Central,Madhya Pradesh,District_4,2005,1164.79,35.32,316.06,322.36,1249486,69.48,61.92,0.1073
North,Haryana,District_32,2005,1205.02,44.73,305.71,326.35,3061461,267.91,271.71,-0.0141
West,Rajasthan,District_113,2003,799.69,32.51,206.76,170.56,2917587,563.85,579.99,-0.0286
West,Maharashtra,District_109,2015,611.91,7.01,81.6,71.04,3202906,152.54,166.61,-0.0917
South,Tamil Nadu,District_135,2015,1153.7,40.76,287.67,307.29,3249976,572.73,579.82,-0.0124
Central,Madhya Pradesh,District_141,2013,1050.46,7.09,301.59,270.58,1374507,166.3,186.03,-0.118
South,Kerala,District_3,2009,974.19,35.47,292.96,289.14,3279313,358.45,316.68,0.1162
East,West Bengal,District_112,2009,927.24,31.52,208.54,214.31,363006,47.05,14.33,0.681
West,Gujarat,District_134,2010,639.22,31.55,349.25,376.47,1146264,94.44,94.9,-0.0048
North,Himachal Pradesh,District_96,2018,931.73,19.89,320.65,310.29,483396,90.51,116.85,-0.2877
South,Tamil Nadu,District_37,2009,974.43,44.05,204.57,216.83,1990158,123.76,152.91,-0.2337
North,Haryana,District_53,2019,1446.22,34.32,136.69,89.34,3066266,323.34,318.13,0.0161
South,Telangana,District_133,2019,1172.55,44.06,63.2,40.83,2340316,150.68,137.2,0.0888
West,Gujarat,District_121,2014,744.72,36.1,255.91,254.41,3089506,401.35,364.57,0.0914
West,Rajasthan,District_85,2023,509.55,6.47,333.74,304.3,2020632,86.24,47.23,0.4472
Central,Madhya Pradesh,District_43,2016,859.87,18.87,71.93,68.89,1865103,207.68,234.69,-0.1294
North,Punjab,District_3,2010,979.95,27.11,296.48,282.02,1057491,122.73,147.58,-0.2009
East,Jharkhand,District_46,2004,845.83,44.1,226.89,205.21,3356703,435.38,403.71,0.0726
North,Punjab,District_18,2000,749.61,34.95,131.54,126.35,1908589,291.36,250.18,0.1409
South,Andhra Pradesh,District_49,2006,612.39,36.68,270.15,252.8,2622187,339.99,345.1,-0.015
East,West Bengal,District_138,2014,511.4,5.02,289.44,269.98,2809947,123.2,143.48,-0.1633
East,Odisha,District_25,2001,695.09,40.93,200.27,218.59,1727876,303.22,274.98,0.0928
North,Himachal Pradesh,District_120,2019,970.89,24.81,169.52,165.98,3432840,294.52,293.85,0.0023
South,Tamil Nadu,District_18,2011,1090.76,43.39,163.65,148.26,2923459,565.06,551.88,0.0233
Central,Chhattisgarh,District_58,2011,744.31,19.13,184.72,209.02,2539124,366.6,343.69,0.0623
North,Uttar Pradesh,District_50,2008,379.47,21.72,273.31,292.8,552862,107.76,106.37,0.0128
South,Andhra Pradesh,District_110,2018,706.75,30.21,308.3,282.16,205515,15.48,-25.96,2.514
South,Andhra Pradesh,District_95,2019,609.88,45.06,69.56,54.6,1072809,142.81,147.93,-0.0356
South,Kerala,District_66,2017,159.49,46.16,81.32,34.75,2462837,165.68,188.52,-0.137
Central,Chhattisgarh,District_52,2002,268.93,33.34,171.91,159.45,990098,166.29,195.51,-0.1747
North,Uttarakhand,District_40,2003,1103.01,37.04,168.16,186.09,2646422,224.59,205.68,0.0839
West,Rajasthan,District_72,2005,880.23,47.81,146.88,108.46,724838,40.75,53.04,-0.2942
West,Gujarat,District_145,2003,1448.66,39.85,261.57,262.49,2794535,423.45,422.18,0.003
Central,Madhya Pradesh,District_134,2018,969.93,40.04,334.99,364.2,437192,85.64,66.65,0.2191
South,Kerala,District_85,2018,937.02,38.05,267.94,220.76,1747618,224.25,245.49,-0.0943
North,Uttarakhand,District_71,2023,928.19,37.24,303.33,282.51,941381,89.03,112.03,-0.2555
North,Himachal Pradesh,District_122,2006,1195.75,44.12,324.74,324.43,2026178,121.2,97.62,0.193
South,Tamil Nadu,District_1,2007,693.87,9.04,77.67,97.04,3213803,382.52,395.71,-0.0344
West,Rajasthan,District_24,2019,891.71,11.89,191.3,199.08,844956,177.14,162.68,0.0812
Central,Madhya Pradesh,District_37,2005,766.05,6.18,123.17,104.3,968947,67.81,76.6,-0.1278
North,Punjab,District_1,2010,1377.16,2.22,307.48,331.39,1151100,211.67,217.6,-0.0279
East,Bihar,District_14,2004,580.16,26.58,275.75,274.07,1215384,93.1,55.81,0.3962
North,Haryana,District_113,2013,581.96,46.05,63.84,78.32,260971,19.27,-5.1,1.2023
North,Punjab,District_84,2009,563.25,27.74,344.53,355.08,2924081,388.08,407.13,-0.049
North,Haryana,District_31,2007,991.34,41.91,276.84,254.39,1016021,62.16,60.2,0.031
Central,Chhattisgarh,District_101,2012,603.99,10.57,285.96,246.24,513581,67.81,26.3,0.6033
South,Kerala,District_122,2011,947.84,8.82,310.05,300.27,1102365,124.55,131.34,-0.0541
South,Andhra Pradesh,District_134,2010,903.43,26.71,169.62,121.99,3063683,497.6,513.21,-0.0313
North,Haryana,District_21,2019,1120.3,20.11,62.07,58.93,2292448,108.97,103.55,0.0493
West,Rajasthan,District_43,2020,700.2,15.77,346.15,356.16,1442414,135.08,116.78,0.1344
West,Gujarat,District_37,2013,885.45,18.05,316.4,340.53,2564068,355.53,341.29,0.0399
Central,Chhattisgarh,District_114,2015,635.03,14.83,158.52,187.08,2576906,561.45,588.88,-0.0488
West,Gujarat,District_31,2017,267.55,18.3,156.24,114.64,1825175,325.04,287.23,0.116
East,Jharkhand,District_90,2005,684.21,30.57,238.21,210.46,2456840,139.65,161.07,-0.1523
North,Uttar Pradesh,District_94,2014,1148.65,8.46,275.37,282.26,2817196,294.44,263.99,0.1031
South,Telangana,District_109,2006,744.02,47.86,134.02,95.43,547012,77.93,79.97,-0.0258
North,Himachal Pradesh,District_144,2006,644.52,38.74,170.44,185.21,1340562,277,294.15,-0.0617
South,Kerala,District_96,2005,872.8,42.74,181.28,200.34,3133370,303.99,317.69,-0.0449
North,Uttar Pradesh,District_51,2014,784.65,27.11,295.99,287.7,34075,5.69,5.27,0.0632
South,Telangana,District_135,2006,1397.08,17.85,312.96,269.58,3109935,410.9,421.54,-0.0258
North,Uttar Pradesh,District_80,2010,732.39,9.98,253.15,233.97,2418803,416.14,386.94,0.07
East,West Bengal,District_95,2008,544.42,10.28,242.19,257.88,1565569,176.33,165.28,0.0623
North,Haryana,District_4,2019,981.53,2.33,262.87,273.78,2276384,348.47,374.72,-0.0751
West,Gujarat,District_9,2020,1127.99,49.46,105.49,78.05,1318420,274.61,249.89,0.0897
West,Gujarat,District_123,2012,1624.06,46.53,174.2,196.05,2724793,542.64,536.12,0.012
West,Maharashtra,District_65,2008,936.29,23.06,178.13,178.93,2655452,196.11,157.25,0.1972
West,Maharashtra,District_147,2000,491.29,19.61,203.08,179.23,653428,38.15,54,-0.4048
North,Punjab,District_117,2015,1185.24,40.46,113.13,93.07,2235015,379.65,396.73,-0.0449
South,Tamil Nadu,District_122,2023,985.1,8,287.76,254.46,735417,95.76,67.02,0.297
Central,Chhattisgarh,District_27,2001,428.95,17.21,209.69,184.76,463376,99.36,69.89,0.2936
South,Telangana,District_8,2019,360.32,22.32,65.04,37.57,164875,28.43,34.83,-0.2174
Central,Madhya Pradesh,District_46,2004,845.48,20.97,253.63,212.07,340630,45.18,66.27,-0.4567
East,Bihar,District_108,2003,1167.72,5.73,252.08,210.02,2679131,131.85,99.36,0.2446
West,Maharashtra,District_114,2020,582.53,13.51,324.36,329.47,1933619,397.35,412.14,-0.0371
West,Maharashtra,District_81,2003,913.12,6.79,190.46,194.36,2887299,396.9,390.63,0.0158
Central,Chhattisgarh,District_72,2006,1109.24,25.13,85.56,51.38,3272601,614.47,582.63,0.0517
North,Himachal Pradesh,District_5,2010,948.83,7.15,263.5,291.9,1798796,137.42,126.29,0.0804
East,Odisha,District_44,2018,977.03,28.64,81.85,75.33,953931,49.1,54.73,-0.1125
South,Telangana,District_133,2000,804.1,10.11,227.48,222.62,149592,10.5,-10.85,1.8563
South,Kerala,District_107,2021,256.58,27.39,325.34,288.86,730918,147.74,125.3,0.1509
West,Maharashtra,District_17,2006,982.95,46.87,160.1,175.23,2673701,292.38,272.62,0.0674
North,Haryana,District_38,2023,533.07,6.16,246.62,228.14,2864570,322.37,350.08,-0.0857
West,Gujarat,District_22,2005,535.63,8.85,174,196.07,1875813,331.98,289.26,0.1283
East,Assam,District_12,2008,839.09,24.93,61.78,44.08,2787667,385.88,357.9,0.0723
North,Himachal Pradesh,District_51,2022,928.88,6.78,85.67,57.14,2100872,277.33,241.55,0.1285
North,Haryana,District_105,2005,965.47,18.33,249.52,202.98,100105,15.17,-10.63,1.5955
North,Uttar Pradesh,District_80,2008,1082.41,15.54,92.5,77.09,3492226,639.72,668.76,-0.0453
Central,Chhattisgarh,District_90,2003,453.39,41.38,111.72,104.85,886012,164.94,171.3,-0.0384
East,Odisha,District_120,2018,809.74,43.41,250.12,272.11,1611742,305.86,279.34,0.0864
East,Bihar,District_145,2014,78.06,24.37,279.69,271.39,1283780,90.34,65.42,0.2729
East,Bihar,District_30,2002,773.67,49.81,89.17,48.66,3182073,500.64,519.17,-0.0369
South,Tamil Nadu,District_23,2005,472.2,24.66,87.37,69.2,2599917,496.78,493.36,0.0069
East,Odisha,District_6,2005,856.62,18.94,241.66,210.08,696171,130.77,121.82,0.068
North,Uttar Pradesh,District_56,2020,1450.29,19.61,257.82,240.61,1923423,230.37,189.28,0.1776
South,Telangana,District_118,2002,396.21,18.99,237.79,239.57,1135077,50.85,80.25,-0.5671
South,Karnataka,District_79,2021,989.65,12.77,291.8,249.42,731387,157.37,183.67,-0.1661
West,Rajasthan,District_34,2009,967.39,35.98,65.49,44.07,259321,39.15,15.86,0.58
West,Maharashtra,District_98,2022,760.44,16.8,307.62,301.39,1452270,223.7,191.36,0.1439
South,Andhra Pradesh,District_46,2008,838.73,42.52,217.29,209.64,3143717,155.5,166.54,-0.0706
Central,Madhya Pradesh,District_145,2010,1129.95,42.38,335.82,332.66,927274,51.9,58.39,-0.1228
East,Jharkhand,District_58,2006,620.95,49.37,150.09,138.6,770209,137.67,128.83,0.0637
West,Gujarat,District_52,2005,378.41,31.08,278.47,300.37,2512523,286.31,263.04,0.081
South,Andhra Pradesh,District_67,2022,1463.46,21.86,247.69,257.08,752884,135.29,104.31,0.2273
East,Assam,District_68,2002,934.64,30.44,228.69,198.73,3499875,263.49,258.98,0.0171
North,Punjab,District_91,2018,623.51,4.72,210.52,175.03,352835,44.23,9.75,0.7624
South,Telangana,District_90,2020,1039.51,15.07,63.84,67.96,473248,65.24,66.87,-0.0246
North,Haryana,District_116,2020,1046.63,22.86,122.78,118.99,2990258,651.46,629.06,0.0343
South,Tamil Nadu,District_10,2018,1054.69,20.24,179.43,181.29,433632,83.47,67.27,0.1917
South,Kerala,District_40,2017,1427.45,40.95,246.91,213.13,167355,25.88,16.02,0.367
North,Uttarakhand,District_54,2022,1058.13,10.79,95.85,87,1150874,126.63,150.66,-0.1883
East,Jharkhand,District_89,2020,416.69,30.41,197.03,203.29,2698511,305.55,300.24,0.0173
South,Andhra Pradesh,District_54,2010,716.91,42.64,85.83,84.63,2218046,158.77,119.83,0.2437
North,Haryana,District_142,2023,727.06,25.32,192.93,195.05,1096917,140.5,169.67,-0.2061
West,Gujarat,District_24,2016,1092.7,34.44,308.12,281.58,3001555,237.93,260.21,-0.0933
West,Rajasthan,District_67,2006,581.41,5.6,183.73,196.16,1543924,87.5,75.48,0.1359
East,Assam,District_67,2001,1015.07,3.3,340.25,342.94,3419023,511.48,501.63,0.0192
East,West Bengal,District_133,2021,1046.91,42.77,229.67,259.16,2087816,376.65,392.09,-0.0409
South,Tamil Nadu,District_122,2004,868.48,35.52,308.1,261.37,2655150,118.95,139.45,-0.1709
East,Assam,District_83,2011,1161.73,25.55,191.39,158.39,1097142,126.12,116.76,0.0736
North,Uttarakhand,District_97,2021,870.26,47.72,204.95,214.7,448672,45.21,13.99,0.6755
North,Uttarakhand,District_9,2010,854.05,6.53,84.74,62.07,2459581,344.99,330.5,0.0419
East,West Bengal,District_92,2000,778.67,17.98,96.52,71.91,2085778,383.63,365.36,0.0475
South,Tamil Nadu,District_108,2015,1037.4,20.79,194.31,150.59,2544927,310.58,280.5,0.0965
East,Odisha,District_87,2020,631.36,22.55,310.52,340.51,1493181,169.25,169.95,-0.0041
East,West Bengal,District_48,2011,1153.74,46.19,179.57,138.46,2969681,130.75,88.31,0.3221
South,Andhra Pradesh,District_42,2014,733.63,2.88,303.93,257.03,2078236,254.88,219.86,0.1369
Central,Chhattisgarh,District_48,2000,844.5,16.78,174.6,148.44,2446535,403.8,364.29,0.0976
East,Assam,District_117,2018,619.08,12.24,302.95,277.11,3436635,161.73,152.99,0.0537
North,Uttarakhand,District_112,2023,691.43,18.46,246.99,258.54,1129521,124.36,126.69,-0.0186
South,Kerala,District_122,2007,807.4,34.26,86.17,99.73,1311063,122.77,121.35,0.0115
West,Gujarat,District_96,2019,1110.88,21.62,188.4,198.21,837830,178.14,195.53,-0.0971
East,Odisha,District_124,2021,851.59,34.08,324.74,298.92,1201282,112.35,87.53,0.2189
South,Kerala,District_77,2001,1050.57,48.22,248.68,250.6,891939,91.49,73.6,0.1934
South,Karnataka,District_130,2003,648.2,25.8,93.38,116.39,901040,197.84,211.11,-0.0667
East,Jharkhand,District_110,2008,721.3,31.81,158.45,129.82,229525,11.54,-7.82,1.5436
North,Uttarakhand,District_103,2018,840.43,28.35,92.26,93.1,2840758,283.13,241.78,0.1455
North,Uttar Pradesh,District_42,2016,827.92,49.71,272.74,261.31,91992,8.37,-18.23,2.8389
South,Tamil Nadu,District_77,2019,1406.48,35.74,321.16,301.71,222317,16.06,29.31,-0.7764
North,Haryana,District_51,2018,968.79,35.1,225.98,200.83,1807024,284.46,281.98,0.0087
Central,Madhya Pradesh,District_34,2021,1054.11,21.8,94.12,74.23,33894,6.86,36.45,-3.7645
East,Odisha,District_14,2002,692.46,23.79,203.68,213.21,3409069,438.18,428.86,0.0212
South,Andhra Pradesh,District_37,2011,785.59,18.77,277.47,235.09,2530110,376.89,401.03,-0.0639
East,Assam,District_102,2005,987.51,43.75,311.61,297.94,2700235,547.81,564.75,-0.0309
East,Assam,District_1,2021,1208.98,38.66,269.46,290.96,1481310,115.79,77.48,0.328
Central,Madhya Pradesh,District_52,2005,630.46,18.37,258.96,250.74,1852701,181.7,143.58,0.2086
South,Andhra Pradesh,District_79,2002,1174.84,10.99,234.83,192.78,1366397,239.41,256.88,-0.0727
South,Tamil Nadu,District_61,2006,954.6,37.6,103.22,103.47,705674,72.32,43.43,0.394
East,Jharkhand,District_24,2023,659.45,34.07,61.57,22.36,2624234,217.85,210.81,0.0322
South,Karnataka,District_40,2021,622.59,44.69,239.79,222.01,3455979,528.99,489.32,0.0749
Central,Chhattisgarh,District_96,2000,961.16,15.74,129.64,118.32,3435711,380.02,345.3,0.0911
North,Punjab,District_41,2011,1120.49,45.83,108.52,84.08,569268,122.92,127.82,-0.0395
East,West Bengal,District_121,2017,985.65,49.16,78.84,54.14,520276,109.65,124.51,-0.1343
South,Kerala,District_55,2015,1005.69,28.51,297.95,277.32,2827564,223.92,217.98,0.0264
South,Kerala,District_119,2022,1132.48,37.62,123.4,144.36,1988287,198.25,226.46,-0.1416
South,Karnataka,District_25,2012,698.6,17.71,259.72,269.49,3343114,457.51,414.8,0.0932
Central,Madhya Pradesh,District_82,2004,1218.81,5.68,157.68,157.16,600333,47.03,48.88,-0.0385
South,Kerala,District_84,2009,1139.73,8.26,259.66,244.08,1788652,342.22,350.69,-0.0247
East,Jharkhand,District_101,2017,1190.45,32.58,231.28,211.48,2863335,181.48,141.56,0.2188
East,Bihar,District_89,2015,658.61,33.97,82.68,62.47,76581,3.56,3.65,-0.0195
North,Uttarakhand,District_7,2007,581.06,42.06,325.57,336.65,742899,76.07,60.99,0.1956
North,Himachal Pradesh,District_46,2007,713.09,47.49,157.99,152.34,2390752,193.74,223.07,-0.1506
South,Telangana,District_93,2010,858.94,39.49,305.67,274.2,802309,53.3,80.96,-0.5094
North,Haryana,District_1,2019,375.63,40.16,272.25,287.41,784587,53.04,66.08,-0.2413
North,Himachal Pradesh,District_102,2002,1219.43,15.71,95.87,102.85,369489,18.87,-15.15,1.7122
South,Karnataka,District_36,2015,813.94,9.88,343.8,330.13,412493,17.04,-22.13,2.1715
West,Rajasthan,District_12,2006,1114.64,5.17,332.2,359.95,2040175,328.73,317.37,0.0344
South,Andhra Pradesh,District_112,2002,780.33,22.63,121.85,82.77,432294,70.37,79.49,-0.1277
East,Odisha,District_99,2020,1124.85,4.64,253.1,244.24,1060401,148.34,140.13,0.055
South,Tamil Nadu,District_109,2004,1284,6.57,240.38,253.44,222459,29.9,36.9,-0.2266
South,Andhra Pradesh,District_80,2012,561.82,21.49,66.21,43.19,2331323,300.91,307.25,-0.021
North,Punjab,District_9,2008,700.5,44.12,181.97,157.62,1588033,296.18,308.15,-0.0403
East,Jharkhand,District_46,2005,634.72,16.83,73.12,70.35,176971,19.27,1.22,0.8905
South,Kerala,District_133,2003,875.87,49.68,267.8,254.05,3478123,618.57,580.59,0.0613
East,Assam,District_22,2011,655.17,38.98,275.71,238.24,3238360,250.68,266.89,-0.0644
East,West Bengal,District_104,2000,491.33,35.4,218.12,246.7,1893198,140.08,108.21,0.2259
South,Tamil Nadu,District_82,2004,927.38,19.04,158.2,187.25,1837307,393.52,353.78,0.1007
North,Uttarakhand,District_130,2012,268.16,35.89,152.42,176.95,251106,43.28,0.45,0.9673
East,Assam,District_3,2015,697.79,7.07,141.18,150.92,3122811,352.93,376.86,-0.0676
South,Kerala,District_109,2001,525.55,8.91,208.02,199.47,740187,56.79,49.75,0.1218
South,Andhra Pradesh,District_109,2008,1174.05,23.98,229.73,197.98,1739403,87.38,52.51,0.3946
East,West Bengal,District_116,2016,833.23,27.26,141.5,170.32,3123172,197.65,213.9,-0.0818
South,Telangana,District_122,2022,1116.71,25.07,311.44,273.87,979933,195.99,153.4,0.2162
East,Odisha,District_137,2011,703.37,25.32,296.82,281.02,3274524,217.11,231.41,-0.0656
East,West Bengal,District_46,2013,1002.54,21.23,332.56,353.46,404999,55.02,11.74,0.7727
Central,Chhattisgarh,District_99,2021,1239.71,10.28,95.3,62.61,1553497,98.67,102.74,-0.0409
East,Bihar,District_39,2000,569.02,44.93,98.48,100.53,718505,134.64,143.2,-0.0631
East,Odisha,District_67,2006,765.04,24.07,227.13,231.07,822709,40.86,5.94,0.8342
North,Haryana,District_117,2013,743.32,12.55,229.39,209.42,1740623,273.22,235.91,0.1361
West,Maharashtra,District_119,2009,835.17,32.27,255.79,244.07,457297,44.93,63.77,-0.4102
West,Maharashtra,District_32,2015,894.66,33.9,131.1,124.6,1783619,371.8,366.81,0.0134
East,Assam,District_94,2001,1141.78,45.72,162.85,145.49,441059,22.05,49.06,-1.1722
North,Himachal Pradesh,District_95,2008,831.3,26.8,144.46,127.91,2860568,460.29,441.9,0.0399
East,Jharkhand,District_87,2021,800.25,32.56,89.32,75.49,1530717,120.81,121.43,-0.0051
South,Andhra Pradesh,District_7,2017,1028.84,41.71,103.04,98.28,512706,80.35,39.83,0.4982
West,Gujarat,District_46,2009,642.43,31.59,223.46,196.05,1568839,79.75,85.56,-0.072
South,Telangana,District_107,2000,732.83,21.13,300.42,296.67,649097,138.07,126.45,0.0836
East,Assam,District_84,2009,847.5,12.96,99.29,72.31,2761119,284.84,263.26,0.0755
West,Maharashtra,District_29,2011,576.41,24.25,278.11,276.25,2045476,390.5,361.73,0.0735
West,Maharashtra,District_137,2023,912.6,28.57,145.85,169.7,203928,26.08,-0.85,0.9946
South,Kerala,District_64,2005,938.14,21.77,345.81,344,289143,16.72,1.24,0.8735
East,Bihar,District_137,2003,152.1,5.24,245.37,240.87,3228807,297.54,311.75,-0.0476
Central,Madhya Pradesh,District_38,2020,1727.87,40.47,334.41,345.82,3406775,489.94,463.12,0.0546
North,Punjab,District_111,2008,1083.38,20.09,160.07,123.59,1289947,62.04,76.23,-0.2251
South,Telangana,District_118,2022,1024.93,26.31,107.49,66.34,1509951,248.48,260.13,-0.0467
North,Himachal Pradesh,District_63,2023,855.49,33.9,160.12,125.54,1897754,243.84,270.08,-0.1072
North,Haryana,District_146,2014,1049.12,26.18,133.24,125.12,1799022,353.43,332.1,0.0602
West,Maharashtra,District_20,2010,1030.09,6.37,261.76,259.04,1586898,279.35,303.67,-0.0868
South,Telangana,District_10,2004,545.95,9.38,83.68,88.17,443388,70.02,92.06,-0.3104
North,Himachal Pradesh,District_26,2012,953.26,28.55,189.82,142.38,1148881,153.52,154.2,-0.0044
North,Haryana,District_21,2010,930.89,38.2,153.72,173.49,689469,91.44,98.93,-0.081
South,Andhra Pradesh,District_109,2012,1100.32,2.33,98.84,119.26,1534322,125.4,151.66,-0.2078
North,Uttar Pradesh,District_48,2023,970.55,11.02,169.86,167.89,3048177,210.23,211.63,-0.0066
West,Gujarat,District_21,2013,377.54,19.82,82.65,96.81,2316162,323.73,302.31,0.0659
East,West Bengal,District_50,2018,812.57,17.98,184.48,167.85,2837585,425.71,390.8,0.0818
West,Gujarat,District_78,2019,739.89,8.57,105.26,57.75,1622401,119.51,118.15,0.0113
North,Haryana,District_139,2007,1138.07,42.78,60.03,16.02,3254461,465.97,450.02,0.0342
West,Maharashtra,District_96,2018,434.77,30.29,267.92,268.25,276199,54.28,27.67,0.4813
North,Punjab,District_56,2013,829.1,14.81,293.48,253.3,1112630,64.61,20.79,0.6679
West,Gujarat,District_48,2008,961.39,7.31,322.57,324.57,3282775,444.5,421.48,0.0517
North,Haryana,District_12,2019,731.49,17.52,70.7,82.3,3058946,330.63,340.57,-0.03
South,Kerala,District_47,2021,1254.82,37.46,159.75,159.14,1878361,140.8,163.1,-0.1572
South,Andhra Pradesh,District_70,2000,880.18,13.64,95.97,97.81,297536,32.63,36.25,-0.1077
East,Jharkhand,District_54,2000,919.86,35.72,114.27,91.93,537839,66.24,61.02,0.0776
East,Jharkhand,District_34,2008,1084.17,14.96,155.19,117.44,2526088,496.22,503.32,-0.0143
West,Gujarat,District_119,2019,1104.33,6.95,327.4,291.77,2514476,255.99,262.1,-0.0238
East,Odisha,District_25,2007,357.26,46.61,275.33,294.62,1816920,74.39,92.56,-0.241
South,Karnataka,District_5,2022,1426.28,9.81,189.93,218.91,918007,184.76,170.01,0.0794
East,Odisha,District_57,2002,693.41,23.15,107.06,120.86,1467002,235.02,226.86,0.0346
North,Himachal Pradesh,District_74,2023,801.9,7.57,112.81,123.13,3145737,176.98,193.86,-0.0949
North,Himachal Pradesh,District_118,2018,1414.57,27.67,160.94,189.43,1368652,166.15,177.6,-0.0685
East,Jharkhand,District_85,2017,860.42,44.49,114.63,99.14,3229762,319.96,339.76,-0.0617
South,Kerala,District_122,2017,568.89,25.12,300.26,262.28,3065939,603.77,595.18,0.0142
North,Uttar Pradesh,District_88,2010,1599.52,31.25,286.62,250.78,514788,88.55,59.76,0.3215
East,Odisha,District_89,2014,908.28,35.62,266.97,293.66,2731169,549.21,528.1,0.0384
Central,Madhya Pradesh,District_119,2023,1076.36,48.24,151.11,152.76,601264,113.03,83.69,0.2573
North,Punjab,District_54,2017,876.54,49.19,194.91,165.97,1196787,261.95,234.14,0.1058
South,Tamil Nadu,District_100,2008,1094.79,45.59,296.22,281.13,3166797,250,219.61,0.1211
South,Kerala,District_9,2021,935.3,19.31,143.4,146.45,3134196,561.54,537.9,0.042
North,Uttarakhand,District_21,2020,1389.67,19.91,145.66,106.67,2504238,373.98,360.14,0.0369
North,Punjab,District_144,2011,1019.41,27.23,112.62,120.17,3238662,695.37,690.32,0.0072
East,Bihar,District_54,2023,1036.56,44.61,213.11,240.84,2758451,231.04,213.31,0.0764
North,Haryana,District_95,2009,720.83,26.91,163.16,141.28,1925869,222.6,180.64,0.1877
South,Andhra Pradesh,District_81,2014,1206.1,17.2,92.1,71.89,83335,9.97,9.28,0.0632
East,Assam,District_8,2004,516.24,44.58,236.93,202.7,1168451,101.28,102.93,-0.0161
North,Himachal Pradesh,District_150,2005,1205.47,18.72,244.19,257.12,2663315,200.11,197.57,0.0126
North,Himachal Pradesh,District_91,2018,851.59,25.18,205.91,159.51,2785982,179.54,155.49,0.1332
East,Jharkhand,District_107,2000,1211.83,46.9,271.18,277.05,2102253,166.87,178.86,-0.0714
South,Andhra Pradesh,District_143,2023,1211.71,3.86,169.97,151.13,3071344,589.29,577.79,0.0195
North,Punjab,District_61,2012,635.82,37.79,159.59,117.36,1285759,59.52,26.66,0.5429
Central,Chhattisgarh,District_34,2012,1201.65,30.01,73.91,54.68,227694,15.02,22.22,-0.4496
North,Himachal Pradesh,District_32,2003,1712.61,22.6,252.3,248.09,186578,29.44,-4.67,1.1206
South,Kerala,District_56,2006,561.54,33.05,314.12,309.46,2454464,259.65,276.71,-0.0655
East,West Bengal,District_147,2009,235.5,10.56,190.47,186.72,2189552,399.97,368.61,0.0782
South,Tamil Nadu,District_41,2023,766.88,20.53,134.69,116.83,555526,34.01,60.12,-0.746
South,Kerala,District_141,2013,1534.24,21.37,291.39,266.46,2114640,263.5,266.42,-0.011
South,Telangana,District_56,2013,1066.53,48.79,62.18,17.51,19726,1.87,-9.56,3.9858
North,Himachal Pradesh,District_72,2010,587.9,9.31,152.91,133.67,1117953,157.02,147.07,0.063
South,Telangana,District_28,2021,676.62,3.69,303.63,330.04,1410995,193.25,210.62,-0.0894
East,Odisha,District_129,2017,940.75,16.64,138.14,158.7,2002107,205.24,228.95,-0.1149
Central,Chhattisgarh,District_101,2007,896.02,47.77,239.11,242.22,412457,57.94,80.66,-0.3854
South,Kerala,District_127,2014,1260.72,27.81,312.9,278.76,793095,61.86,30.65,0.4965
South,Andhra Pradesh,District_116,2005,982.47,39.21,102.98,127.02,511387,30.55,19.41,0.353
South,Tamil Nadu,District_103,2009,501.2,30.39,205.8,195.06,1410748,208.12,238.06,-0.1432
North,Uttar Pradesh,District_137,2010,946.3,14.4,329.9,336.69,2229156,179.48,151.95,0.1525
East,Assam,District_45,2021,1166.12,30.5,221.38,187.29,2866953,550.51,576.81,-0.0477
East,West Bengal,District_99,2018,979.18,25.77,295.68,257.81,319938,57.84,45.54,0.2089
East,Jharkhand,District_108,2013,763.08,47.01,292.45,320.62,1045436,185.22,210.74,-0.1371
West,Rajasthan,District_8,2019,805.02,16.34,240.92,228.93,3094431,529.26,558.07,-0.0543
South,Karnataka,District_36,2019,680.62,9.56,199.51,206.81,547219,56.54,29.81,0.4645
North,Himachal Pradesh,District_129,2002,649.96,32.78,331.76,288,1675640,297.02,302.18,-0.0173
North,Himachal Pradesh,District_147,2023,708.14,49.46,109.63,139.5,440114,74.66,74.2,0.0061
East,Jharkhand,District_6,2010,1276.77,8.85,193.23,146.18,958539,39.46,56.95,-0.432
North,Himachal Pradesh,District_64,2005,927.24,34.88,263.77,230.29,2737397,566.19,582.59,-0.0289
North,Uttarakhand,District_121,2021,655.62,48.55,145.15,124.5,1540943,286.3,299.82,-0.0471
East,Bihar,District_95,2000,901.31,36.87,161.4,131.49,771638,54.72,77.92,-0.4165
North,Himachal Pradesh,District_100,2017,820.43,36.11,171.86,128.84,942707,122.94,112.81,0.0818
North,Haryana,District_50,2005,1015.01,7.08,127,97.32,938598,86.67,109.38,-0.259
East,Assam,District_95,2023,362.91,16.18,184.15,137.03,3117079,203.18,220.78,-0.0862
South,Karnataka,District_45,2015,752.48,18.12,289.49,277.45,2187012,425.01,380.87,0.1036
West,Rajasthan,District_83,2004,502.38,18.48,264.47,241.87,558547,50.96,14.86,0.6947
South,Andhra Pradesh,District_17,2000,1124.77,6.73,249.21,204.23,88135,9.9,35.73,-2.3691
West,Rajasthan,District_148,2014,854.98,35,280.49,242.12,2927769,211.56,233.23,-0.1019
East,Assam,District_63,2021,1495.14,4.45,61.3,20.73,93105,18.45,46.17,-1.4253
North,Himachal Pradesh,District_114,2007,1155.38,43.84,262.34,278.68,1261961,192.23,165.02,0.1408
South,Tamil Nadu,District_119,2016,783.7,8.87,167.82,141.37,1490745,114.44,133.08,-0.1615
East,West Bengal,District_85,2005,926.71,49.7,156.82,174.02,2574514,330.15,329.73,0.0013
South,Karnataka,District_119,2023,1164.51,36.72,144.56,123.68,2753214,270.61,227.33,0.1594
East,Bihar,District_2,2023,1133.38,5.78,270.2,247.36,1154268,53.99,78.62,-0.4479
West,Maharashtra,District_105,2016,727.52,40.5,75.62,32.99,3117499,147.32,166.88,-0.1319
North,Punjab,District_99,2002,816.41,26.63,345.7,305.57,1584275,153.37,161.1,-0.0501
East,Jharkhand,District_67,2022,366.38,46.85,170.96,183.38,1977947,104.06,98.35,0.0544
Central,Chhattisgarh,District_31,2022,986.48,46.14,201.42,226.33,3126254,477.22,494.12,-0.0353
North,Himachal Pradesh,District_137,2022,646.06,25.44,249.9,236.41,548286,62.06,47.98,0.2233
North,Uttar Pradesh,District_113,2015,1202.99,11.87,236.81,212.9,3033415,571.44,536.85,0.0604
West,Maharashtra,District_75,2012,942.49,30.51,63.61,66.23,770002,52.49,8.58,0.8209
West,Maharashtra,District_94,2012,720.28,45.52,339.23,301.01,3090633,525.38,513.79,0.022
North,Haryana,District_113,2013,981.7,40.89,278.36,288.67,1657674,306.69,316.19,-0.0309
East,West Bengal,District_27,2004,632.94,19.34,83.35,85.23,2284121,172.29,188.7,-0.0947
West,Gujarat,District_149,2003,461.45,42.74,292.77,314.69,2526231,218.39,174.08,0.202
South,Tamil Nadu,District_94,2013,1043.38,40.91,137.7,89.16,1855438,220.47,207.75,0.0574
East,Odisha,District_37,2007,1145.59,47.11,241.12,226.1,2704965,383.99,408.07,-0.0625
North,Punjab,District_54,2008,630.28,48.63,331.57,286.82,1610031,350.01,378.7,-0.0817
East,West Bengal,District_85,2020,538.41,43.27,217.6,236.31,1319581,217.9,234.35,-0.0751
East,Bihar,District_118,2022,1187.04,46.78,213.42,221.32,2328577,335.74,290.8,0.1335
North,Punjab,District_63,2008,797.71,34.58,276.14,265,2712872,385.39,364.22,0.0548
East,Odisha,District_76,2022,976.92,43.27,168.7,119.27,3383059,393.52,372.72,0.0527
East,Assam,District_85,2014,619.81,40.2,223.67,190,2656682,429.62,426.75,0.0067
West,Gujarat,District_146,2008,915.64,4.21,243.88,267.01,550890,46.57,13.72,0.6905
North,Himachal Pradesh,District_10,2004,774.62,7.29,308.7,330.04,1802442,79.27,62.13,0.2135
Central,Madhya Pradesh,District_134,2009,762.65,24.23,263.48,230.75,1596815,111.73,121.78,-0.0892
North,Uttar Pradesh,District_57,2011,828.89,30.34,142.37,104.69,3320431,191.73,200.3,-0.0444
North,Uttarakhand,District_93,2022,611.04,8.74,99.84,123.88,2158934,239.56,200.81,0.1611
South,Andhra Pradesh,District_79,2022,811.05,2.71,117.87,122.42,654234,46.54,50.37,-0.0805
South,Tamil Nadu,District_146,2020,930.75,47.55,82.64,55.83,545053,57.37,29.61,0.4756
South,Andhra Pradesh,District_122,2022,663.37,45.45,79.19,66.98,129358,5.7,-22.12,4.1548
East,Assam,District_76,2004,370.28,32.78,262.91,255.13,1760778,97.31,86.69,0.108
Central,Madhya Pradesh,District_38,2019,1151.87,27.63,202.89,155.33,1073016,126.48,110.77,0.1232
South,Andhra Pradesh,District_99,2008,1175.86,7.69,242.87,201.44,3492528,223.31,199.66,0.1054
South,Karnataka,District_8,2006,891.31,37.2,342.86,329.06,3448421,521.88,509.34,0.024
North,Uttarakhand,District_78,2004,1011.23,40.31,152.92,126.25,130933,14.43,-14.9,1.901
North,Uttarakhand,District_4,2008,668.82,46.87,67.52,80.13,2157424,422.01,392.96,0.0687
South,Telangana,District_131,2023,630.89,42.93,273.11,251.63,2295376,308.46,296.31,0.0393
North,Haryana,District_104,2015,1195.64,13.8,281.72,304.7,494735,24.55,16.77,0.3044
North,Himachal Pradesh,District_44,2011,1516.62,10.73,106.73,105.99,1986539,203.42,158.85,0.218
Central,Madhya Pradesh,District_129,2010,1265.62,44.64,245,229.73,562102,72.72,42.15,0.4147
North,Haryana,District_96,2012,489.85,4.42,316.69,299.78,1047554,63.96,24.72,0.6041
North,Punjab,District_44,2016,848.29,16.9,135.89,146.32,780755,134.95,158.85,-0.1758
North,Punjab,District_45,2015,1044.72,26.76,239.11,245.48,2759696,368.85,385.16,-0.0441
South,Kerala,District_4,2021,928.81,20.01,115.84,143.38,847504,99.09,71.48,0.2758
East,Bihar,District_88,2007,628.79,47.84,318.48,328.1,1028584,205.64,175.11,0.1477
South,Andhra Pradesh,District_53,2007,761.23,23.36,239.69,201.64,2238626,235.15,231.57,0.0152
Central,Madhya Pradesh,District_72,2019,782.61,15.98,282.25,279.48,1333638,290.2,284.56,0.0194
East,West Bengal,District_51,2011,480.79,26.68,134.05,147.86,1439333,78.46,52.02,0.3327
North,Punjab,District_118,2018,948.77,43.74,346.14,349.36,467691,22.34,-14.1,1.561
North,Uttar Pradesh,District_135,2007,1020.61,40.53,158.64,135.2,1792127,151.45,123.01,0.1866
West,Rajasthan,District_94,2021,780.43,34.47,93.65,58.82,3313674,247.04,224.35,0.0915
West,Maharashtra,District_103,2020,1044.99,35.51,245.47,213.36,654234,120.89,99.29,0.1771
East,West Bengal,District_85,2016,1439.79,15.17,104.39,83.83,1915667,125.7,142.59,-0.1333
East,Bihar,District_70,2017,905.43,28.03,205.02,209.74,345093,70.11,67.26,0.04
Central,Chhattisgarh,District_138,2002,816.51,19.3,184.71,188.81,2609925,264.31,224.35,0.1506
West,Maharashtra,District_115,2018,1389.77,19.8,220.88,248.59,2324945,194.51,185.79,0.0446
North,Haryana,District_64,2007,812.25,27.24,278.42,265.23,63787,11.17,-22.04,2.7285
West,Gujarat,District_47,2022,871.67,41.98,269.12,234.64,2110339,382.21,397.99,-0.0412
South,Karnataka,District_59,2022,863,3.75,262.47,280.88,2187260,219.51,191.68,0.1262
East,Assam,District_46,2001,935.18,3.54,204.41,165.5,2410642,166.67,140.17,0.1581
North,Himachal Pradesh,District_69,2017,848.72,40.4,336.02,322.07,3002030,592.89,567.65,0.0425
West,Gujarat,District_24,2023,738.19,25.85,230.78,198.21,1720643,267.97,268.26,-0.0011
West,Rajasthan,District_17,2004,641.83,31.12,219.99,214.89,1531196,265.51,290.75,-0.0947
North,Haryana,District_78,2001,1233.91,4.17,84.17,108.04,1969390,195.9,207.73,-0.0601
West,Rajasthan,District_59,2007,575.53,11.39,230.77,220.02,1982457,87.01,50.39,0.4161
North,Uttarakhand,District_149,2015,1036.53,47.55,165.06,136.31,1177684,160.84,129.91,0.1911
East,Assam,District_26,2017,637.64,24.29,71.56,30.02,710752,155.87,159.82,-0.0251
West,Maharashtra,District_82,2020,784.76,26.66,85.51,87.3,1555574,318.69,318.88,-0.0006
East,Bihar,District_51,2015,677.74,29.1,244.46,268.8,1853944,292.5,300.75,-0.0281
East,West Bengal,District_114,2002,928.25,12.43,137.3,153.66,252819,38.29,17.83,0.5207
North,Punjab,District_51,2003,1595.15,9.97,238.46,189.9,802484,52.47,53.65,-0.0222
Central,Chhattisgarh,District_56,2019,979.35,49.95,293.53,262.16,140210,5.69,18.74,-1.9499
North,Punjab,District_77,2018,799.01,39.91,91.11,97.42,37642,4.62,19.9,-2.7222
North,Uttar Pradesh,District_149,2013,589.84,37.3,117.72,98.38,1349127,181.47,160.98,0.1123
East,West Bengal,District_114,2020,764.74,34.29,85.48,51.28,211557,39.74,15.02,0.6068
West,Rajasthan,District_117,2000,1192.73,41.79,214.23,238.76,2448800,295.63,251.01,0.1504
West,Gujarat,District_105,2019,931.55,4.23,97,91.54,1457433,236.5,258.3,-0.0918
West,Gujarat,District_127,2020,1038.29,21.59,281.23,301.23,516434,36.54,30.83,0.1521
South,Tamil Nadu,District_85,2016,573.4,23.44,278.2,277.21,935423,43.65,66.53,-0.5124
North,Punjab,District_132,2009,1198.32,14.49,69.84,43.15,3321673,215.48,216.55,-0.0049
South,Andhra Pradesh,District_68,2017,962.98,9.62,90.84,68.99,3191564,466.47,460.58,0.0126
South,Karnataka,District_88,2008,837.68,6.62,258.17,267.26,2118101,226.33,232.5,-0.0272
Central,Chhattisgarh,District_129,2009,905.46,34.22,156.71,140.91,2707871,108.51,79.07,0.2688
East,Assam,District_29,2005,1085.44,16.29,329.71,301.37,142277,11.21,21.52,-0.8449
North,Punjab,District_2,2010,392.33,29.67,219.01,227.1,3034007,623.59,624.33,-0.0012
North,Haryana,District_121,2015,1218.04,42,245.01,203.92,1334772,278.06,281.88,-0.0137
South,Tamil Nadu,District_46,2002,938.66,21.06,129.75,92.8,3154003,591.58,606.98,-0.026
East,Jharkhand,District_78,2003,1311.24,41.82,253.3,259.34,3369167,323.8,282.09,0.1284
East,Assam,District_88,2020,970.22,30.26,133.17,84.51,1985810,311,286.71,0.0779
Central,Chhattisgarh,District_47,2006,1212.14,13.51,195.09,200.22,2518666,529.95,532.41,-0.0046
East,West Bengal,District_60,2006,224.7,3.9,323.45,340.61,241405,18.58,-25.36,2.2441
South,Andhra Pradesh,District_129,2009,1048.08,28.63,225.16,197.76,1841825,301.46,262.22,0.1297
East,Odisha,District_136,2015,443.06,37.23,338.78,332.89,1478853,129.36,85.44,0.3369
East,West Bengal,District_77,2019,855.53,16.29,172.09,128.67,167711,34.39,32.64,0.0495
West,Rajasthan,District_147,2021,760.08,43.03,211.31,216.4,577873,32.97,45.97,-0.3828
Central,Madhya Pradesh,District_83,2005,806.97,35.36,174.59,183.62,2131219,358.51,314.49,0.1225
West,Rajasthan,District_102,2005,1064.46,20.1,194.17,211.04,2650904,365.69,382.06,-0.0446
South,Tamil Nadu,District_41,2010,1152.22,22.04,60.41,86.09,1061101,53.93,70.88,-0.3087
North,Haryana,District_122,2020,702.4,36.94,199.31,190.71,2428100,155.74,176.38,-0.1317
North,Himachal Pradesh,District_107,2023,652.63,19.41,205.71,181.12,2095222,124.93,108.65,0.1292
West,Gujarat,District_59,2008,600,4.15,183.49,173.22,1643211,275.38,235.68,0.1437
North,Punjab,District_78,2011,1162.72,38.04,153.08,122.53,1479910,60.67,79.26,-0.3014
Central,Madhya Pradesh,District_79,2010,1105.9,42.5,89.4,116.71,953671,175.74,144.68,0.1758
South,Telangana,District_81,2014,1117.22,10.95,86.98,71.02,1943761,309.69,296.58,0.0422
South,Andhra Pradesh,District_109,2018,633.8,49.34,117.43,133.6,2861587,565.31,537.65,0.0489
South,Kerala,District_107,2000,807.36,16.58,130.32,100.93,1401453,158.04,187.82,-0.1872
South,Kerala,District_15,2013,998.07,40.76,108.84,77,726314,81.21,89.98,-0.1066
South,Telangana,District_36,2014,683.78,29.19,171.12,197.4,3297255,354.08,372.36,-0.0515
West,Gujarat,District_5,2022,836.15,9.96,345.78,317.75,2660682,229.68,258.26,-0.1239
West,Rajasthan,District_54,2021,982.88,7.13,278.8,296.54,500307,105.89,111.31,-0.0508
West,Gujarat,District_76,2011,930.92,9.17,291.09,258.2,2211608,182.03,138.67,0.2369
North,Uttar Pradesh,District_83,2013,1103.65,5.75,191.59,163.7,1063739,223.84,216.38,0.0332
South,Kerala,District_84,2017,858.77,18.21,247.53,204.23,65842,12.99,-7.71,1.4795
Central,Chhattisgarh,District_52,2006,1417.01,38.01,331.83,305.48,2149379,230.28,193.42,0.1594
North,Himachal Pradesh,District_129,2014,630.94,40.04,82.38,56.42,2865330,373.99,377.23,-0.0086
West,Gujarat,District_28,2002,1225.72,11.38,332.44,298.88,437655,84.87,114.65,-0.3467
South,Karnataka,District_42,2010,901.97,42.49,211.12,167.35,2204130,119.13,81.32,0.3147
North,Punjab,District_121,2001,938.83,10.96,297.34,283.45,3408908,349.56,341.56,0.0228
South,Kerala,District_125,2007,1082.91,35.71,339.34,357.82,925219,86.41,100.96,-0.1665
West,Gujarat,District_97,2001,581.88,29.26,238.7,235.31,1542303,207.99,215.84,-0.0375
East,West Bengal,District_15,2020,1196.71,24.65,325.32,294.87,2172929,124.87,83.81,0.3262
East,Odisha,District_71,2017,398.28,23.44,122.81,144.8,620498,124.86,136.81,-0.095
South,Telangana,District_113,2009,632.37,38.64,215.27,213.91,2794897,111.84,72.77,0.3462
East,West Bengal,District_121,2004,1290.72,10.06,296.94,314.03,3409692,211.82,227.69,-0.0746
East,Bihar,District_84,2023,568.04,41.24,69.72,41.36,262838,38.51,10.5,0.709
East,Jharkhand,District_39,2004,708.48,15.88,262.89,272.5,3422774,587.5,582.94,0.0077
North,Uttarakhand,District_77,2018,730.61,8.05,187.41,204.4,748520,156.24,171.73,-0.0985
West,Rajasthan,District_144,2002,681.25,34.48,148.94,109.95,1854952,270.45,243.94,0.0977
East,Assam,District_63,2010,1204.24,17.81,201.62,157.32,1757636,193.79,152.58,0.2115
North,Uttarakhand,District_140,2021,941.24,26.03,116.54,75.95,1489403,158.86,164.92,-0.0379
West,Gujarat,District_143,2016,994.41,48,94.25,53.04,1646870,153.78,138.99,0.0955
South,Andhra Pradesh,District_6,2004,800.49,45.91,130.83,105.34,1568867,164.7,150.54,0.0855
East,Bihar,District_81,2011,1199.76,39.92,126.94,140.47,972356,205.78,180.63,0.1216
East,Assam,District_55,2005,642.53,5.55,292.61,277.88,404219,72.89,72.19,0.0096
East,Odisha,District_120,2007,1125.25,8.94,290.56,284.26,3246348,418.3,446.38,-0.067
East,Assam,District_93,2010,1139.71,48.81,324.86,351.46,3495973,657.51,622.43,0.0533
West,Rajasthan,District_67,2008,732.33,45.91,201.57,214.67,2232393,158.96,159.44,-0.003
North,Himachal Pradesh,District_6,2004,480.23,49.93,81.35,59.92,2636987,316.61,313.36,0.0102
East,West Bengal,District_106,2013,675.39,2.41,253.66,240.6,1844151,120.26,126.57,-0.052
South,Kerala,District_125,2001,599.27,19.9,179.23,152.43,2003344,251.48,262,-0.0416
North,Haryana,District_16,2016,436.13,4.5,141.05,133.52,1865511,245.85,258.24,-0.0502
South,Telangana,District_5,2018,886.46,2.97,189.79,140.9,373485,36.62,4.2,0.8618
East,Jharkhand,District_9,2016,915.65,10.4,286.01,258.71,17925,2.12,4.61,-0.8
East,Odisha,District_138,2015,834.07,30.89,320.48,283.83,2233090,145.14,111.5,0.2302
South,Andhra Pradesh,District_148,2010,708.3,47.09,76.18,50.08,2157058,349.43,353.28,-0.011
